2025-07-25 00:36:38.515032: I tensorflow/core/util/port.cc:113] oneDNN custom operations are on. You may see slightly different numerical results due to floating-point round-off errors from different computation orders. To turn them off, set the environment variable `TF_ENABLE_ONEDNN_OPTS=0`.
2025-07-25 00:36:38.555103: E external/local_xla/xla/stream_executor/cuda/cuda_dnn.cc:9261] Unable to register cuDNN factory: Attempting to register factory for plugin cuDNN when one has already been registered
2025-07-25 00:36:38.555144: E external/local_xla/xla/stream_executor/cuda/cuda_fft.cc:607] Unable to register cuFFT factory: Attempting to register factory for plugin cuFFT when one has already been registered
2025-07-25 00:36:38.556481: E external/local_xla/xla/stream_executor/cuda/cuda_blas.cc:1515] Unable to register cuBLAS factory: Attempting to register factory for plugin cuBLAS when one has already been registered
2025-07-25 00:36:38.563467: I tensorflow/core/platform/cpu_feature_guard.cc:182] This TensorFlow binary is optimized to use available CPU instructions in performance-critical operations.
To enable the following instructions: AVX2 AVX512F AVX512_VNNI AVX512_BF16 AVX_VNNI AMX_TILE AMX_INT8 AMX_BF16 FMA, in other operations, rebuild TensorFlow with the appropriate compiler flags.
2025-07-25 00:36:46.718221: W tensorflow/compiler/tf2tensorrt/utils/py_utils.cc:38] TF-TRT Warning: Could not find TensorRT
[2025-07-25 00:37:02,717] [INFO] [real_accelerator.py:254:get_accelerator] Setting ds_accelerator to cuda (auto detect)
Warning: The cache directory for DeepSpeed Triton autotune, /home/aiqihang.aqh/.triton/autotune, appears to be on an NFS system. While this is generally acceptable, if you experience slowdowns or hanging when DeepSpeed exits, it is recommended to set the TRITON_CACHE_DIR environment variable to a non-NFS path.
[2025-07-25 00:37:08,460] [INFO] [logging.py:107:log_dist] [Rank -1] [TorchCheckpointEngine] Initialized with serialization = False
Using device: cuda
Using a slow image processor as `use_fast` is unset and a slow processor was saved with this model. `use_fast=True` will be the default behavior in v4.52, even if the model was saved with a slow processor. This will result in minor differences in outputs. You'll still be able to use a slow processor with `use_fast=False`.
You are using a model of type qwen2_vl to instantiate a model of type qwen2_5_vl. This is not supported for all configurations of models and can yield errors.
You are attempting to use Flash Attention 2.0 with a model not initialized on GPU. Make sure to move the model to GPU after initializing it on CPU with `model.to('cuda')`.
Loading checkpoint shards:   0%|          | 0/2 [00:00<?, ?it/s]Loading checkpoint shards:   0%|          | 0/2 [00:00<?, ?it/s]
Traceback (most recent call last):
  File "/home/aiqihang.aqh/Appagent/eval_emulator.py", line 547, in <module>
    main(args)
  File "/home/aiqihang.aqh/Appagent/eval_emulator.py", line 437, in main
    model = Qwen2_5_VLForConditionalGeneration.from_pretrained(
            ^^^^^^^^^^^^^^^^^^^^^^^^^^^^^^^^^^^^^^^^^^^^^^^^^^^
  File "/home/aiqihang.aqh/.conda/envs/r1-v/lib/python3.11/site-packages/transformers/modeling_utils.py", line 279, in _wrapper
    return func(*args, **kwargs)
           ^^^^^^^^^^^^^^^^^^^^^
  File "/home/aiqihang.aqh/.conda/envs/r1-v/lib/python3.11/site-packages/transformers/modeling_utils.py", line 4400, in from_pretrained
    ) = cls._load_pretrained_model(
        ^^^^^^^^^^^^^^^^^^^^^^^^^^^
  File "/home/aiqihang.aqh/.conda/envs/r1-v/lib/python3.11/site-packages/transformers/modeling_utils.py", line 4829, in _load_pretrained_model
    disk_offload_index, cpu_offload_index = _load_state_dict_into_meta_model(
                                            ^^^^^^^^^^^^^^^^^^^^^^^^^^^^^^^^^
  File "/home/aiqihang.aqh/.conda/envs/r1-v/lib/python3.11/site-packages/torch/utils/_contextlib.py", line 116, in decorate_context
    return func(*args, **kwargs)
           ^^^^^^^^^^^^^^^^^^^^^
  File "/home/aiqihang.aqh/.conda/envs/r1-v/lib/python3.11/site-packages/transformers/modeling_utils.py", line 824, in _load_state_dict_into_meta_model
    _load_parameter_into_model(model, param_name, param.to(param_device))
  File "/home/aiqihang.aqh/.conda/envs/r1-v/lib/python3.11/site-packages/transformers/modeling_utils.py", line 712, in _load_parameter_into_model
    module.load_state_dict({param_type: tensor}, strict=False, assign=True)
  File "/home/aiqihang.aqh/.conda/envs/r1-v/lib/python3.11/site-packages/torch/nn/modules/module.py", line 2593, in load_state_dict
    raise RuntimeError(
RuntimeError: Error(s) in loading state_dict for Linear:
	size mismatch for bias: copying a param with shape torch.Size([1280]) from checkpoint, the shape in current model is torch.Size([1536]).
E0725 00:37:25.541000 232941 site-packages/torch/distributed/elastic/multiprocessing/api.py:874] failed (exitcode: 1) local_rank: 0 (pid: 233298) of binary: /home/aiqihang.aqh/.conda/envs/r1-v/bin/python3.11
Traceback (most recent call last):
  File "/home/aiqihang.aqh/.conda/envs/r1-v/bin/torchrun", line 8, in <module>
    sys.exit(main())
             ^^^^^^
  File "/home/aiqihang.aqh/.conda/envs/r1-v/lib/python3.11/site-packages/torch/distributed/elastic/multiprocessing/errors/__init__.py", line 355, in wrapper
    return f(*args, **kwargs)
           ^^^^^^^^^^^^^^^^^^
  File "/home/aiqihang.aqh/.conda/envs/r1-v/lib/python3.11/site-packages/torch/distributed/run.py", line 892, in main
    run(args)
  File "/home/aiqihang.aqh/.conda/envs/r1-v/lib/python3.11/site-packages/torch/distributed/run.py", line 883, in run
    elastic_launch(
  File "/home/aiqihang.aqh/.conda/envs/r1-v/lib/python3.11/site-packages/torch/distributed/launcher/api.py", line 139, in __call__
    return launch_agent(self._config, self._entrypoint, list(args))
           ^^^^^^^^^^^^^^^^^^^^^^^^^^^^^^^^^^^^^^^^^^^^^^^^^^^^^^^^
  File "/home/aiqihang.aqh/.conda/envs/r1-v/lib/python3.11/site-packages/torch/distributed/launcher/api.py", line 270, in launch_agent
    raise ChildFailedError(
torch.distributed.elastic.multiprocessing.errors.ChildFailedError: 
============================================================
/home/aiqihang.aqh/Appagent/eval_emulator.py FAILED
------------------------------------------------------------
Failures:
  <NO_OTHER_FAILURES>
------------------------------------------------------------
Root Cause (first observed failure):
[0]:
  time      : 2025-07-25_00:37:25
  host      : notebook-d4273ef943fe-worker-0
  rank      : 0 (local_rank: 0)
  exitcode  : 1 (pid: 233298)
  error_file: <N/A>
  traceback : To enable traceback see: https://pytorch.org/docs/stable/elastic/errors.html
============================================================
2025-07-25 00:38:34.437570: I tensorflow/core/util/port.cc:113] oneDNN custom operations are on. You may see slightly different numerical results due to floating-point round-off errors from different computation orders. To turn them off, set the environment variable `TF_ENABLE_ONEDNN_OPTS=0`.
2025-07-25 00:38:34.489797: E external/local_xla/xla/stream_executor/cuda/cuda_dnn.cc:9261] Unable to register cuDNN factory: Attempting to register factory for plugin cuDNN when one has already been registered
2025-07-25 00:38:34.489847: E external/local_xla/xla/stream_executor/cuda/cuda_fft.cc:607] Unable to register cuFFT factory: Attempting to register factory for plugin cuFFT when one has already been registered
2025-07-25 00:38:34.491212: E external/local_xla/xla/stream_executor/cuda/cuda_blas.cc:1515] Unable to register cuBLAS factory: Attempting to register factory for plugin cuBLAS when one has already been registered
2025-07-25 00:38:34.498184: I tensorflow/core/platform/cpu_feature_guard.cc:182] This TensorFlow binary is optimized to use available CPU instructions in performance-critical operations.
To enable the following instructions: AVX2 AVX512F AVX512_VNNI AVX512_BF16 AVX_VNNI AMX_TILE AMX_INT8 AMX_BF16 FMA, in other operations, rebuild TensorFlow with the appropriate compiler flags.
2025-07-25 00:38:43.801458: W tensorflow/compiler/tf2tensorrt/utils/py_utils.cc:38] TF-TRT Warning: Could not find TensorRT
[2025-07-25 00:39:09,245] [INFO] [real_accelerator.py:254:get_accelerator] Setting ds_accelerator to cuda (auto detect)
Warning: The cache directory for DeepSpeed Triton autotune, /home/aiqihang.aqh/.triton/autotune, appears to be on an NFS system. While this is generally acceptable, if you experience slowdowns or hanging when DeepSpeed exits, it is recommended to set the TRITON_CACHE_DIR environment variable to a non-NFS path.
[2025-07-25 00:39:15,562] [INFO] [logging.py:107:log_dist] [Rank -1] [TorchCheckpointEngine] Initialized with serialization = False
Using device: cuda
Using a slow image processor as `use_fast` is unset and a slow processor was saved with this model. `use_fast=True` will be the default behavior in v4.52, even if the model was saved with a slow processor. This will result in minor differences in outputs. You'll still be able to use a slow processor with `use_fast=False`.
You are attempting to use Flash Attention 2.0 with a model not initialized on GPU. Make sure to move the model to GPU after initializing it on CPU with `model.to('cuda')`.
Loading checkpoint shards:   0%|          | 0/2 [00:00<?, ?it/s]Loading checkpoint shards:  50%|█████     | 1/2 [00:41<00:41, 41.86s/it]Loading checkpoint shards: 100%|██████████| 2/2 [01:35<00:00, 48.52s/it]Loading checkpoint shards: 100%|██████████| 2/2 [01:35<00:00, 47.52s/it]
Loaded 95 instructions for evaluation.
Evaluating Instructions:   0%|          | 0/95 [00:00<?, ?it/s]
===== Evaluating Instruction 1/95 =====
Instruction: 打开微信浏览我的朋友圈，查看最新的朋友圈动态，给我推荐一条。
--- Step 0 ---
Path '/data/oss_bucket_0/qihang/gui_agent/images/ui_tars_zh_simulator/device1/instruction_1/sample_0/step_0.png' does not exist. Sleeping for 1 seconds...
Path '/data/oss_bucket_0/qihang/gui_agent/images/ui_tars_zh_simulator/device1/instruction_1/sample_0/step_0.png' does not exist. Sleeping for 1 seconds...
Path '/data/oss_bucket_0/qihang/gui_agent/images/ui_tars_zh_simulator/device1/instruction_1/sample_0/step_0.png' does not exist. Sleeping for 1 seconds...
Path '/data/oss_bucket_0/qihang/gui_agent/images/ui_tars_zh_simulator/device1/instruction_1/sample_0/step_0.png' does not exist. Sleeping for 1 seconds...
Path '/data/oss_bucket_0/qihang/gui_agent/images/ui_tars_zh_simulator/device1/instruction_1/sample_0/step_0.png' does not exist. Sleeping for 1 seconds...
Path '/data/oss_bucket_0/qihang/gui_agent/images/ui_tars_zh_simulator/device1/instruction_1/sample_0/step_0.png' does not exist. Sleeping for 1 seconds...
Path '/data/oss_bucket_0/qihang/gui_agent/images/ui_tars_zh_simulator/device1/instruction_1/sample_0/step_0.png' does not exist. Sleeping for 1 seconds...
Path '/data/oss_bucket_0/qihang/gui_agent/images/ui_tars_zh_simulator/device1/instruction_1/sample_0/step_0.png' does not exist. Sleeping for 1 seconds...
Path '/data/oss_bucket_0/qihang/gui_agent/images/ui_tars_zh_simulator/device1/instruction_1/sample_0/step_0.png' does not exist. Sleeping for 1 seconds...
Path '/data/oss_bucket_0/qihang/gui_agent/images/ui_tars_zh_simulator/device1/instruction_1/sample_0/step_0.png' does not exist. Sleeping for 1 seconds...
Path '/data/oss_bucket_0/qihang/gui_agent/images/ui_tars_zh_simulator/device1/instruction_1/sample_0/step_0.png' does not exist. Sleeping for 1 seconds...
Path '/data/oss_bucket_0/qihang/gui_agent/images/ui_tars_zh_simulator/device1/instruction_1/sample_0/step_0.png' does not exist. Sleeping for 1 seconds...
Path '/data/oss_bucket_0/qihang/gui_agent/images/ui_tars_zh_simulator/device1/instruction_1/sample_0/step_0.png' does not exist. Sleeping for 1 seconds...
Path '/data/oss_bucket_0/qihang/gui_agent/images/ui_tars_zh_simulator/device1/instruction_1/sample_0/step_0.png' does not exist. Sleeping for 1 seconds...
Path '/data/oss_bucket_0/qihang/gui_agent/images/ui_tars_zh_simulator/device1/instruction_1/sample_0/step_0.png' does not exist. Sleeping for 1 seconds...
Path '/data/oss_bucket_0/qihang/gui_agent/images/ui_tars_zh_simulator/device1/instruction_1/sample_0/step_0.png' does not exist. Sleeping for 1 seconds...
Path '/data/oss_bucket_0/qihang/gui_agent/images/ui_tars_zh_simulator/device1/instruction_1/sample_0/step_0.png' does not exist. Sleeping for 1 seconds...
Path '/data/oss_bucket_0/qihang/gui_agent/images/ui_tars_zh_simulator/device1/instruction_1/sample_0/step_0.png' does not exist. Sleeping for 1 seconds...
Path '/data/oss_bucket_0/qihang/gui_agent/images/ui_tars_zh_simulator/device1/instruction_1/sample_0/step_0.png' does not exist. Sleeping for 1 seconds...
Path '/data/oss_bucket_0/qihang/gui_agent/images/ui_tars_zh_simulator/device1/instruction_1/sample_0/step_0.png' does not exist. Sleeping for 1 seconds...
Path '/data/oss_bucket_0/qihang/gui_agent/images/ui_tars_zh_simulator/device1/instruction_1/sample_0/step_0.png' does not exist. Sleeping for 1 seconds...
Path '/data/oss_bucket_0/qihang/gui_agent/images/ui_tars_zh_simulator/device1/instruction_1/sample_0/step_0.png' does not exist. Sleeping for 1 seconds...
Path '/data/oss_bucket_0/qihang/gui_agent/images/ui_tars_zh_simulator/device1/instruction_1/sample_0/step_0.png' does not exist. Sleeping for 1 seconds...
Path '/data/oss_bucket_0/qihang/gui_agent/images/ui_tars_zh_simulator/device1/instruction_1/sample_0/step_0.png' does not exist. Sleeping for 1 seconds...
Path '/data/oss_bucket_0/qihang/gui_agent/images/ui_tars_zh_simulator/device1/instruction_1/sample_0/step_0.png' does not exist. Sleeping for 1 seconds...
Path '/data/oss_bucket_0/qihang/gui_agent/images/ui_tars_zh_simulator/device1/instruction_1/sample_0/step_0.png' does not exist. Sleeping for 1 seconds...
Path '/data/oss_bucket_0/qihang/gui_agent/images/ui_tars_zh_simulator/device1/instruction_1/sample_0/step_0.png' does not exist. Sleeping for 1 seconds...
Path '/data/oss_bucket_0/qihang/gui_agent/images/ui_tars_zh_simulator/device1/instruction_1/sample_0/step_0.png' does not exist. Sleeping for 1 seconds...
Path '/data/oss_bucket_0/qihang/gui_agent/images/ui_tars_zh_simulator/device1/instruction_1/sample_0/step_0.png' does not exist. Sleeping for 1 seconds...
Path '/data/oss_bucket_0/qihang/gui_agent/images/ui_tars_zh_simulator/device1/instruction_1/sample_0/step_0.png' does not exist. Sleeping for 1 seconds...
Path '/data/oss_bucket_0/qihang/gui_agent/images/ui_tars_zh_simulator/device1/instruction_1/sample_0/step_0.png' does not exist. Sleeping for 1 seconds...
Path '/data/oss_bucket_0/qihang/gui_agent/images/ui_tars_zh_simulator/device1/instruction_1/sample_0/step_0.png' does not exist. Sleeping for 1 seconds...
Path '/data/oss_bucket_0/qihang/gui_agent/images/ui_tars_zh_simulator/device1/instruction_1/sample_0/step_0.png' does not exist. Sleeping for 1 seconds...
Path '/data/oss_bucket_0/qihang/gui_agent/images/ui_tars_zh_simulator/device1/instruction_1/sample_0/step_0.png' does not exist. Sleeping for 1 seconds...
Path '/data/oss_bucket_0/qihang/gui_agent/images/ui_tars_zh_simulator/device1/instruction_1/sample_0/step_0.png' does not exist. Sleeping for 1 seconds...
Path '/data/oss_bucket_0/qihang/gui_agent/images/ui_tars_zh_simulator/device1/instruction_1/sample_0/step_0.png' does not exist. Sleeping for 1 seconds...
Path '/data/oss_bucket_0/qihang/gui_agent/images/ui_tars_zh_simulator/device1/instruction_1/sample_0/step_0.png' does not exist. Sleeping for 1 seconds...
Path '/data/oss_bucket_0/qihang/gui_agent/images/ui_tars_zh_simulator/device1/instruction_1/sample_0/step_0.png' does not exist. Sleeping for 1 seconds...
Path '/data/oss_bucket_0/qihang/gui_agent/images/ui_tars_zh_simulator/device1/instruction_1/sample_0/step_0.png' does not exist. Sleeping for 1 seconds...
Path '/data/oss_bucket_0/qihang/gui_agent/images/ui_tars_zh_simulator/device1/instruction_1/sample_0/step_0.png' does not exist. Sleeping for 1 seconds...
Path '/data/oss_bucket_0/qihang/gui_agent/images/ui_tars_zh_simulator/device1/instruction_1/sample_0/step_0.png' does not exist. Sleeping for 1 seconds...
Path '/data/oss_bucket_0/qihang/gui_agent/images/ui_tars_zh_simulator/device1/instruction_1/sample_0/step_0.png' does not exist. Sleeping for 1 seconds...
Path '/data/oss_bucket_0/qihang/gui_agent/images/ui_tars_zh_simulator/device1/instruction_1/sample_0/step_0.png' does not exist. Sleeping for 1 seconds...
Path '/data/oss_bucket_0/qihang/gui_agent/images/ui_tars_zh_simulator/device1/instruction_1/sample_0/step_0.png' does not exist. Sleeping for 1 seconds...
Path '/data/oss_bucket_0/qihang/gui_agent/images/ui_tars_zh_simulator/device1/instruction_1/sample_0/step_0.png' does not exist. Sleeping for 1 seconds...
Path '/data/oss_bucket_0/qihang/gui_agent/images/ui_tars_zh_simulator/device1/instruction_1/sample_0/step_0.png' does not exist. Sleeping for 1 seconds...
Path '/data/oss_bucket_0/qihang/gui_agent/images/ui_tars_zh_simulator/device1/instruction_1/sample_0/step_0.png' does not exist. Sleeping for 1 seconds...
Path '/data/oss_bucket_0/qihang/gui_agent/images/ui_tars_zh_simulator/device1/instruction_1/sample_0/step_0.png' does not exist. Sleeping for 1 seconds...
Path '/data/oss_bucket_0/qihang/gui_agent/images/ui_tars_zh_simulator/device1/instruction_1/sample_0/step_0.png' does not exist. Sleeping for 1 seconds...
Path '/data/oss_bucket_0/qihang/gui_agent/images/ui_tars_zh_simulator/device1/instruction_1/sample_0/step_0.png' does not exist. Sleeping for 1 seconds...
Path '/data/oss_bucket_0/qihang/gui_agent/images/ui_tars_zh_simulator/device1/instruction_1/sample_0/step_0.png' does not exist. Sleeping for 1 seconds...
Path '/data/oss_bucket_0/qihang/gui_agent/images/ui_tars_zh_simulator/device1/instruction_1/sample_0/step_0.png' does not exist. Sleeping for 1 seconds...
Path '/data/oss_bucket_0/qihang/gui_agent/images/ui_tars_zh_simulator/device1/instruction_1/sample_0/step_0.png' does not exist. Sleeping for 1 seconds...
Path '/data/oss_bucket_0/qihang/gui_agent/images/ui_tars_zh_simulator/device1/instruction_1/sample_0/step_0.png' does not exist. Sleeping for 1 seconds...
Path '/data/oss_bucket_0/qihang/gui_agent/images/ui_tars_zh_simulator/device1/instruction_1/sample_0/step_0.png' does not exist. Sleeping for 1 seconds...
Path '/data/oss_bucket_0/qihang/gui_agent/images/ui_tars_zh_simulator/device1/instruction_1/sample_0/step_0.png' does not exist. Sleeping for 1 seconds...
Path '/data/oss_bucket_0/qihang/gui_agent/images/ui_tars_zh_simulator/device1/instruction_1/sample_0/step_0.png' does not exist. Sleeping for 1 seconds...
Path '/data/oss_bucket_0/qihang/gui_agent/images/ui_tars_zh_simulator/device1/instruction_1/sample_0/step_0.png' does not exist. Sleeping for 1 seconds...
Path '/data/oss_bucket_0/qihang/gui_agent/images/ui_tars_zh_simulator/device1/instruction_1/sample_0/step_0.png' does not exist. Sleeping for 1 seconds...
Path '/data/oss_bucket_0/qihang/gui_agent/images/ui_tars_zh_simulator/device1/instruction_1/sample_0/step_0.png' does not exist. Sleeping for 1 seconds...
Path '/data/oss_bucket_0/qihang/gui_agent/images/ui_tars_zh_simulator/device1/instruction_1/sample_0/step_0.png' does not exist. Sleeping for 1 seconds...
Path '/data/oss_bucket_0/qihang/gui_agent/images/ui_tars_zh_simulator/device1/instruction_1/sample_0/step_0.png' does not exist. Sleeping for 1 seconds...
Path '/data/oss_bucket_0/qihang/gui_agent/images/ui_tars_zh_simulator/device1/instruction_1/sample_0/step_0.png' does not exist. Sleeping for 1 seconds...
Path '/data/oss_bucket_0/qihang/gui_agent/images/ui_tars_zh_simulator/device1/instruction_1/sample_0/step_0.png' does not exist. Sleeping for 1 seconds...
Path '/data/oss_bucket_0/qihang/gui_agent/images/ui_tars_zh_simulator/device1/instruction_1/sample_0/step_0.png' does not exist. Sleeping for 1 seconds...
Path '/data/oss_bucket_0/qihang/gui_agent/images/ui_tars_zh_simulator/device1/instruction_1/sample_0/step_0.png' does not exist. Sleeping for 1 seconds...
Path '/data/oss_bucket_0/qihang/gui_agent/images/ui_tars_zh_simulator/device1/instruction_1/sample_0/step_0.png' does not exist. Sleeping for 1 seconds...
Path '/data/oss_bucket_0/qihang/gui_agent/images/ui_tars_zh_simulator/device1/instruction_1/sample_0/step_0.png' does not exist. Sleeping for 1 seconds...
Path '/data/oss_bucket_0/qihang/gui_agent/images/ui_tars_zh_simulator/device1/instruction_1/sample_0/step_0.png' does not exist. Sleeping for 1 seconds...
Path '/data/oss_bucket_0/qihang/gui_agent/images/ui_tars_zh_simulator/device1/instruction_1/sample_0/step_0.png' does not exist. Sleeping for 1 seconds...
Path '/data/oss_bucket_0/qihang/gui_agent/images/ui_tars_zh_simulator/device1/instruction_1/sample_0/step_0.png' does not exist. Sleeping for 1 seconds...
Path '/data/oss_bucket_0/qihang/gui_agent/images/ui_tars_zh_simulator/device1/instruction_1/sample_0/step_0.png' does not exist. Sleeping for 1 seconds...
Path '/data/oss_bucket_0/qihang/gui_agent/images/ui_tars_zh_simulator/device1/instruction_1/sample_0/step_0.png' does not exist. Sleeping for 1 seconds...
Path '/data/oss_bucket_0/qihang/gui_agent/images/ui_tars_zh_simulator/device1/instruction_1/sample_0/step_0.png' does not exist. Sleeping for 1 seconds...
Path '/data/oss_bucket_0/qihang/gui_agent/images/ui_tars_zh_simulator/device1/instruction_1/sample_0/step_0.png' does not exist. Sleeping for 1 seconds...
Path '/data/oss_bucket_0/qihang/gui_agent/images/ui_tars_zh_simulator/device1/instruction_1/sample_0/step_0.png' does not exist. Sleeping for 1 seconds...
Path '/data/oss_bucket_0/qihang/gui_agent/images/ui_tars_zh_simulator/device1/instruction_1/sample_0/step_0.png' does not exist. Sleeping for 1 seconds...
Path '/data/oss_bucket_0/qihang/gui_agent/images/ui_tars_zh_simulator/device1/instruction_1/sample_0/step_0.png' does not exist. Sleeping for 1 seconds...
Path '/data/oss_bucket_0/qihang/gui_agent/images/ui_tars_zh_simulator/device1/instruction_1/sample_0/step_0.png' does not exist. Sleeping for 1 seconds...
Path '/data/oss_bucket_0/qihang/gui_agent/images/ui_tars_zh_simulator/device1/instruction_1/sample_0/step_0.png' does not exist. Sleeping for 1 seconds...
Path '/data/oss_bucket_0/qihang/gui_agent/images/ui_tars_zh_simulator/device1/instruction_1/sample_0/step_0.png' does not exist. Sleeping for 1 seconds...
Path '/data/oss_bucket_0/qihang/gui_agent/images/ui_tars_zh_simulator/device1/instruction_1/sample_0/step_0.png' does not exist. Sleeping for 1 seconds...
Path '/data/oss_bucket_0/qihang/gui_agent/images/ui_tars_zh_simulator/device1/instruction_1/sample_0/step_0.png' does not exist. Sleeping for 1 seconds...
Path '/data/oss_bucket_0/qihang/gui_agent/images/ui_tars_zh_simulator/device1/instruction_1/sample_0/step_0.png' does not exist. Sleeping for 1 seconds...
Path '/data/oss_bucket_0/qihang/gui_agent/images/ui_tars_zh_simulator/device1/instruction_1/sample_0/step_0.png' does not exist. Sleeping for 1 seconds...
Path '/data/oss_bucket_0/qihang/gui_agent/images/ui_tars_zh_simulator/device1/instruction_1/sample_0/step_0.png' does not exist. Sleeping for 1 seconds...
Path '/data/oss_bucket_0/qihang/gui_agent/images/ui_tars_zh_simulator/device1/instruction_1/sample_0/step_0.png' does not exist. Sleeping for 1 seconds...
Path '/data/oss_bucket_0/qihang/gui_agent/images/ui_tars_zh_simulator/device1/instruction_1/sample_0/step_0.png' does not exist. Sleeping for 1 seconds...
Path '/data/oss_bucket_0/qihang/gui_agent/images/ui_tars_zh_simulator/device1/instruction_1/sample_0/step_0.png' does not exist. Sleeping for 1 seconds...
Path '/data/oss_bucket_0/qihang/gui_agent/images/ui_tars_zh_simulator/device1/instruction_1/sample_0/step_0.png' does not exist. Sleeping for 1 seconds...
Path '/data/oss_bucket_0/qihang/gui_agent/images/ui_tars_zh_simulator/device1/instruction_1/sample_0/step_0.png' does not exist. Sleeping for 1 seconds...
Path '/data/oss_bucket_0/qihang/gui_agent/images/ui_tars_zh_simulator/device1/instruction_1/sample_0/step_0.png' does not exist. Sleeping for 1 seconds...
Path '/data/oss_bucket_0/qihang/gui_agent/images/ui_tars_zh_simulator/device1/instruction_1/sample_0/step_0.png' does not exist. Sleeping for 1 seconds...
Path '/data/oss_bucket_0/qihang/gui_agent/images/ui_tars_zh_simulator/device1/instruction_1/sample_0/step_0.png' does not exist. Sleeping for 1 seconds...
Path '/data/oss_bucket_0/qihang/gui_agent/images/ui_tars_zh_simulator/device1/instruction_1/sample_0/step_0.png' does not exist. Sleeping for 1 seconds...
Path '/data/oss_bucket_0/qihang/gui_agent/images/ui_tars_zh_simulator/device1/instruction_1/sample_0/step_0.png' does not exist. Sleeping for 1 seconds...
Path '/data/oss_bucket_0/qihang/gui_agent/images/ui_tars_zh_simulator/device1/instruction_1/sample_0/step_0.png' does not exist. Sleeping for 1 seconds...
Path '/data/oss_bucket_0/qihang/gui_agent/images/ui_tars_zh_simulator/device1/instruction_1/sample_0/step_0.png' does not exist. Sleeping for 1 seconds...
Path '/data/oss_bucket_0/qihang/gui_agent/images/ui_tars_zh_simulator/device1/instruction_1/sample_0/step_0.png' does not exist. Sleeping for 1 seconds...
Path '/data/oss_bucket_0/qihang/gui_agent/images/ui_tars_zh_simulator/device1/instruction_1/sample_0/step_0.png' does not exist. Sleeping for 1 seconds...
Path '/data/oss_bucket_0/qihang/gui_agent/images/ui_tars_zh_simulator/device1/instruction_1/sample_0/step_0.png' does not exist. Sleeping for 1 seconds...
Path '/data/oss_bucket_0/qihang/gui_agent/images/ui_tars_zh_simulator/device1/instruction_1/sample_0/step_0.png' does not exist. Sleeping for 1 seconds...
Path '/data/oss_bucket_0/qihang/gui_agent/images/ui_tars_zh_simulator/device1/instruction_1/sample_0/step_0.png' does not exist. Sleeping for 1 seconds...
Path '/data/oss_bucket_0/qihang/gui_agent/images/ui_tars_zh_simulator/device1/instruction_1/sample_0/step_0.png' does not exist. Sleeping for 1 seconds...
Path '/data/oss_bucket_0/qihang/gui_agent/images/ui_tars_zh_simulator/device1/instruction_1/sample_0/step_0.png' does not exist. Sleeping for 1 seconds...
Path '/data/oss_bucket_0/qihang/gui_agent/images/ui_tars_zh_simulator/device1/instruction_1/sample_0/step_0.png' does not exist. Sleeping for 1 seconds...
Path '/data/oss_bucket_0/qihang/gui_agent/images/ui_tars_zh_simulator/device1/instruction_1/sample_0/step_0.png' does not exist. Sleeping for 1 seconds...
Path '/data/oss_bucket_0/qihang/gui_agent/images/ui_tars_zh_simulator/device1/instruction_1/sample_0/step_0.png' does not exist. Sleeping for 1 seconds...
Path '/data/oss_bucket_0/qihang/gui_agent/images/ui_tars_zh_simulator/device1/instruction_1/sample_0/step_0.png' does not exist. Sleeping for 1 seconds...
Path '/data/oss_bucket_0/qihang/gui_agent/images/ui_tars_zh_simulator/device1/instruction_1/sample_0/step_0.png' does not exist. Sleeping for 1 seconds...
Path '/data/oss_bucket_0/qihang/gui_agent/images/ui_tars_zh_simulator/device1/instruction_1/sample_0/step_0.png' does not exist. Sleeping for 1 seconds...
Path '/data/oss_bucket_0/qihang/gui_agent/images/ui_tars_zh_simulator/device1/instruction_1/sample_0/step_0.png' does not exist. Sleeping for 1 seconds...
Path '/data/oss_bucket_0/qihang/gui_agent/images/ui_tars_zh_simulator/device1/instruction_1/sample_0/step_0.png' does not exist. Sleeping for 1 seconds...
Path '/data/oss_bucket_0/qihang/gui_agent/images/ui_tars_zh_simulator/device1/instruction_1/sample_0/step_0.png' does not exist. Sleeping for 1 seconds...
Path '/data/oss_bucket_0/qihang/gui_agent/images/ui_tars_zh_simulator/device1/instruction_1/sample_0/step_0.png' does not exist. Sleeping for 1 seconds...
Path '/data/oss_bucket_0/qihang/gui_agent/images/ui_tars_zh_simulator/device1/instruction_1/sample_0/step_0.png' does not exist. Sleeping for 1 seconds...
Path '/data/oss_bucket_0/qihang/gui_agent/images/ui_tars_zh_simulator/device1/instruction_1/sample_0/step_0.png' does not exist. Sleeping for 1 seconds...
Path '/data/oss_bucket_0/qihang/gui_agent/images/ui_tars_zh_simulator/device1/instruction_1/sample_0/step_0.png' does not exist. Sleeping for 1 seconds...
Path '/data/oss_bucket_0/qihang/gui_agent/images/ui_tars_zh_simulator/device1/instruction_1/sample_0/step_0.png' does not exist. Sleeping for 1 seconds...
Path '/data/oss_bucket_0/qihang/gui_agent/images/ui_tars_zh_simulator/device1/instruction_1/sample_0/step_0.png' does not exist. Sleeping for 1 seconds...
Path '/data/oss_bucket_0/qihang/gui_agent/images/ui_tars_zh_simulator/device1/instruction_1/sample_0/step_0.png' does not exist. Sleeping for 1 seconds...
Path '/data/oss_bucket_0/qihang/gui_agent/images/ui_tars_zh_simulator/device1/instruction_1/sample_0/step_0.png' does not exist. Sleeping for 1 seconds...
Path '/data/oss_bucket_0/qihang/gui_agent/images/ui_tars_zh_simulator/device1/instruction_1/sample_0/step_0.png' does not exist. Sleeping for 1 seconds...
Path '/data/oss_bucket_0/qihang/gui_agent/images/ui_tars_zh_simulator/device1/instruction_1/sample_0/step_0.png' does not exist. Sleeping for 1 seconds...
Path '/data/oss_bucket_0/qihang/gui_agent/images/ui_tars_zh_simulator/device1/instruction_1/sample_0/step_0.png' does not exist. Sleeping for 1 seconds...
Path '/data/oss_bucket_0/qihang/gui_agent/images/ui_tars_zh_simulator/device1/instruction_1/sample_0/step_0.png' does not exist. Sleeping for 1 seconds...
Path '/data/oss_bucket_0/qihang/gui_agent/images/ui_tars_zh_simulator/device1/instruction_1/sample_0/step_0.png' does not exist. Sleeping for 1 seconds...
Path '/data/oss_bucket_0/qihang/gui_agent/images/ui_tars_zh_simulator/device1/instruction_1/sample_0/step_0.png' does not exist. Sleeping for 1 seconds...
Path '/data/oss_bucket_0/qihang/gui_agent/images/ui_tars_zh_simulator/device1/instruction_1/sample_0/step_0.png' does not exist. Sleeping for 1 seconds...
Path '/data/oss_bucket_0/qihang/gui_agent/images/ui_tars_zh_simulator/device1/instruction_1/sample_0/step_0.png' does not exist. Sleeping for 1 seconds...
Path '/data/oss_bucket_0/qihang/gui_agent/images/ui_tars_zh_simulator/device1/instruction_1/sample_0/step_0.png' does not exist. Sleeping for 1 seconds...
Path '/data/oss_bucket_0/qihang/gui_agent/images/ui_tars_zh_simulator/device1/instruction_1/sample_0/step_0.png' does not exist. Sleeping for 1 seconds...
Path '/data/oss_bucket_0/qihang/gui_agent/images/ui_tars_zh_simulator/device1/instruction_1/sample_0/step_0.png' does not exist. Sleeping for 1 seconds...
Path '/data/oss_bucket_0/qihang/gui_agent/images/ui_tars_zh_simulator/device1/instruction_1/sample_0/step_0.png' does not exist. Sleeping for 1 seconds...
Path '/data/oss_bucket_0/qihang/gui_agent/images/ui_tars_zh_simulator/device1/instruction_1/sample_0/step_0.png' does not exist. Sleeping for 1 seconds...
Path '/data/oss_bucket_0/qihang/gui_agent/images/ui_tars_zh_simulator/device1/instruction_1/sample_0/step_0.png' does not exist. Sleeping for 1 seconds...
Path '/data/oss_bucket_0/qihang/gui_agent/images/ui_tars_zh_simulator/device1/instruction_1/sample_0/step_0.png' does not exist. Sleeping for 1 seconds...
Path '/data/oss_bucket_0/qihang/gui_agent/images/ui_tars_zh_simulator/device1/instruction_1/sample_0/step_0.png' does not exist. Sleeping for 1 seconds...
Path '/data/oss_bucket_0/qihang/gui_agent/images/ui_tars_zh_simulator/device1/instruction_1/sample_0/step_0.png' does not exist. Sleeping for 1 seconds...
Path '/data/oss_bucket_0/qihang/gui_agent/images/ui_tars_zh_simulator/device1/instruction_1/sample_0/step_0.png' does not exist. Sleeping for 1 seconds...
Path '/data/oss_bucket_0/qihang/gui_agent/images/ui_tars_zh_simulator/device1/instruction_1/sample_0/step_0.png' does not exist. Sleeping for 1 seconds...
Path '/data/oss_bucket_0/qihang/gui_agent/images/ui_tars_zh_simulator/device1/instruction_1/sample_0/step_0.png' does not exist. Sleeping for 1 seconds...
Path '/data/oss_bucket_0/qihang/gui_agent/images/ui_tars_zh_simulator/device1/instruction_1/sample_0/step_0.png' does not exist. Sleeping for 1 seconds...
Path '/data/oss_bucket_0/qihang/gui_agent/images/ui_tars_zh_simulator/device1/instruction_1/sample_0/step_0.png' does not exist. Sleeping for 1 seconds...
Path '/data/oss_bucket_0/qihang/gui_agent/images/ui_tars_zh_simulator/device1/instruction_1/sample_0/step_0.png' does not exist. Sleeping for 1 seconds...
Path '/data/oss_bucket_0/qihang/gui_agent/images/ui_tars_zh_simulator/device1/instruction_1/sample_0/step_0.png' does not exist. Sleeping for 1 seconds...
Path '/data/oss_bucket_0/qihang/gui_agent/images/ui_tars_zh_simulator/device1/instruction_1/sample_0/step_0.png' does not exist. Sleeping for 1 seconds...
Path '/data/oss_bucket_0/qihang/gui_agent/images/ui_tars_zh_simulator/device1/instruction_1/sample_0/step_0.png' does not exist. Sleeping for 1 seconds...
Path '/data/oss_bucket_0/qihang/gui_agent/images/ui_tars_zh_simulator/device1/instruction_1/sample_0/step_0.png' does not exist. Sleeping for 1 seconds...
Path '/data/oss_bucket_0/qihang/gui_agent/images/ui_tars_zh_simulator/device1/instruction_1/sample_0/step_0.png' does not exist. Sleeping for 1 seconds...
Path '/data/oss_bucket_0/qihang/gui_agent/images/ui_tars_zh_simulator/device1/instruction_1/sample_0/step_0.png' does not exist. Sleeping for 1 seconds...
Path '/data/oss_bucket_0/qihang/gui_agent/images/ui_tars_zh_simulator/device1/instruction_1/sample_0/step_0.png' does not exist. Sleeping for 1 seconds...
Path '/data/oss_bucket_0/qihang/gui_agent/images/ui_tars_zh_simulator/device1/instruction_1/sample_0/step_0.png' does not exist. Sleeping for 1 seconds...
Path '/data/oss_bucket_0/qihang/gui_agent/images/ui_tars_zh_simulator/device1/instruction_1/sample_0/step_0.png' does not exist. Sleeping for 1 seconds...
Path '/data/oss_bucket_0/qihang/gui_agent/images/ui_tars_zh_simulator/device1/instruction_1/sample_0/step_0.png' does not exist. Sleeping for 1 seconds...
Path '/data/oss_bucket_0/qihang/gui_agent/images/ui_tars_zh_simulator/device1/instruction_1/sample_0/step_0.png' does not exist. Sleeping for 1 seconds...
Path '/data/oss_bucket_0/qihang/gui_agent/images/ui_tars_zh_simulator/device1/instruction_1/sample_0/step_0.png' does not exist. Sleeping for 1 seconds...
Path '/data/oss_bucket_0/qihang/gui_agent/images/ui_tars_zh_simulator/device1/instruction_1/sample_0/step_0.png' does not exist. Sleeping for 1 seconds...
Path '/data/oss_bucket_0/qihang/gui_agent/images/ui_tars_zh_simulator/device1/instruction_1/sample_0/step_0.png' does not exist. Sleeping for 1 seconds...
Path '/data/oss_bucket_0/qihang/gui_agent/images/ui_tars_zh_simulator/device1/instruction_1/sample_0/step_0.png' does not exist. Sleeping for 1 seconds...
Path '/data/oss_bucket_0/qihang/gui_agent/images/ui_tars_zh_simulator/device1/instruction_1/sample_0/step_0.png' does not exist. Sleeping for 1 seconds...
Path '/data/oss_bucket_0/qihang/gui_agent/images/ui_tars_zh_simulator/device1/instruction_1/sample_0/step_0.png' does not exist. Sleeping for 1 seconds...
Path '/data/oss_bucket_0/qihang/gui_agent/images/ui_tars_zh_simulator/device1/instruction_1/sample_0/step_0.png' does not exist. Sleeping for 1 seconds...
Path '/data/oss_bucket_0/qihang/gui_agent/images/ui_tars_zh_simulator/device1/instruction_1/sample_0/step_0.png' does not exist. Sleeping for 1 seconds...
Path '/data/oss_bucket_0/qihang/gui_agent/images/ui_tars_zh_simulator/device1/instruction_1/sample_0/step_0.png' does not exist. Sleeping for 1 seconds...
Path '/data/oss_bucket_0/qihang/gui_agent/images/ui_tars_zh_simulator/device1/instruction_1/sample_0/step_0.png' does not exist. Sleeping for 1 seconds...
Path '/data/oss_bucket_0/qihang/gui_agent/images/ui_tars_zh_simulator/device1/instruction_1/sample_0/step_0.png' does not exist. Sleeping for 1 seconds...
Path '/data/oss_bucket_0/qihang/gui_agent/images/ui_tars_zh_simulator/device1/instruction_1/sample_0/step_0.png' does not exist. Sleeping for 1 seconds...
Path '/data/oss_bucket_0/qihang/gui_agent/images/ui_tars_zh_simulator/device1/instruction_1/sample_0/step_0.png' does not exist. Sleeping for 1 seconds...
Path '/data/oss_bucket_0/qihang/gui_agent/images/ui_tars_zh_simulator/device1/instruction_1/sample_0/step_0.png' does not exist. Sleeping for 1 seconds...
Path '/data/oss_bucket_0/qihang/gui_agent/images/ui_tars_zh_simulator/device1/instruction_1/sample_0/step_0.png' does not exist. Sleeping for 1 seconds...
Path '/data/oss_bucket_0/qihang/gui_agent/images/ui_tars_zh_simulator/device1/instruction_1/sample_0/step_0.png' does not exist. Sleeping for 1 seconds...
Path '/data/oss_bucket_0/qihang/gui_agent/images/ui_tars_zh_simulator/device1/instruction_1/sample_0/step_0.png' does not exist. Sleeping for 1 seconds...
Path '/data/oss_bucket_0/qihang/gui_agent/images/ui_tars_zh_simulator/device1/instruction_1/sample_0/step_0.png' does not exist. Sleeping for 1 seconds...
Path '/data/oss_bucket_0/qihang/gui_agent/images/ui_tars_zh_simulator/device1/instruction_1/sample_0/step_0.png' does not exist. Sleeping for 1 seconds...
Path '/data/oss_bucket_0/qihang/gui_agent/images/ui_tars_zh_simulator/device1/instruction_1/sample_0/step_0.png' does not exist. Sleeping for 1 seconds...
Path '/data/oss_bucket_0/qihang/gui_agent/images/ui_tars_zh_simulator/device1/instruction_1/sample_0/step_0.png' does not exist. Sleeping for 1 seconds...
Path '/data/oss_bucket_0/qihang/gui_agent/images/ui_tars_zh_simulator/device1/instruction_1/sample_0/step_0.png' does not exist. Sleeping for 1 seconds...
Path '/data/oss_bucket_0/qihang/gui_agent/images/ui_tars_zh_simulator/device1/instruction_1/sample_0/step_0.png' does not exist. Sleeping for 1 seconds...
Path '/data/oss_bucket_0/qihang/gui_agent/images/ui_tars_zh_simulator/device1/instruction_1/sample_0/step_0.png' does not exist. Sleeping for 1 seconds...
Path '/data/oss_bucket_0/qihang/gui_agent/images/ui_tars_zh_simulator/device1/instruction_1/sample_0/step_0.png' does not exist. Sleeping for 1 seconds...
Path '/data/oss_bucket_0/qihang/gui_agent/images/ui_tars_zh_simulator/device1/instruction_1/sample_0/step_0.png' does not exist. Sleeping for 1 seconds...
Path '/data/oss_bucket_0/qihang/gui_agent/images/ui_tars_zh_simulator/device1/instruction_1/sample_0/step_0.png' does not exist. Sleeping for 1 seconds...
Path '/data/oss_bucket_0/qihang/gui_agent/images/ui_tars_zh_simulator/device1/instruction_1/sample_0/step_0.png' does not exist. Sleeping for 1 seconds...
Path '/data/oss_bucket_0/qihang/gui_agent/images/ui_tars_zh_simulator/device1/instruction_1/sample_0/step_0.png' does not exist. Sleeping for 1 seconds...
Path '/data/oss_bucket_0/qihang/gui_agent/images/ui_tars_zh_simulator/device1/instruction_1/sample_0/step_0.png' does not exist. Sleeping for 1 seconds...
Path '/data/oss_bucket_0/qihang/gui_agent/images/ui_tars_zh_simulator/device1/instruction_1/sample_0/step_0.png' does not exist. Sleeping for 1 seconds...
Path '/data/oss_bucket_0/qihang/gui_agent/images/ui_tars_zh_simulator/device1/instruction_1/sample_0/step_0.png' does not exist. Sleeping for 1 seconds...
Path '/data/oss_bucket_0/qihang/gui_agent/images/ui_tars_zh_simulator/device1/instruction_1/sample_0/step_0.png' does not exist. Sleeping for 1 seconds...
Path '/data/oss_bucket_0/qihang/gui_agent/images/ui_tars_zh_simulator/device1/instruction_1/sample_0/step_0.png' does not exist. Sleeping for 1 seconds...
Path '/data/oss_bucket_0/qihang/gui_agent/images/ui_tars_zh_simulator/device1/instruction_1/sample_0/step_0.png' does not exist. Sleeping for 1 seconds...
Path '/data/oss_bucket_0/qihang/gui_agent/images/ui_tars_zh_simulator/device1/instruction_1/sample_0/step_0.png' does not exist. Sleeping for 1 seconds...
Path '/data/oss_bucket_0/qihang/gui_agent/images/ui_tars_zh_simulator/device1/instruction_1/sample_0/step_0.png' does not exist. Sleeping for 1 seconds...
Path '/data/oss_bucket_0/qihang/gui_agent/images/ui_tars_zh_simulator/device1/instruction_1/sample_0/step_0.png' does not exist. Sleeping for 1 seconds...
Path '/data/oss_bucket_0/qihang/gui_agent/images/ui_tars_zh_simulator/device1/instruction_1/sample_0/step_0.png' does not exist. Sleeping for 1 seconds...
Path '/data/oss_bucket_0/qihang/gui_agent/images/ui_tars_zh_simulator/device1/instruction_1/sample_0/step_0.png' does not exist. Sleeping for 1 seconds...
Path '/data/oss_bucket_0/qihang/gui_agent/images/ui_tars_zh_simulator/device1/instruction_1/sample_0/step_0.png' does not exist. Sleeping for 1 seconds...
Path '/data/oss_bucket_0/qihang/gui_agent/images/ui_tars_zh_simulator/device1/instruction_1/sample_0/step_0.png' does not exist. Sleeping for 1 seconds...
Path '/data/oss_bucket_0/qihang/gui_agent/images/ui_tars_zh_simulator/device1/instruction_1/sample_0/step_0.png' does not exist. Sleeping for 1 seconds...
Path '/data/oss_bucket_0/qihang/gui_agent/images/ui_tars_zh_simulator/device1/instruction_1/sample_0/step_0.png' does not exist. Sleeping for 1 seconds...
Path '/data/oss_bucket_0/qihang/gui_agent/images/ui_tars_zh_simulator/device1/instruction_1/sample_0/step_0.png' does not exist. Sleeping for 1 seconds...
Path '/data/oss_bucket_0/qihang/gui_agent/images/ui_tars_zh_simulator/device1/instruction_1/sample_0/step_0.png' does not exist. Sleeping for 1 seconds...
Path '/data/oss_bucket_0/qihang/gui_agent/images/ui_tars_zh_simulator/device1/instruction_1/sample_0/step_0.png' does not exist. Sleeping for 1 seconds...
Path '/data/oss_bucket_0/qihang/gui_agent/images/ui_tars_zh_simulator/device1/instruction_1/sample_0/step_0.png' does not exist. Sleeping for 1 seconds...
Path '/data/oss_bucket_0/qihang/gui_agent/images/ui_tars_zh_simulator/device1/instruction_1/sample_0/step_0.png' does not exist. Sleeping for 1 seconds...
Path '/data/oss_bucket_0/qihang/gui_agent/images/ui_tars_zh_simulator/device1/instruction_1/sample_0/step_0.png' does not exist. Sleeping for 1 seconds...
Path '/data/oss_bucket_0/qihang/gui_agent/images/ui_tars_zh_simulator/device1/instruction_1/sample_0/step_0.png' does not exist. Sleeping for 1 seconds...
Path '/data/oss_bucket_0/qihang/gui_agent/images/ui_tars_zh_simulator/device1/instruction_1/sample_0/step_0.png' does not exist. Sleeping for 1 seconds...
Path '/data/oss_bucket_0/qihang/gui_agent/images/ui_tars_zh_simulator/device1/instruction_1/sample_0/step_0.png' does not exist. Sleeping for 1 seconds...
Path '/data/oss_bucket_0/qihang/gui_agent/images/ui_tars_zh_simulator/device1/instruction_1/sample_0/step_0.png' does not exist. Sleeping for 1 seconds...
Path '/data/oss_bucket_0/qihang/gui_agent/images/ui_tars_zh_simulator/device1/instruction_1/sample_0/step_0.png' does not exist. Sleeping for 1 seconds...
Path '/data/oss_bucket_0/qihang/gui_agent/images/ui_tars_zh_simulator/device1/instruction_1/sample_0/step_0.png' does not exist. Sleeping for 1 seconds...
Path '/data/oss_bucket_0/qihang/gui_agent/images/ui_tars_zh_simulator/device1/instruction_1/sample_0/step_0.png' does not exist. Sleeping for 1 seconds...
Path '/data/oss_bucket_0/qihang/gui_agent/images/ui_tars_zh_simulator/device1/instruction_1/sample_0/step_0.png' does not exist. Sleeping for 1 seconds...
Path '/data/oss_bucket_0/qihang/gui_agent/images/ui_tars_zh_simulator/device1/instruction_1/sample_0/step_0.png' does not exist. Sleeping for 1 seconds...
Path '/data/oss_bucket_0/qihang/gui_agent/images/ui_tars_zh_simulator/device1/instruction_1/sample_0/step_0.png' does not exist. Sleeping for 1 seconds...
Path '/data/oss_bucket_0/qihang/gui_agent/images/ui_tars_zh_simulator/device1/instruction_1/sample_0/step_0.png' does not exist. Sleeping for 1 seconds...
Path '/data/oss_bucket_0/qihang/gui_agent/images/ui_tars_zh_simulator/device1/instruction_1/sample_0/step_0.png' does not exist. Sleeping for 1 seconds...
Path '/data/oss_bucket_0/qihang/gui_agent/images/ui_tars_zh_simulator/device1/instruction_1/sample_0/step_0.png' does not exist. Sleeping for 1 seconds...
Path '/data/oss_bucket_0/qihang/gui_agent/images/ui_tars_zh_simulator/device1/instruction_1/sample_0/step_0.png' does not exist. Sleeping for 1 seconds...
Path '/data/oss_bucket_0/qihang/gui_agent/images/ui_tars_zh_simulator/device1/instruction_1/sample_0/step_0.png' does not exist. Sleeping for 1 seconds...
Path '/data/oss_bucket_0/qihang/gui_agent/images/ui_tars_zh_simulator/device1/instruction_1/sample_0/step_0.png' does not exist. Sleeping for 1 seconds...
Path '/data/oss_bucket_0/qihang/gui_agent/images/ui_tars_zh_simulator/device1/instruction_1/sample_0/step_0.png' does not exist. Sleeping for 1 seconds...
Path '/data/oss_bucket_0/qihang/gui_agent/images/ui_tars_zh_simulator/device1/instruction_1/sample_0/step_0.png' does not exist. Sleeping for 1 seconds...
Path '/data/oss_bucket_0/qihang/gui_agent/images/ui_tars_zh_simulator/device1/instruction_1/sample_0/step_0.png' does not exist. Sleeping for 1 seconds...
Path '/data/oss_bucket_0/qihang/gui_agent/images/ui_tars_zh_simulator/device1/instruction_1/sample_0/step_0.png' does not exist. Sleeping for 1 seconds...
Path '/data/oss_bucket_0/qihang/gui_agent/images/ui_tars_zh_simulator/device1/instruction_1/sample_0/step_0.png' does not exist. Sleeping for 1 seconds...
Path '/data/oss_bucket_0/qihang/gui_agent/images/ui_tars_zh_simulator/device1/instruction_1/sample_0/step_0.png' does not exist. Sleeping for 1 seconds...
Path '/data/oss_bucket_0/qihang/gui_agent/images/ui_tars_zh_simulator/device1/instruction_1/sample_0/step_0.png' does not exist. Sleeping for 1 seconds...
Path '/data/oss_bucket_0/qihang/gui_agent/images/ui_tars_zh_simulator/device1/instruction_1/sample_0/step_0.png' does not exist. Sleeping for 1 seconds...
Path '/data/oss_bucket_0/qihang/gui_agent/images/ui_tars_zh_simulator/device1/instruction_1/sample_0/step_0.png' does not exist. Sleeping for 1 seconds...
Path '/data/oss_bucket_0/qihang/gui_agent/images/ui_tars_zh_simulator/device1/instruction_1/sample_0/step_0.png' does not exist. Sleeping for 1 seconds...
Path '/data/oss_bucket_0/qihang/gui_agent/images/ui_tars_zh_simulator/device1/instruction_1/sample_0/step_0.png' does not exist. Sleeping for 1 seconds...
Path '/data/oss_bucket_0/qihang/gui_agent/images/ui_tars_zh_simulator/device1/instruction_1/sample_0/step_0.png' does not exist. Sleeping for 1 seconds...
Path '/data/oss_bucket_0/qihang/gui_agent/images/ui_tars_zh_simulator/device1/instruction_1/sample_0/step_0.png' does not exist. Sleeping for 1 seconds...
Path '/data/oss_bucket_0/qihang/gui_agent/images/ui_tars_zh_simulator/device1/instruction_1/sample_0/step_0.png' does not exist. Sleeping for 1 seconds...
Path '/data/oss_bucket_0/qihang/gui_agent/images/ui_tars_zh_simulator/device1/instruction_1/sample_0/step_0.png' does not exist. Sleeping for 1 seconds...
Path '/data/oss_bucket_0/qihang/gui_agent/images/ui_tars_zh_simulator/device1/instruction_1/sample_0/step_0.png' does not exist. Sleeping for 1 seconds...
Path '/data/oss_bucket_0/qihang/gui_agent/images/ui_tars_zh_simulator/device1/instruction_1/sample_0/step_0.png' does not exist. Sleeping for 1 seconds...
Path '/data/oss_bucket_0/qihang/gui_agent/images/ui_tars_zh_simulator/device1/instruction_1/sample_0/step_0.png' does not exist. Sleeping for 1 seconds...
Path '/data/oss_bucket_0/qihang/gui_agent/images/ui_tars_zh_simulator/device1/instruction_1/sample_0/step_0.png' does not exist. Sleeping for 1 seconds...
Path '/data/oss_bucket_0/qihang/gui_agent/images/ui_tars_zh_simulator/device1/instruction_1/sample_0/step_0.png' does not exist. Sleeping for 1 seconds...
Path '/data/oss_bucket_0/qihang/gui_agent/images/ui_tars_zh_simulator/device1/instruction_1/sample_0/step_0.png' does not exist. Sleeping for 1 seconds...
Path '/data/oss_bucket_0/qihang/gui_agent/images/ui_tars_zh_simulator/device1/instruction_1/sample_0/step_0.png' does not exist. Sleeping for 1 seconds...
Path '/data/oss_bucket_0/qihang/gui_agent/images/ui_tars_zh_simulator/device1/instruction_1/sample_0/step_0.png' does not exist. Sleeping for 1 seconds...
Path '/data/oss_bucket_0/qihang/gui_agent/images/ui_tars_zh_simulator/device1/instruction_1/sample_0/step_0.png' does not exist. Sleeping for 1 seconds...
Path '/data/oss_bucket_0/qihang/gui_agent/images/ui_tars_zh_simulator/device1/instruction_1/sample_0/step_0.png' does not exist. Sleeping for 1 seconds...
Path '/data/oss_bucket_0/qihang/gui_agent/images/ui_tars_zh_simulator/device1/instruction_1/sample_0/step_0.png' does not exist. Sleeping for 1 seconds...
Path '/data/oss_bucket_0/qihang/gui_agent/images/ui_tars_zh_simulator/device1/instruction_1/sample_0/step_0.png' does not exist. Sleeping for 1 seconds...
Path '/data/oss_bucket_0/qihang/gui_agent/images/ui_tars_zh_simulator/device1/instruction_1/sample_0/step_0.png' does not exist. Sleeping for 1 seconds...
Path '/data/oss_bucket_0/qihang/gui_agent/images/ui_tars_zh_simulator/device1/instruction_1/sample_0/step_0.png' does not exist. Sleeping for 1 seconds...
Path '/data/oss_bucket_0/qihang/gui_agent/images/ui_tars_zh_simulator/device1/instruction_1/sample_0/step_0.png' does not exist. Sleeping for 1 seconds...
Path '/data/oss_bucket_0/qihang/gui_agent/images/ui_tars_zh_simulator/device1/instruction_1/sample_0/step_0.png' does not exist. Sleeping for 1 seconds...
Path '/data/oss_bucket_0/qihang/gui_agent/images/ui_tars_zh_simulator/device1/instruction_1/sample_0/step_0.png' does not exist. Sleeping for 1 seconds...
Path '/data/oss_bucket_0/qihang/gui_agent/images/ui_tars_zh_simulator/device1/instruction_1/sample_0/step_0.png' does not exist. Sleeping for 1 seconds...
Path '/data/oss_bucket_0/qihang/gui_agent/images/ui_tars_zh_simulator/device1/instruction_1/sample_0/step_0.png' does not exist. Sleeping for 1 seconds...
Path '/data/oss_bucket_0/qihang/gui_agent/images/ui_tars_zh_simulator/device1/instruction_1/sample_0/step_0.png' does not exist. Sleeping for 1 seconds...
Path '/data/oss_bucket_0/qihang/gui_agent/images/ui_tars_zh_simulator/device1/instruction_1/sample_0/step_0.png' does not exist. Sleeping for 1 seconds...
Path '/data/oss_bucket_0/qihang/gui_agent/images/ui_tars_zh_simulator/device1/instruction_1/sample_0/step_0.png' does not exist. Sleeping for 1 seconds...
Path '/data/oss_bucket_0/qihang/gui_agent/images/ui_tars_zh_simulator/device1/instruction_1/sample_0/step_0.png' does not exist. Sleeping for 1 seconds...
Path '/data/oss_bucket_0/qihang/gui_agent/images/ui_tars_zh_simulator/device1/instruction_1/sample_0/step_0.png' does not exist. Sleeping for 1 seconds...
Path '/data/oss_bucket_0/qihang/gui_agent/images/ui_tars_zh_simulator/device1/instruction_1/sample_0/step_0.png' does not exist. Sleeping for 1 seconds...
Path '/data/oss_bucket_0/qihang/gui_agent/images/ui_tars_zh_simulator/device1/instruction_1/sample_0/step_0.png' does not exist. Sleeping for 1 seconds...
Path '/data/oss_bucket_0/qihang/gui_agent/images/ui_tars_zh_simulator/device1/instruction_1/sample_0/step_0.png' does not exist. Sleeping for 1 seconds...
Path '/data/oss_bucket_0/qihang/gui_agent/images/ui_tars_zh_simulator/device1/instruction_1/sample_0/step_0.png' does not exist. Sleeping for 1 seconds...
Path '/data/oss_bucket_0/qihang/gui_agent/images/ui_tars_zh_simulator/device1/instruction_1/sample_0/step_0.png' does not exist. Sleeping for 1 seconds...
Path '/data/oss_bucket_0/qihang/gui_agent/images/ui_tars_zh_simulator/device1/instruction_1/sample_0/step_0.png' does not exist. Sleeping for 1 seconds...
Path '/data/oss_bucket_0/qihang/gui_agent/images/ui_tars_zh_simulator/device1/instruction_1/sample_0/step_0.png' does not exist. Sleeping for 1 seconds...
Path '/data/oss_bucket_0/qihang/gui_agent/images/ui_tars_zh_simulator/device1/instruction_1/sample_0/step_0.png' does not exist. Sleeping for 1 seconds...
Path '/data/oss_bucket_0/qihang/gui_agent/images/ui_tars_zh_simulator/device1/instruction_1/sample_0/step_0.png' does not exist. Sleeping for 1 seconds...
Path '/data/oss_bucket_0/qihang/gui_agent/images/ui_tars_zh_simulator/device1/instruction_1/sample_0/step_0.png' does not exist. Sleeping for 1 seconds...
Path '/data/oss_bucket_0/qihang/gui_agent/images/ui_tars_zh_simulator/device1/instruction_1/sample_0/step_0.png' does not exist. Sleeping for 1 seconds...
Path '/data/oss_bucket_0/qihang/gui_agent/images/ui_tars_zh_simulator/device1/instruction_1/sample_0/step_0.png' does not exist. Sleeping for 1 seconds...
Path '/data/oss_bucket_0/qihang/gui_agent/images/ui_tars_zh_simulator/device1/instruction_1/sample_0/step_0.png' does not exist. Sleeping for 1 seconds...
Path '/data/oss_bucket_0/qihang/gui_agent/images/ui_tars_zh_simulator/device1/instruction_1/sample_0/step_0.png' does not exist. Sleeping for 1 seconds...
Path '/data/oss_bucket_0/qihang/gui_agent/images/ui_tars_zh_simulator/device1/instruction_1/sample_0/step_0.png' does not exist. Sleeping for 1 seconds...
Path '/data/oss_bucket_0/qihang/gui_agent/images/ui_tars_zh_simulator/device1/instruction_1/sample_0/step_0.png' does not exist. Sleeping for 1 seconds...
Path '/data/oss_bucket_0/qihang/gui_agent/images/ui_tars_zh_simulator/device1/instruction_1/sample_0/step_0.png' does not exist. Sleeping for 1 seconds...
Path '/data/oss_bucket_0/qihang/gui_agent/images/ui_tars_zh_simulator/device1/instruction_1/sample_0/step_0.png' does not exist. Sleeping for 1 seconds...
Path '/data/oss_bucket_0/qihang/gui_agent/images/ui_tars_zh_simulator/device1/instruction_1/sample_0/step_0.png' does not exist. Sleeping for 1 seconds...
Path '/data/oss_bucket_0/qihang/gui_agent/images/ui_tars_zh_simulator/device1/instruction_1/sample_0/step_0.png' does not exist. Sleeping for 1 seconds...
Path '/data/oss_bucket_0/qihang/gui_agent/images/ui_tars_zh_simulator/device1/instruction_1/sample_0/step_0.png' does not exist. Sleeping for 1 seconds...
Path '/data/oss_bucket_0/qihang/gui_agent/images/ui_tars_zh_simulator/device1/instruction_1/sample_0/step_0.png' does not exist. Sleeping for 1 seconds...
Path '/data/oss_bucket_0/qihang/gui_agent/images/ui_tars_zh_simulator/device1/instruction_1/sample_0/step_0.png' does not exist. Sleeping for 1 seconds...
Path '/data/oss_bucket_0/qihang/gui_agent/images/ui_tars_zh_simulator/device1/instruction_1/sample_0/step_0.png' does not exist. Sleeping for 1 seconds...
Path '/data/oss_bucket_0/qihang/gui_agent/images/ui_tars_zh_simulator/device1/instruction_1/sample_0/step_0.png' does not exist. Sleeping for 1 seconds...
Path '/data/oss_bucket_0/qihang/gui_agent/images/ui_tars_zh_simulator/device1/instruction_1/sample_0/step_0.png' does not exist. Sleeping for 1 seconds...
Path '/data/oss_bucket_0/qihang/gui_agent/images/ui_tars_zh_simulator/device1/instruction_1/sample_0/step_0.png' does not exist. Sleeping for 1 seconds...
Path '/data/oss_bucket_0/qihang/gui_agent/images/ui_tars_zh_simulator/device1/instruction_1/sample_0/step_0.png' does not exist. Sleeping for 1 seconds...
Path '/data/oss_bucket_0/qihang/gui_agent/images/ui_tars_zh_simulator/device1/instruction_1/sample_0/step_0.png' does not exist. Sleeping for 1 seconds...
Path '/data/oss_bucket_0/qihang/gui_agent/images/ui_tars_zh_simulator/device1/instruction_1/sample_0/step_0.png' does not exist. Sleeping for 1 seconds...
Path '/data/oss_bucket_0/qihang/gui_agent/images/ui_tars_zh_simulator/device1/instruction_1/sample_0/step_0.png' does not exist. Sleeping for 1 seconds...
Path '/data/oss_bucket_0/qihang/gui_agent/images/ui_tars_zh_simulator/device1/instruction_1/sample_0/step_0.png' does not exist. Sleeping for 1 seconds...
Path '/data/oss_bucket_0/qihang/gui_agent/images/ui_tars_zh_simulator/device1/instruction_1/sample_0/step_0.png' does not exist. Sleeping for 1 seconds...
Path '/data/oss_bucket_0/qihang/gui_agent/images/ui_tars_zh_simulator/device1/instruction_1/sample_0/step_0.png' does not exist. Sleeping for 1 seconds...
Path '/data/oss_bucket_0/qihang/gui_agent/images/ui_tars_zh_simulator/device1/instruction_1/sample_0/step_0.png' does not exist. Sleeping for 1 seconds...
Path '/data/oss_bucket_0/qihang/gui_agent/images/ui_tars_zh_simulator/device1/instruction_1/sample_0/step_0.png' does not exist. Sleeping for 1 seconds...
Path '/data/oss_bucket_0/qihang/gui_agent/images/ui_tars_zh_simulator/device1/instruction_1/sample_0/step_0.png' does not exist. Sleeping for 1 seconds...
Path '/data/oss_bucket_0/qihang/gui_agent/images/ui_tars_zh_simulator/device1/instruction_1/sample_0/step_0.png' does not exist. Sleeping for 1 seconds...
Path '/data/oss_bucket_0/qihang/gui_agent/images/ui_tars_zh_simulator/device1/instruction_1/sample_0/step_0.png' does not exist. Sleeping for 1 seconds...
Path '/data/oss_bucket_0/qihang/gui_agent/images/ui_tars_zh_simulator/device1/instruction_1/sample_0/step_0.png' does not exist. Sleeping for 1 seconds...
Path '/data/oss_bucket_0/qihang/gui_agent/images/ui_tars_zh_simulator/device1/instruction_1/sample_0/step_0.png' does not exist. Sleeping for 1 seconds...
Path '/data/oss_bucket_0/qihang/gui_agent/images/ui_tars_zh_simulator/device1/instruction_1/sample_0/step_0.png' does not exist. Sleeping for 1 seconds...
Path '/data/oss_bucket_0/qihang/gui_agent/images/ui_tars_zh_simulator/device1/instruction_1/sample_0/step_0.png' does not exist. Sleeping for 1 seconds...
Path '/data/oss_bucket_0/qihang/gui_agent/images/ui_tars_zh_simulator/device1/instruction_1/sample_0/step_0.png' does not exist. Sleeping for 1 seconds...
Path '/data/oss_bucket_0/qihang/gui_agent/images/ui_tars_zh_simulator/device1/instruction_1/sample_0/step_0.png' does not exist. Sleeping for 1 seconds...
Path '/data/oss_bucket_0/qihang/gui_agent/images/ui_tars_zh_simulator/device1/instruction_1/sample_0/step_0.png' does not exist. Sleeping for 1 seconds...
Path '/data/oss_bucket_0/qihang/gui_agent/images/ui_tars_zh_simulator/device1/instruction_1/sample_0/step_0.png' does not exist. Sleeping for 1 seconds...
Path '/data/oss_bucket_0/qihang/gui_agent/images/ui_tars_zh_simulator/device1/instruction_1/sample_0/step_0.png' does not exist. Sleeping for 1 seconds...
Path '/data/oss_bucket_0/qihang/gui_agent/images/ui_tars_zh_simulator/device1/instruction_1/sample_0/step_0.png' does not exist. Sleeping for 1 seconds...
Path '/data/oss_bucket_0/qihang/gui_agent/images/ui_tars_zh_simulator/device1/instruction_1/sample_0/step_0.png' does not exist. Sleeping for 1 seconds...
Path '/data/oss_bucket_0/qihang/gui_agent/images/ui_tars_zh_simulator/device1/instruction_1/sample_0/step_0.png' does not exist. Sleeping for 1 seconds...
Path '/data/oss_bucket_0/qihang/gui_agent/images/ui_tars_zh_simulator/device1/instruction_1/sample_0/step_0.png' does not exist. Sleeping for 1 seconds...
Path '/data/oss_bucket_0/qihang/gui_agent/images/ui_tars_zh_simulator/device1/instruction_1/sample_0/step_0.png' does not exist. Sleeping for 1 seconds...
Path '/data/oss_bucket_0/qihang/gui_agent/images/ui_tars_zh_simulator/device1/instruction_1/sample_0/step_0.png' does not exist. Sleeping for 1 seconds...
Path '/data/oss_bucket_0/qihang/gui_agent/images/ui_tars_zh_simulator/device1/instruction_1/sample_0/step_0.png' does not exist. Sleeping for 1 seconds...
Path '/data/oss_bucket_0/qihang/gui_agent/images/ui_tars_zh_simulator/device1/instruction_1/sample_0/step_0.png' does not exist. Sleeping for 1 seconds...
Path '/data/oss_bucket_0/qihang/gui_agent/images/ui_tars_zh_simulator/device1/instruction_1/sample_0/step_0.png' does not exist. Sleeping for 1 seconds...
Path '/data/oss_bucket_0/qihang/gui_agent/images/ui_tars_zh_simulator/device1/instruction_1/sample_0/step_0.png' does not exist. Sleeping for 1 seconds...
Path '/data/oss_bucket_0/qihang/gui_agent/images/ui_tars_zh_simulator/device1/instruction_1/sample_0/step_0.png' does not exist. Sleeping for 1 seconds...
Path '/data/oss_bucket_0/qihang/gui_agent/images/ui_tars_zh_simulator/device1/instruction_1/sample_0/step_0.png' does not exist. Sleeping for 1 seconds...
Path '/data/oss_bucket_0/qihang/gui_agent/images/ui_tars_zh_simulator/device1/instruction_1/sample_0/step_0.png' does not exist. Sleeping for 1 seconds...
Path '/data/oss_bucket_0/qihang/gui_agent/images/ui_tars_zh_simulator/device1/instruction_1/sample_0/step_0.png' does not exist. Sleeping for 1 seconds...
Path '/data/oss_bucket_0/qihang/gui_agent/images/ui_tars_zh_simulator/device1/instruction_1/sample_0/step_0.png' does not exist. Sleeping for 1 seconds...
Path '/data/oss_bucket_0/qihang/gui_agent/images/ui_tars_zh_simulator/device1/instruction_1/sample_0/step_0.png' does not exist. Sleeping for 1 seconds...
Path '/data/oss_bucket_0/qihang/gui_agent/images/ui_tars_zh_simulator/device1/instruction_1/sample_0/step_0.png' does not exist. Sleeping for 1 seconds...
Path '/data/oss_bucket_0/qihang/gui_agent/images/ui_tars_zh_simulator/device1/instruction_1/sample_0/step_0.png' does not exist. Sleeping for 1 seconds...
Path '/data/oss_bucket_0/qihang/gui_agent/images/ui_tars_zh_simulator/device1/instruction_1/sample_0/step_0.png' does not exist. Sleeping for 1 seconds...
Path '/data/oss_bucket_0/qihang/gui_agent/images/ui_tars_zh_simulator/device1/instruction_1/sample_0/step_0.png' does not exist. Sleeping for 1 seconds...
Path '/data/oss_bucket_0/qihang/gui_agent/images/ui_tars_zh_simulator/device1/instruction_1/sample_0/step_0.png' does not exist. Sleeping for 1 seconds...
Path '/data/oss_bucket_0/qihang/gui_agent/images/ui_tars_zh_simulator/device1/instruction_1/sample_0/step_0.png' does not exist. Sleeping for 1 seconds...
Path '/data/oss_bucket_0/qihang/gui_agent/images/ui_tars_zh_simulator/device1/instruction_1/sample_0/step_0.png' does not exist. Sleeping for 1 seconds...
Path '/data/oss_bucket_0/qihang/gui_agent/images/ui_tars_zh_simulator/device1/instruction_1/sample_0/step_0.png' does not exist. Sleeping for 1 seconds...
Path '/data/oss_bucket_0/qihang/gui_agent/images/ui_tars_zh_simulator/device1/instruction_1/sample_0/step_0.png' does not exist. Sleeping for 1 seconds...
Path '/data/oss_bucket_0/qihang/gui_agent/images/ui_tars_zh_simulator/device1/instruction_1/sample_0/step_0.png' does not exist. Sleeping for 1 seconds...
Path '/data/oss_bucket_0/qihang/gui_agent/images/ui_tars_zh_simulator/device1/instruction_1/sample_0/step_0.png' does not exist. Sleeping for 1 seconds...
Path '/data/oss_bucket_0/qihang/gui_agent/images/ui_tars_zh_simulator/device1/instruction_1/sample_0/step_0.png' does not exist. Sleeping for 1 seconds...
Path '/data/oss_bucket_0/qihang/gui_agent/images/ui_tars_zh_simulator/device1/instruction_1/sample_0/step_0.png' does not exist. Sleeping for 1 seconds...
Path '/data/oss_bucket_0/qihang/gui_agent/images/ui_tars_zh_simulator/device1/instruction_1/sample_0/step_0.png' does not exist. Sleeping for 1 seconds...
Path '/data/oss_bucket_0/qihang/gui_agent/images/ui_tars_zh_simulator/device1/instruction_1/sample_0/step_0.png' does not exist. Sleeping for 1 seconds...
Path '/data/oss_bucket_0/qihang/gui_agent/images/ui_tars_zh_simulator/device1/instruction_1/sample_0/step_0.png' does not exist. Sleeping for 1 seconds...
Path '/data/oss_bucket_0/qihang/gui_agent/images/ui_tars_zh_simulator/device1/instruction_1/sample_0/step_0.png' does not exist. Sleeping for 1 seconds...
Path '/data/oss_bucket_0/qihang/gui_agent/images/ui_tars_zh_simulator/device1/instruction_1/sample_0/step_0.png' does not exist. Sleeping for 1 seconds...
Path '/data/oss_bucket_0/qihang/gui_agent/images/ui_tars_zh_simulator/device1/instruction_1/sample_0/step_0.png' does not exist. Sleeping for 1 seconds...
Path '/data/oss_bucket_0/qihang/gui_agent/images/ui_tars_zh_simulator/device1/instruction_1/sample_0/step_0.png' does not exist. Sleeping for 1 seconds...
Path '/data/oss_bucket_0/qihang/gui_agent/images/ui_tars_zh_simulator/device1/instruction_1/sample_0/step_0.png' does not exist. Sleeping for 1 seconds...
Path '/data/oss_bucket_0/qihang/gui_agent/images/ui_tars_zh_simulator/device1/instruction_1/sample_0/step_0.png' does not exist. Sleeping for 1 seconds...
Path '/data/oss_bucket_0/qihang/gui_agent/images/ui_tars_zh_simulator/device1/instruction_1/sample_0/step_0.png' does not exist. Sleeping for 1 seconds...
Path '/data/oss_bucket_0/qihang/gui_agent/images/ui_tars_zh_simulator/device1/instruction_1/sample_0/step_0.png' does not exist. Sleeping for 1 seconds...
Path '/data/oss_bucket_0/qihang/gui_agent/images/ui_tars_zh_simulator/device1/instruction_1/sample_0/step_0.png' does not exist. Sleeping for 1 seconds...
Path '/data/oss_bucket_0/qihang/gui_agent/images/ui_tars_zh_simulator/device1/instruction_1/sample_0/step_0.png' does not exist. Sleeping for 1 seconds...
Path '/data/oss_bucket_0/qihang/gui_agent/images/ui_tars_zh_simulator/device1/instruction_1/sample_0/step_0.png' does not exist. Sleeping for 1 seconds...
Path '/data/oss_bucket_0/qihang/gui_agent/images/ui_tars_zh_simulator/device1/instruction_1/sample_0/step_0.png' does not exist. Sleeping for 1 seconds...
Path '/data/oss_bucket_0/qihang/gui_agent/images/ui_tars_zh_simulator/device1/instruction_1/sample_0/step_0.png' does not exist. Sleeping for 1 seconds...
Path '/data/oss_bucket_0/qihang/gui_agent/images/ui_tars_zh_simulator/device1/instruction_1/sample_0/step_0.png' does not exist. Sleeping for 1 seconds...
Path '/data/oss_bucket_0/qihang/gui_agent/images/ui_tars_zh_simulator/device1/instruction_1/sample_0/step_0.png' does not exist. Sleeping for 1 seconds...
Path '/data/oss_bucket_0/qihang/gui_agent/images/ui_tars_zh_simulator/device1/instruction_1/sample_0/step_0.png' does not exist. Sleeping for 1 seconds...
Path '/data/oss_bucket_0/qihang/gui_agent/images/ui_tars_zh_simulator/device1/instruction_1/sample_0/step_0.png' does not exist. Sleeping for 1 seconds...
Path '/data/oss_bucket_0/qihang/gui_agent/images/ui_tars_zh_simulator/device1/instruction_1/sample_0/step_0.png' does not exist. Sleeping for 1 seconds...
Path '/data/oss_bucket_0/qihang/gui_agent/images/ui_tars_zh_simulator/device1/instruction_1/sample_0/step_0.png' does not exist. Sleeping for 1 seconds...
Path '/data/oss_bucket_0/qihang/gui_agent/images/ui_tars_zh_simulator/device1/instruction_1/sample_0/step_0.png' does not exist. Sleeping for 1 seconds...
Path '/data/oss_bucket_0/qihang/gui_agent/images/ui_tars_zh_simulator/device1/instruction_1/sample_0/step_0.png' does not exist. Sleeping for 1 seconds...
Path '/data/oss_bucket_0/qihang/gui_agent/images/ui_tars_zh_simulator/device1/instruction_1/sample_0/step_0.png' does not exist. Sleeping for 1 seconds...
Path '/data/oss_bucket_0/qihang/gui_agent/images/ui_tars_zh_simulator/device1/instruction_1/sample_0/step_0.png' does not exist. Sleeping for 1 seconds...
Path '/data/oss_bucket_0/qihang/gui_agent/images/ui_tars_zh_simulator/device1/instruction_1/sample_0/step_0.png' does not exist. Sleeping for 1 seconds...
Path '/data/oss_bucket_0/qihang/gui_agent/images/ui_tars_zh_simulator/device1/instruction_1/sample_0/step_0.png' does not exist. Sleeping for 1 seconds...
Path '/data/oss_bucket_0/qihang/gui_agent/images/ui_tars_zh_simulator/device1/instruction_1/sample_0/step_0.png' does not exist. Sleeping for 1 seconds...
Path '/data/oss_bucket_0/qihang/gui_agent/images/ui_tars_zh_simulator/device1/instruction_1/sample_0/step_0.png' does not exist. Sleeping for 1 seconds...
Path '/data/oss_bucket_0/qihang/gui_agent/images/ui_tars_zh_simulator/device1/instruction_1/sample_0/step_0.png' does not exist. Sleeping for 1 seconds...
Path '/data/oss_bucket_0/qihang/gui_agent/images/ui_tars_zh_simulator/device1/instruction_1/sample_0/step_0.png' does not exist. Sleeping for 1 seconds...
Path '/data/oss_bucket_0/qihang/gui_agent/images/ui_tars_zh_simulator/device1/instruction_1/sample_0/step_0.png' does not exist. Sleeping for 1 seconds...
Path '/data/oss_bucket_0/qihang/gui_agent/images/ui_tars_zh_simulator/device1/instruction_1/sample_0/step_0.png' does not exist. Sleeping for 1 seconds...
Path '/data/oss_bucket_0/qihang/gui_agent/images/ui_tars_zh_simulator/device1/instruction_1/sample_0/step_0.png' does not exist. Sleeping for 1 seconds...
Path '/data/oss_bucket_0/qihang/gui_agent/images/ui_tars_zh_simulator/device1/instruction_1/sample_0/step_0.png' does not exist. Sleeping for 1 seconds...
Path '/data/oss_bucket_0/qihang/gui_agent/images/ui_tars_zh_simulator/device1/instruction_1/sample_0/step_0.png' does not exist. Sleeping for 1 seconds...
Path '/data/oss_bucket_0/qihang/gui_agent/images/ui_tars_zh_simulator/device1/instruction_1/sample_0/step_0.png' does not exist. Sleeping for 1 seconds...
Path '/data/oss_bucket_0/qihang/gui_agent/images/ui_tars_zh_simulator/device1/instruction_1/sample_0/step_0.png' does not exist. Sleeping for 1 seconds...
Path '/data/oss_bucket_0/qihang/gui_agent/images/ui_tars_zh_simulator/device1/instruction_1/sample_0/step_0.png' does not exist. Sleeping for 1 seconds...
Path '/data/oss_bucket_0/qihang/gui_agent/images/ui_tars_zh_simulator/device1/instruction_1/sample_0/step_0.png' does not exist. Sleeping for 1 seconds...
Path '/data/oss_bucket_0/qihang/gui_agent/images/ui_tars_zh_simulator/device1/instruction_1/sample_0/step_0.png' does not exist. Sleeping for 1 seconds...
Path '/data/oss_bucket_0/qihang/gui_agent/images/ui_tars_zh_simulator/device1/instruction_1/sample_0/step_0.png' does not exist. Sleeping for 1 seconds...
Path '/data/oss_bucket_0/qihang/gui_agent/images/ui_tars_zh_simulator/device1/instruction_1/sample_0/step_0.png' does not exist. Sleeping for 1 seconds...
Path '/data/oss_bucket_0/qihang/gui_agent/images/ui_tars_zh_simulator/device1/instruction_1/sample_0/step_0.png' does not exist. Sleeping for 1 seconds...
Path '/data/oss_bucket_0/qihang/gui_agent/images/ui_tars_zh_simulator/device1/instruction_1/sample_0/step_0.png' does not exist. Sleeping for 1 seconds...
Path '/data/oss_bucket_0/qihang/gui_agent/images/ui_tars_zh_simulator/device1/instruction_1/sample_0/step_0.png' does not exist. Sleeping for 1 seconds...
Path '/data/oss_bucket_0/qihang/gui_agent/images/ui_tars_zh_simulator/device1/instruction_1/sample_0/step_0.png' does not exist. Sleeping for 1 seconds...
Path '/data/oss_bucket_0/qihang/gui_agent/images/ui_tars_zh_simulator/device1/instruction_1/sample_0/step_0.png' does not exist. Sleeping for 1 seconds...
Path '/data/oss_bucket_0/qihang/gui_agent/images/ui_tars_zh_simulator/device1/instruction_1/sample_0/step_0.png' does not exist. Sleeping for 1 seconds...
Path '/data/oss_bucket_0/qihang/gui_agent/images/ui_tars_zh_simulator/device1/instruction_1/sample_0/step_0.png' does not exist. Sleeping for 1 seconds...
Path '/data/oss_bucket_0/qihang/gui_agent/images/ui_tars_zh_simulator/device1/instruction_1/sample_0/step_0.png' does not exist. Sleeping for 1 seconds...
Path '/data/oss_bucket_0/qihang/gui_agent/images/ui_tars_zh_simulator/device1/instruction_1/sample_0/step_0.png' does not exist. Sleeping for 1 seconds...
Path '/data/oss_bucket_0/qihang/gui_agent/images/ui_tars_zh_simulator/device1/instruction_1/sample_0/step_0.png' does not exist. Sleeping for 1 seconds...
Path '/data/oss_bucket_0/qihang/gui_agent/images/ui_tars_zh_simulator/device1/instruction_1/sample_0/step_0.png' does not exist. Sleeping for 1 seconds...
Path '/data/oss_bucket_0/qihang/gui_agent/images/ui_tars_zh_simulator/device1/instruction_1/sample_0/step_0.png' does not exist. Sleeping for 1 seconds...
Path '/data/oss_bucket_0/qihang/gui_agent/images/ui_tars_zh_simulator/device1/instruction_1/sample_0/step_0.png' does not exist. Sleeping for 1 seconds...
Path '/data/oss_bucket_0/qihang/gui_agent/images/ui_tars_zh_simulator/device1/instruction_1/sample_0/step_0.png' does not exist. Sleeping for 1 seconds...
Path '/data/oss_bucket_0/qihang/gui_agent/images/ui_tars_zh_simulator/device1/instruction_1/sample_0/step_0.png' does not exist. Sleeping for 1 seconds...
Path '/data/oss_bucket_0/qihang/gui_agent/images/ui_tars_zh_simulator/device1/instruction_1/sample_0/step_0.png' does not exist. Sleeping for 1 seconds...
Path '/data/oss_bucket_0/qihang/gui_agent/images/ui_tars_zh_simulator/device1/instruction_1/sample_0/step_0.png' does not exist. Sleeping for 1 seconds...
Path '/data/oss_bucket_0/qihang/gui_agent/images/ui_tars_zh_simulator/device1/instruction_1/sample_0/step_0.png' does not exist. Sleeping for 1 seconds...
Path '/data/oss_bucket_0/qihang/gui_agent/images/ui_tars_zh_simulator/device1/instruction_1/sample_0/step_0.png' does not exist. Sleeping for 1 seconds...
Path '/data/oss_bucket_0/qihang/gui_agent/images/ui_tars_zh_simulator/device1/instruction_1/sample_0/step_0.png' does not exist. Sleeping for 1 seconds...
Path '/data/oss_bucket_0/qihang/gui_agent/images/ui_tars_zh_simulator/device1/instruction_1/sample_0/step_0.png' does not exist. Sleeping for 1 seconds...
Path '/data/oss_bucket_0/qihang/gui_agent/images/ui_tars_zh_simulator/device1/instruction_1/sample_0/step_0.png' does not exist. Sleeping for 1 seconds...
Path '/data/oss_bucket_0/qihang/gui_agent/images/ui_tars_zh_simulator/device1/instruction_1/sample_0/step_0.png' does not exist. Sleeping for 1 seconds...
Path '/data/oss_bucket_0/qihang/gui_agent/images/ui_tars_zh_simulator/device1/instruction_1/sample_0/step_0.png' does not exist. Sleeping for 1 seconds...
Path '/data/oss_bucket_0/qihang/gui_agent/images/ui_tars_zh_simulator/device1/instruction_1/sample_0/step_0.png' does not exist. Sleeping for 1 seconds...
Path '/data/oss_bucket_0/qihang/gui_agent/images/ui_tars_zh_simulator/device1/instruction_1/sample_0/step_0.png' does not exist. Sleeping for 1 seconds...
Path '/data/oss_bucket_0/qihang/gui_agent/images/ui_tars_zh_simulator/device1/instruction_1/sample_0/step_0.png' does not exist. Sleeping for 1 seconds...
Path '/data/oss_bucket_0/qihang/gui_agent/images/ui_tars_zh_simulator/device1/instruction_1/sample_0/step_0.png' does not exist. Sleeping for 1 seconds...
Path '/data/oss_bucket_0/qihang/gui_agent/images/ui_tars_zh_simulator/device1/instruction_1/sample_0/step_0.png' does not exist. Sleeping for 1 seconds...
Path '/data/oss_bucket_0/qihang/gui_agent/images/ui_tars_zh_simulator/device1/instruction_1/sample_0/step_0.png' does not exist. Sleeping for 1 seconds...
Path '/data/oss_bucket_0/qihang/gui_agent/images/ui_tars_zh_simulator/device1/instruction_1/sample_0/step_0.png' does not exist. Sleeping for 1 seconds...
Path '/data/oss_bucket_0/qihang/gui_agent/images/ui_tars_zh_simulator/device1/instruction_1/sample_0/step_0.png' does not exist. Sleeping for 1 seconds...
Path '/data/oss_bucket_0/qihang/gui_agent/images/ui_tars_zh_simulator/device1/instruction_1/sample_0/step_0.png' does not exist. Sleeping for 1 seconds...
Path '/data/oss_bucket_0/qihang/gui_agent/images/ui_tars_zh_simulator/device1/instruction_1/sample_0/step_0.png' does not exist. Sleeping for 1 seconds...
Path '/data/oss_bucket_0/qihang/gui_agent/images/ui_tars_zh_simulator/device1/instruction_1/sample_0/step_0.png' does not exist. Sleeping for 1 seconds...
Path '/data/oss_bucket_0/qihang/gui_agent/images/ui_tars_zh_simulator/device1/instruction_1/sample_0/step_0.png' does not exist. Sleeping for 1 seconds...
Path '/data/oss_bucket_0/qihang/gui_agent/images/ui_tars_zh_simulator/device1/instruction_1/sample_0/step_0.png' does not exist. Sleeping for 1 seconds...
Path '/data/oss_bucket_0/qihang/gui_agent/images/ui_tars_zh_simulator/device1/instruction_1/sample_0/step_0.png' does not exist. Sleeping for 1 seconds...
Path '/data/oss_bucket_0/qihang/gui_agent/images/ui_tars_zh_simulator/device1/instruction_1/sample_0/step_0.png' does not exist. Sleeping for 1 seconds...
Path '/data/oss_bucket_0/qihang/gui_agent/images/ui_tars_zh_simulator/device1/instruction_1/sample_0/step_0.png' does not exist. Sleeping for 1 seconds...
Path '/data/oss_bucket_0/qihang/gui_agent/images/ui_tars_zh_simulator/device1/instruction_1/sample_0/step_0.png' does not exist. Sleeping for 1 seconds...
Path '/data/oss_bucket_0/qihang/gui_agent/images/ui_tars_zh_simulator/device1/instruction_1/sample_0/step_0.png' does not exist. Sleeping for 1 seconds...
Path '/data/oss_bucket_0/qihang/gui_agent/images/ui_tars_zh_simulator/device1/instruction_1/sample_0/step_0.png' does not exist. Sleeping for 1 seconds...
Path '/data/oss_bucket_0/qihang/gui_agent/images/ui_tars_zh_simulator/device1/instruction_1/sample_0/step_0.png' does not exist. Sleeping for 1 seconds...
Path '/data/oss_bucket_0/qihang/gui_agent/images/ui_tars_zh_simulator/device1/instruction_1/sample_0/step_0.png' does not exist. Sleeping for 1 seconds...
Path '/data/oss_bucket_0/qihang/gui_agent/images/ui_tars_zh_simulator/device1/instruction_1/sample_0/step_0.png' does not exist. Sleeping for 1 seconds...
Path '/data/oss_bucket_0/qihang/gui_agent/images/ui_tars_zh_simulator/device1/instruction_1/sample_0/step_0.png' does not exist. Sleeping for 1 seconds...
Path '/data/oss_bucket_0/qihang/gui_agent/images/ui_tars_zh_simulator/device1/instruction_1/sample_0/step_0.png' does not exist. Sleeping for 1 seconds...
Path '/data/oss_bucket_0/qihang/gui_agent/images/ui_tars_zh_simulator/device1/instruction_1/sample_0/step_0.png' does not exist. Sleeping for 1 seconds...
Path '/data/oss_bucket_0/qihang/gui_agent/images/ui_tars_zh_simulator/device1/instruction_1/sample_0/step_0.png' does not exist. Sleeping for 1 seconds...
Path '/data/oss_bucket_0/qihang/gui_agent/images/ui_tars_zh_simulator/device1/instruction_1/sample_0/step_0.png' does not exist. Sleeping for 1 seconds...
Path '/data/oss_bucket_0/qihang/gui_agent/images/ui_tars_zh_simulator/device1/instruction_1/sample_0/step_0.png' does not exist. Sleeping for 1 seconds...
Path '/data/oss_bucket_0/qihang/gui_agent/images/ui_tars_zh_simulator/device1/instruction_1/sample_0/step_0.png' does not exist. Sleeping for 1 seconds...
Path '/data/oss_bucket_0/qihang/gui_agent/images/ui_tars_zh_simulator/device1/instruction_1/sample_0/step_0.png' does not exist. Sleeping for 1 seconds...
Path '/data/oss_bucket_0/qihang/gui_agent/images/ui_tars_zh_simulator/device1/instruction_1/sample_0/step_0.png' does not exist. Sleeping for 1 seconds...
Path '/data/oss_bucket_0/qihang/gui_agent/images/ui_tars_zh_simulator/device1/instruction_1/sample_0/step_0.png' does not exist. Sleeping for 1 seconds...
Path '/data/oss_bucket_0/qihang/gui_agent/images/ui_tars_zh_simulator/device1/instruction_1/sample_0/step_0.png' does not exist. Sleeping for 1 seconds...
Path '/data/oss_bucket_0/qihang/gui_agent/images/ui_tars_zh_simulator/device1/instruction_1/sample_0/step_0.png' does not exist. Sleeping for 1 seconds...
Path '/data/oss_bucket_0/qihang/gui_agent/images/ui_tars_zh_simulator/device1/instruction_1/sample_0/step_0.png' does not exist. Sleeping for 1 seconds...
Path '/data/oss_bucket_0/qihang/gui_agent/images/ui_tars_zh_simulator/device1/instruction_1/sample_0/step_0.png' does not exist. Sleeping for 1 seconds...
Path '/data/oss_bucket_0/qihang/gui_agent/images/ui_tars_zh_simulator/device1/instruction_1/sample_0/step_0.png' does not exist. Sleeping for 1 seconds...
Path '/data/oss_bucket_0/qihang/gui_agent/images/ui_tars_zh_simulator/device1/instruction_1/sample_0/step_0.png' does not exist. Sleeping for 1 seconds...
Path '/data/oss_bucket_0/qihang/gui_agent/images/ui_tars_zh_simulator/device1/instruction_1/sample_0/step_0.png' does not exist. Sleeping for 1 seconds...
Path '/data/oss_bucket_0/qihang/gui_agent/images/ui_tars_zh_simulator/device1/instruction_1/sample_0/step_0.png' does not exist. Sleeping for 1 seconds...
Path '/data/oss_bucket_0/qihang/gui_agent/images/ui_tars_zh_simulator/device1/instruction_1/sample_0/step_0.png' does not exist. Sleeping for 1 seconds...
Path '/data/oss_bucket_0/qihang/gui_agent/images/ui_tars_zh_simulator/device1/instruction_1/sample_0/step_0.png' does not exist. Sleeping for 1 seconds...
Path '/data/oss_bucket_0/qihang/gui_agent/images/ui_tars_zh_simulator/device1/instruction_1/sample_0/step_0.png' does not exist. Sleeping for 1 seconds...
Path '/data/oss_bucket_0/qihang/gui_agent/images/ui_tars_zh_simulator/device1/instruction_1/sample_0/step_0.png' does not exist. Sleeping for 1 seconds...
Path '/data/oss_bucket_0/qihang/gui_agent/images/ui_tars_zh_simulator/device1/instruction_1/sample_0/step_0.png' does not exist. Sleeping for 1 seconds...
Path '/data/oss_bucket_0/qihang/gui_agent/images/ui_tars_zh_simulator/device1/instruction_1/sample_0/step_0.png' does not exist. Sleeping for 1 seconds...
Path '/data/oss_bucket_0/qihang/gui_agent/images/ui_tars_zh_simulator/device1/instruction_1/sample_0/step_0.png' does not exist. Sleeping for 1 seconds...
Path '/data/oss_bucket_0/qihang/gui_agent/images/ui_tars_zh_simulator/device1/instruction_1/sample_0/step_0.png' does not exist. Sleeping for 1 seconds...
Path '/data/oss_bucket_0/qihang/gui_agent/images/ui_tars_zh_simulator/device1/instruction_1/sample_0/step_0.png' does not exist. Sleeping for 1 seconds...
Path '/data/oss_bucket_0/qihang/gui_agent/images/ui_tars_zh_simulator/device1/instruction_1/sample_0/step_0.png' does not exist. Sleeping for 1 seconds...
Path '/data/oss_bucket_0/qihang/gui_agent/images/ui_tars_zh_simulator/device1/instruction_1/sample_0/step_0.png' does not exist. Sleeping for 1 seconds...
Path '/data/oss_bucket_0/qihang/gui_agent/images/ui_tars_zh_simulator/device1/instruction_1/sample_0/step_0.png' does not exist. Sleeping for 1 seconds...
Path '/data/oss_bucket_0/qihang/gui_agent/images/ui_tars_zh_simulator/device1/instruction_1/sample_0/step_0.png' does not exist. Sleeping for 1 seconds...
Path '/data/oss_bucket_0/qihang/gui_agent/images/ui_tars_zh_simulator/device1/instruction_1/sample_0/step_0.png' does not exist. Sleeping for 1 seconds...
Path '/data/oss_bucket_0/qihang/gui_agent/images/ui_tars_zh_simulator/device1/instruction_1/sample_0/step_0.png' does not exist. Sleeping for 1 seconds...
Path '/data/oss_bucket_0/qihang/gui_agent/images/ui_tars_zh_simulator/device1/instruction_1/sample_0/step_0.png' does not exist. Sleeping for 1 seconds...
Path '/data/oss_bucket_0/qihang/gui_agent/images/ui_tars_zh_simulator/device1/instruction_1/sample_0/step_0.png' does not exist. Sleeping for 1 seconds...
Path '/data/oss_bucket_0/qihang/gui_agent/images/ui_tars_zh_simulator/device1/instruction_1/sample_0/step_0.png' does not exist. Sleeping for 1 seconds...
Path '/data/oss_bucket_0/qihang/gui_agent/images/ui_tars_zh_simulator/device1/instruction_1/sample_0/step_0.png' does not exist. Sleeping for 1 seconds...
Path '/data/oss_bucket_0/qihang/gui_agent/images/ui_tars_zh_simulator/device1/instruction_1/sample_0/step_0.png' does not exist. Sleeping for 1 seconds...
Path '/data/oss_bucket_0/qihang/gui_agent/images/ui_tars_zh_simulator/device1/instruction_1/sample_0/step_0.png' does not exist. Sleeping for 1 seconds...
Path '/data/oss_bucket_0/qihang/gui_agent/images/ui_tars_zh_simulator/device1/instruction_1/sample_0/step_0.png' does not exist. Sleeping for 1 seconds...
Path '/data/oss_bucket_0/qihang/gui_agent/images/ui_tars_zh_simulator/device1/instruction_1/sample_0/step_0.png' does not exist. Sleeping for 1 seconds...
Path '/data/oss_bucket_0/qihang/gui_agent/images/ui_tars_zh_simulator/device1/instruction_1/sample_0/step_0.png' does not exist. Sleeping for 1 seconds...
Path '/data/oss_bucket_0/qihang/gui_agent/images/ui_tars_zh_simulator/device1/instruction_1/sample_0/step_0.png' does not exist. Sleeping for 1 seconds...
Path '/data/oss_bucket_0/qihang/gui_agent/images/ui_tars_zh_simulator/device1/instruction_1/sample_0/step_0.png' does not exist. Sleeping for 1 seconds...
Path '/data/oss_bucket_0/qihang/gui_agent/images/ui_tars_zh_simulator/device1/instruction_1/sample_0/step_0.png' does not exist. Sleeping for 1 seconds...
Path '/data/oss_bucket_0/qihang/gui_agent/images/ui_tars_zh_simulator/device1/instruction_1/sample_0/step_0.png' does not exist. Sleeping for 1 seconds...
Path '/data/oss_bucket_0/qihang/gui_agent/images/ui_tars_zh_simulator/device1/instruction_1/sample_0/step_0.png' exists! Reading the file...
`generation_config` default values have been modified to match model-specific defaults: {'bos_token_id': 151643}. If this is not desired, please set these values explicitly.
Model Thought/Action: {'action': 'continue', 'thought': 'No tool call found.'}
--- Step 1 ---
Path '/data/oss_bucket_0/qihang/gui_agent/images/ui_tars_zh_simulator/device1/instruction_1/sample_0/step_1.png' does not exist. Sleeping for 1 seconds...
Path '/data/oss_bucket_0/qihang/gui_agent/images/ui_tars_zh_simulator/device1/instruction_1/sample_0/step_1.png' does not exist. Sleeping for 1 seconds...
Path '/data/oss_bucket_0/qihang/gui_agent/images/ui_tars_zh_simulator/device1/instruction_1/sample_0/step_1.png' does not exist. Sleeping for 1 seconds...
Path '/data/oss_bucket_0/qihang/gui_agent/images/ui_tars_zh_simulator/device1/instruction_1/sample_0/step_1.png' does not exist. Sleeping for 1 seconds...
Path '/data/oss_bucket_0/qihang/gui_agent/images/ui_tars_zh_simulator/device1/instruction_1/sample_0/step_1.png' does not exist. Sleeping for 1 seconds...
Path '/data/oss_bucket_0/qihang/gui_agent/images/ui_tars_zh_simulator/device1/instruction_1/sample_0/step_1.png' does not exist. Sleeping for 1 seconds...
Path '/data/oss_bucket_0/qihang/gui_agent/images/ui_tars_zh_simulator/device1/instruction_1/sample_0/step_1.png' does not exist. Sleeping for 1 seconds...
Path '/data/oss_bucket_0/qihang/gui_agent/images/ui_tars_zh_simulator/device1/instruction_1/sample_0/step_1.png' does not exist. Sleeping for 1 seconds...
Path '/data/oss_bucket_0/qihang/gui_agent/images/ui_tars_zh_simulator/device1/instruction_1/sample_0/step_1.png' does not exist. Sleeping for 1 seconds...
Path '/data/oss_bucket_0/qihang/gui_agent/images/ui_tars_zh_simulator/device1/instruction_1/sample_0/step_1.png' does not exist. Sleeping for 1 seconds...
Path '/data/oss_bucket_0/qihang/gui_agent/images/ui_tars_zh_simulator/device1/instruction_1/sample_0/step_1.png' does not exist. Sleeping for 1 seconds...
Path '/data/oss_bucket_0/qihang/gui_agent/images/ui_tars_zh_simulator/device1/instruction_1/sample_0/step_1.png' does not exist. Sleeping for 1 seconds...
Path '/data/oss_bucket_0/qihang/gui_agent/images/ui_tars_zh_simulator/device1/instruction_1/sample_0/step_1.png' exists! Reading the file...
Path '/data/oss_bucket_0/qihang/gui_agent/images/ui_tars_zh_simulator/device1/instruction_1/sample_0/step_0.png' exists! Reading the file...
Model Thought/Action: {'action': 'continue', 'thought': 'No tool call found.'}
--- Step 2 ---
Path '/data/oss_bucket_0/qihang/gui_agent/images/ui_tars_zh_simulator/device1/instruction_1/sample_0/step_2.png' does not exist. Sleeping for 1 seconds...
Path '/data/oss_bucket_0/qihang/gui_agent/images/ui_tars_zh_simulator/device1/instruction_1/sample_0/step_2.png' does not exist. Sleeping for 1 seconds...
Path '/data/oss_bucket_0/qihang/gui_agent/images/ui_tars_zh_simulator/device1/instruction_1/sample_0/step_2.png' does not exist. Sleeping for 1 seconds...
Path '/data/oss_bucket_0/qihang/gui_agent/images/ui_tars_zh_simulator/device1/instruction_1/sample_0/step_2.png' does not exist. Sleeping for 1 seconds...
Path '/data/oss_bucket_0/qihang/gui_agent/images/ui_tars_zh_simulator/device1/instruction_1/sample_0/step_2.png' does not exist. Sleeping for 1 seconds...
Path '/data/oss_bucket_0/qihang/gui_agent/images/ui_tars_zh_simulator/device1/instruction_1/sample_0/step_2.png' does not exist. Sleeping for 1 seconds...
Path '/data/oss_bucket_0/qihang/gui_agent/images/ui_tars_zh_simulator/device1/instruction_1/sample_0/step_2.png' exists! Reading the file...
Path '/data/oss_bucket_0/qihang/gui_agent/images/ui_tars_zh_simulator/device1/instruction_1/sample_0/step_1.png' exists! Reading the file...
Model Thought/Action: {'action': 'continue', 'thought': 'No tool call found.'}
--- Step 3 ---
Path '/data/oss_bucket_0/qihang/gui_agent/images/ui_tars_zh_simulator/device1/instruction_1/sample_0/step_3.png' does not exist. Sleeping for 1 seconds...
Path '/data/oss_bucket_0/qihang/gui_agent/images/ui_tars_zh_simulator/device1/instruction_1/sample_0/step_3.png' does not exist. Sleeping for 1 seconds...
Path '/data/oss_bucket_0/qihang/gui_agent/images/ui_tars_zh_simulator/device1/instruction_1/sample_0/step_3.png' does not exist. Sleeping for 1 seconds...
Path '/data/oss_bucket_0/qihang/gui_agent/images/ui_tars_zh_simulator/device1/instruction_1/sample_0/step_3.png' does not exist. Sleeping for 1 seconds...
Path '/data/oss_bucket_0/qihang/gui_agent/images/ui_tars_zh_simulator/device1/instruction_1/sample_0/step_3.png' does not exist. Sleeping for 1 seconds...
Path '/data/oss_bucket_0/qihang/gui_agent/images/ui_tars_zh_simulator/device1/instruction_1/sample_0/step_3.png' does not exist. Sleeping for 1 seconds...
Path '/data/oss_bucket_0/qihang/gui_agent/images/ui_tars_zh_simulator/device1/instruction_1/sample_0/step_3.png' exists! Reading the file...
Path '/data/oss_bucket_0/qihang/gui_agent/images/ui_tars_zh_simulator/device1/instruction_1/sample_0/step_2.png' exists! Reading the file...
Model Thought/Action: {'action': 'continue', 'thought': 'No tool call found.'}
--- Step 4 ---
Path '/data/oss_bucket_0/qihang/gui_agent/images/ui_tars_zh_simulator/device1/instruction_1/sample_0/step_4.png' does not exist. Sleeping for 1 seconds...
Path '/data/oss_bucket_0/qihang/gui_agent/images/ui_tars_zh_simulator/device1/instruction_1/sample_0/step_4.png' does not exist. Sleeping for 1 seconds...
Path '/data/oss_bucket_0/qihang/gui_agent/images/ui_tars_zh_simulator/device1/instruction_1/sample_0/step_4.png' does not exist. Sleeping for 1 seconds...
Path '/data/oss_bucket_0/qihang/gui_agent/images/ui_tars_zh_simulator/device1/instruction_1/sample_0/step_4.png' does not exist. Sleeping for 1 seconds...
Path '/data/oss_bucket_0/qihang/gui_agent/images/ui_tars_zh_simulator/device1/instruction_1/sample_0/step_4.png' does not exist. Sleeping for 1 seconds...
Path '/data/oss_bucket_0/qihang/gui_agent/images/ui_tars_zh_simulator/device1/instruction_1/sample_0/step_4.png' does not exist. Sleeping for 1 seconds...
Path '/data/oss_bucket_0/qihang/gui_agent/images/ui_tars_zh_simulator/device1/instruction_1/sample_0/step_4.png' exists! Reading the file...
Path '/data/oss_bucket_0/qihang/gui_agent/images/ui_tars_zh_simulator/device1/instruction_1/sample_0/step_3.png' exists! Reading the file...
Model Thought/Action: {'action': 'continue', 'thought': 'No tool call found.'}
--- Step 5 ---
Path '/data/oss_bucket_0/qihang/gui_agent/images/ui_tars_zh_simulator/device1/instruction_1/sample_0/step_5.png' does not exist. Sleeping for 1 seconds...
Path '/data/oss_bucket_0/qihang/gui_agent/images/ui_tars_zh_simulator/device1/instruction_1/sample_0/step_5.png' does not exist. Sleeping for 1 seconds...
Path '/data/oss_bucket_0/qihang/gui_agent/images/ui_tars_zh_simulator/device1/instruction_1/sample_0/step_5.png' does not exist. Sleeping for 1 seconds...
Path '/data/oss_bucket_0/qihang/gui_agent/images/ui_tars_zh_simulator/device1/instruction_1/sample_0/step_5.png' does not exist. Sleeping for 1 seconds...
Path '/data/oss_bucket_0/qihang/gui_agent/images/ui_tars_zh_simulator/device1/instruction_1/sample_0/step_5.png' does not exist. Sleeping for 1 seconds...
Path '/data/oss_bucket_0/qihang/gui_agent/images/ui_tars_zh_simulator/device1/instruction_1/sample_0/step_5.png' does not exist. Sleeping for 1 seconds...
Path '/data/oss_bucket_0/qihang/gui_agent/images/ui_tars_zh_simulator/device1/instruction_1/sample_0/step_5.png' exists! Reading the file...
Path '/data/oss_bucket_0/qihang/gui_agent/images/ui_tars_zh_simulator/device1/instruction_1/sample_0/step_4.png' exists! Reading the file...
Model Thought/Action: {'action': 'continue', 'thought': 'No tool call found.'}
--- Step 6 ---
Path '/data/oss_bucket_0/qihang/gui_agent/images/ui_tars_zh_simulator/device1/instruction_1/sample_0/step_6.png' does not exist. Sleeping for 1 seconds...
Path '/data/oss_bucket_0/qihang/gui_agent/images/ui_tars_zh_simulator/device1/instruction_1/sample_0/step_6.png' does not exist. Sleeping for 1 seconds...
Path '/data/oss_bucket_0/qihang/gui_agent/images/ui_tars_zh_simulator/device1/instruction_1/sample_0/step_6.png' does not exist. Sleeping for 1 seconds...
Path '/data/oss_bucket_0/qihang/gui_agent/images/ui_tars_zh_simulator/device1/instruction_1/sample_0/step_6.png' does not exist. Sleeping for 1 seconds...
Path '/data/oss_bucket_0/qihang/gui_agent/images/ui_tars_zh_simulator/device1/instruction_1/sample_0/step_6.png' does not exist. Sleeping for 1 seconds...
Path '/data/oss_bucket_0/qihang/gui_agent/images/ui_tars_zh_simulator/device1/instruction_1/sample_0/step_6.png' does not exist. Sleeping for 1 seconds...
Path '/data/oss_bucket_0/qihang/gui_agent/images/ui_tars_zh_simulator/device1/instruction_1/sample_0/step_6.png' exists! Reading the file...
Path '/data/oss_bucket_0/qihang/gui_agent/images/ui_tars_zh_simulator/device1/instruction_1/sample_0/step_5.png' exists! Reading the file...
Model Thought/Action: {'action': 'continue', 'thought': 'No tool call found.'}
--- Step 7 ---
Path '/data/oss_bucket_0/qihang/gui_agent/images/ui_tars_zh_simulator/device1/instruction_1/sample_0/step_7.png' does not exist. Sleeping for 1 seconds...
Path '/data/oss_bucket_0/qihang/gui_agent/images/ui_tars_zh_simulator/device1/instruction_1/sample_0/step_7.png' does not exist. Sleeping for 1 seconds...
Path '/data/oss_bucket_0/qihang/gui_agent/images/ui_tars_zh_simulator/device1/instruction_1/sample_0/step_7.png' does not exist. Sleeping for 1 seconds...
Path '/data/oss_bucket_0/qihang/gui_agent/images/ui_tars_zh_simulator/device1/instruction_1/sample_0/step_7.png' does not exist. Sleeping for 1 seconds...
Path '/data/oss_bucket_0/qihang/gui_agent/images/ui_tars_zh_simulator/device1/instruction_1/sample_0/step_7.png' does not exist. Sleeping for 1 seconds...
Path '/data/oss_bucket_0/qihang/gui_agent/images/ui_tars_zh_simulator/device1/instruction_1/sample_0/step_7.png' does not exist. Sleeping for 1 seconds...
Path '/data/oss_bucket_0/qihang/gui_agent/images/ui_tars_zh_simulator/device1/instruction_1/sample_0/step_7.png' exists! Reading the file...
Path '/data/oss_bucket_0/qihang/gui_agent/images/ui_tars_zh_simulator/device1/instruction_1/sample_0/step_6.png' exists! Reading the file...
Model Thought/Action: {'action': 'continue', 'thought': 'No tool call found.'}
--- Step 8 ---
Path '/data/oss_bucket_0/qihang/gui_agent/images/ui_tars_zh_simulator/device1/instruction_1/sample_0/step_8.png' does not exist. Sleeping for 1 seconds...
Path '/data/oss_bucket_0/qihang/gui_agent/images/ui_tars_zh_simulator/device1/instruction_1/sample_0/step_8.png' does not exist. Sleeping for 1 seconds...
Path '/data/oss_bucket_0/qihang/gui_agent/images/ui_tars_zh_simulator/device1/instruction_1/sample_0/step_8.png' does not exist. Sleeping for 1 seconds...
Path '/data/oss_bucket_0/qihang/gui_agent/images/ui_tars_zh_simulator/device1/instruction_1/sample_0/step_8.png' does not exist. Sleeping for 1 seconds...
Path '/data/oss_bucket_0/qihang/gui_agent/images/ui_tars_zh_simulator/device1/instruction_1/sample_0/step_8.png' does not exist. Sleeping for 1 seconds...
Path '/data/oss_bucket_0/qihang/gui_agent/images/ui_tars_zh_simulator/device1/instruction_1/sample_0/step_8.png' does not exist. Sleeping for 1 seconds...
Path '/data/oss_bucket_0/qihang/gui_agent/images/ui_tars_zh_simulator/device1/instruction_1/sample_0/step_8.png' exists! Reading the file...
Path '/data/oss_bucket_0/qihang/gui_agent/images/ui_tars_zh_simulator/device1/instruction_1/sample_0/step_7.png' exists! Reading the file...
Model Thought/Action: {'action': 'continue', 'thought': 'No tool call found.'}
--- Step 9 ---
Path '/data/oss_bucket_0/qihang/gui_agent/images/ui_tars_zh_simulator/device1/instruction_1/sample_0/step_9.png' does not exist. Sleeping for 1 seconds...
Path '/data/oss_bucket_0/qihang/gui_agent/images/ui_tars_zh_simulator/device1/instruction_1/sample_0/step_9.png' does not exist. Sleeping for 1 seconds...
Path '/data/oss_bucket_0/qihang/gui_agent/images/ui_tars_zh_simulator/device1/instruction_1/sample_0/step_9.png' does not exist. Sleeping for 1 seconds...
Path '/data/oss_bucket_0/qihang/gui_agent/images/ui_tars_zh_simulator/device1/instruction_1/sample_0/step_9.png' does not exist. Sleeping for 1 seconds...
Path '/data/oss_bucket_0/qihang/gui_agent/images/ui_tars_zh_simulator/device1/instruction_1/sample_0/step_9.png' does not exist. Sleeping for 1 seconds...
Path '/data/oss_bucket_0/qihang/gui_agent/images/ui_tars_zh_simulator/device1/instruction_1/sample_0/step_9.png' does not exist. Sleeping for 1 seconds...
Path '/data/oss_bucket_0/qihang/gui_agent/images/ui_tars_zh_simulator/device1/instruction_1/sample_0/step_9.png' exists! Reading the file...
Path '/data/oss_bucket_0/qihang/gui_agent/images/ui_tars_zh_simulator/device1/instruction_1/sample_0/step_8.png' exists! Reading the file...
Model Thought/Action: {'action': 'continue', 'thought': 'No tool call found.'}
--- Step 10 ---
Path '/data/oss_bucket_0/qihang/gui_agent/images/ui_tars_zh_simulator/device1/instruction_1/sample_0/step_10.png' does not exist. Sleeping for 1 seconds...
Path '/data/oss_bucket_0/qihang/gui_agent/images/ui_tars_zh_simulator/device1/instruction_1/sample_0/step_10.png' does not exist. Sleeping for 1 seconds...
Path '/data/oss_bucket_0/qihang/gui_agent/images/ui_tars_zh_simulator/device1/instruction_1/sample_0/step_10.png' does not exist. Sleeping for 1 seconds...
Path '/data/oss_bucket_0/qihang/gui_agent/images/ui_tars_zh_simulator/device1/instruction_1/sample_0/step_10.png' does not exist. Sleeping for 1 seconds...
Path '/data/oss_bucket_0/qihang/gui_agent/images/ui_tars_zh_simulator/device1/instruction_1/sample_0/step_10.png' does not exist. Sleeping for 1 seconds...
Path '/data/oss_bucket_0/qihang/gui_agent/images/ui_tars_zh_simulator/device1/instruction_1/sample_0/step_10.png' does not exist. Sleeping for 1 seconds...
Path '/data/oss_bucket_0/qihang/gui_agent/images/ui_tars_zh_simulator/device1/instruction_1/sample_0/step_10.png' exists! Reading the file...
Path '/data/oss_bucket_0/qihang/gui_agent/images/ui_tars_zh_simulator/device1/instruction_1/sample_0/step_9.png' exists! Reading the file...
Model Thought/Action: {'action': 'continue', 'thought': 'No tool call found.'}
--- Step 11 ---
Path '/data/oss_bucket_0/qihang/gui_agent/images/ui_tars_zh_simulator/device1/instruction_1/sample_0/step_11.png' does not exist. Sleeping for 1 seconds...
Path '/data/oss_bucket_0/qihang/gui_agent/images/ui_tars_zh_simulator/device1/instruction_1/sample_0/step_11.png' does not exist. Sleeping for 1 seconds...
Path '/data/oss_bucket_0/qihang/gui_agent/images/ui_tars_zh_simulator/device1/instruction_1/sample_0/step_11.png' does not exist. Sleeping for 1 seconds...
Path '/data/oss_bucket_0/qihang/gui_agent/images/ui_tars_zh_simulator/device1/instruction_1/sample_0/step_11.png' does not exist. Sleeping for 1 seconds...
Path '/data/oss_bucket_0/qihang/gui_agent/images/ui_tars_zh_simulator/device1/instruction_1/sample_0/step_11.png' does not exist. Sleeping for 1 seconds...
Path '/data/oss_bucket_0/qihang/gui_agent/images/ui_tars_zh_simulator/device1/instruction_1/sample_0/step_11.png' does not exist. Sleeping for 1 seconds...
Path '/data/oss_bucket_0/qihang/gui_agent/images/ui_tars_zh_simulator/device1/instruction_1/sample_0/step_11.png' exists! Reading the file...
Path '/data/oss_bucket_0/qihang/gui_agent/images/ui_tars_zh_simulator/device1/instruction_1/sample_0/step_10.png' exists! Reading the file...
Model Thought/Action: {'action': 'continue', 'thought': 'No tool call found.'}
--- Step 12 ---
Path '/data/oss_bucket_0/qihang/gui_agent/images/ui_tars_zh_simulator/device1/instruction_1/sample_0/step_12.png' does not exist. Sleeping for 1 seconds...
Path '/data/oss_bucket_0/qihang/gui_agent/images/ui_tars_zh_simulator/device1/instruction_1/sample_0/step_12.png' does not exist. Sleeping for 1 seconds...
Path '/data/oss_bucket_0/qihang/gui_agent/images/ui_tars_zh_simulator/device1/instruction_1/sample_0/step_12.png' does not exist. Sleeping for 1 seconds...
Path '/data/oss_bucket_0/qihang/gui_agent/images/ui_tars_zh_simulator/device1/instruction_1/sample_0/step_12.png' does not exist. Sleeping for 1 seconds...
Path '/data/oss_bucket_0/qihang/gui_agent/images/ui_tars_zh_simulator/device1/instruction_1/sample_0/step_12.png' does not exist. Sleeping for 1 seconds...
Path '/data/oss_bucket_0/qihang/gui_agent/images/ui_tars_zh_simulator/device1/instruction_1/sample_0/step_12.png' does not exist. Sleeping for 1 seconds...
Path '/data/oss_bucket_0/qihang/gui_agent/images/ui_tars_zh_simulator/device1/instruction_1/sample_0/step_12.png' exists! Reading the file...
Path '/data/oss_bucket_0/qihang/gui_agent/images/ui_tars_zh_simulator/device1/instruction_1/sample_0/step_11.png' exists! Reading the file...
Model Thought/Action: {'action': 'continue', 'thought': 'No tool call found.'}
--- Step 13 ---
Path '/data/oss_bucket_0/qihang/gui_agent/images/ui_tars_zh_simulator/device1/instruction_1/sample_0/step_13.png' does not exist. Sleeping for 1 seconds...
Path '/data/oss_bucket_0/qihang/gui_agent/images/ui_tars_zh_simulator/device1/instruction_1/sample_0/step_13.png' does not exist. Sleeping for 1 seconds...
Path '/data/oss_bucket_0/qihang/gui_agent/images/ui_tars_zh_simulator/device1/instruction_1/sample_0/step_13.png' does not exist. Sleeping for 1 seconds...
Path '/data/oss_bucket_0/qihang/gui_agent/images/ui_tars_zh_simulator/device1/instruction_1/sample_0/step_13.png' does not exist. Sleeping for 1 seconds...
Path '/data/oss_bucket_0/qihang/gui_agent/images/ui_tars_zh_simulator/device1/instruction_1/sample_0/step_13.png' does not exist. Sleeping for 1 seconds...
Path '/data/oss_bucket_0/qihang/gui_agent/images/ui_tars_zh_simulator/device1/instruction_1/sample_0/step_13.png' does not exist. Sleeping for 1 seconds...
Path '/data/oss_bucket_0/qihang/gui_agent/images/ui_tars_zh_simulator/device1/instruction_1/sample_0/step_13.png' exists! Reading the file...
Path '/data/oss_bucket_0/qihang/gui_agent/images/ui_tars_zh_simulator/device1/instruction_1/sample_0/step_12.png' exists! Reading the file...
Model Thought/Action: {'action': 'continue', 'thought': 'No tool call found.'}
--- Step 14 ---
Path '/data/oss_bucket_0/qihang/gui_agent/images/ui_tars_zh_simulator/device1/instruction_1/sample_0/step_14.png' does not exist. Sleeping for 1 seconds...
Path '/data/oss_bucket_0/qihang/gui_agent/images/ui_tars_zh_simulator/device1/instruction_1/sample_0/step_14.png' does not exist. Sleeping for 1 seconds...
Path '/data/oss_bucket_0/qihang/gui_agent/images/ui_tars_zh_simulator/device1/instruction_1/sample_0/step_14.png' does not exist. Sleeping for 1 seconds...
Path '/data/oss_bucket_0/qihang/gui_agent/images/ui_tars_zh_simulator/device1/instruction_1/sample_0/step_14.png' does not exist. Sleeping for 1 seconds...
Path '/data/oss_bucket_0/qihang/gui_agent/images/ui_tars_zh_simulator/device1/instruction_1/sample_0/step_14.png' does not exist. Sleeping for 1 seconds...
Path '/data/oss_bucket_0/qihang/gui_agent/images/ui_tars_zh_simulator/device1/instruction_1/sample_0/step_14.png' does not exist. Sleeping for 1 seconds...
Path '/data/oss_bucket_0/qihang/gui_agent/images/ui_tars_zh_simulator/device1/instruction_1/sample_0/step_14.png' exists! Reading the file...
Path '/data/oss_bucket_0/qihang/gui_agent/images/ui_tars_zh_simulator/device1/instruction_1/sample_0/step_13.png' exists! Reading the file...
Model Thought/Action: {'action': 'continue', 'thought': 'No tool call found.'}
--- Judging with GPT-4o ---
GPT-4o Evaluation Response: {'reason': "The agent repeatedly attempted to click on the home screen without any progress towards opening the WeChat application. The actions were redundant and did not contribute to achieving the task of opening WeChat and browsing the user's Moments. There was no attempt to seek user interaction or correct the repetitive actions.", 'reward': 0, 'status': 'failure', 'inquiry': 'failure'}
Evaluating Instructions:   1%|          | 1/95 [10:33<16:32:09, 633.29s/it]
===== Evaluating Instruction 2/95 =====
Instruction: 打开qq给我的任意好友发送一条消息，内容为“你好，今天心情怎么样呀？”。
--- Step 0 ---
Path '/data/oss_bucket_0/qihang/gui_agent/images/ui_tars_zh_simulator/device1/instruction_2/sample_0/step_0.png' exists! Reading the file...
Model Thought/Action: {'action': 'continue', 'thought': 'No tool call found.'}
--- Step 1 ---
Path '/data/oss_bucket_0/qihang/gui_agent/images/ui_tars_zh_simulator/device1/instruction_2/sample_0/step_1.png' does not exist. Sleeping for 1 seconds...
Path '/data/oss_bucket_0/qihang/gui_agent/images/ui_tars_zh_simulator/device1/instruction_2/sample_0/step_1.png' does not exist. Sleeping for 1 seconds...
Path '/data/oss_bucket_0/qihang/gui_agent/images/ui_tars_zh_simulator/device1/instruction_2/sample_0/step_1.png' does not exist. Sleeping for 1 seconds...
Path '/data/oss_bucket_0/qihang/gui_agent/images/ui_tars_zh_simulator/device1/instruction_2/sample_0/step_1.png' does not exist. Sleeping for 1 seconds...
Path '/data/oss_bucket_0/qihang/gui_agent/images/ui_tars_zh_simulator/device1/instruction_2/sample_0/step_1.png' does not exist. Sleeping for 1 seconds...
Path '/data/oss_bucket_0/qihang/gui_agent/images/ui_tars_zh_simulator/device1/instruction_2/sample_0/step_1.png' does not exist. Sleeping for 1 seconds...
Path '/data/oss_bucket_0/qihang/gui_agent/images/ui_tars_zh_simulator/device1/instruction_2/sample_0/step_1.png' does not exist. Sleeping for 1 seconds...
Path '/data/oss_bucket_0/qihang/gui_agent/images/ui_tars_zh_simulator/device1/instruction_2/sample_0/step_1.png' does not exist. Sleeping for 1 seconds...
Path '/data/oss_bucket_0/qihang/gui_agent/images/ui_tars_zh_simulator/device1/instruction_2/sample_0/step_1.png' does not exist. Sleeping for 1 seconds...
Path '/data/oss_bucket_0/qihang/gui_agent/images/ui_tars_zh_simulator/device1/instruction_2/sample_0/step_1.png' does not exist. Sleeping for 1 seconds...
Path '/data/oss_bucket_0/qihang/gui_agent/images/ui_tars_zh_simulator/device1/instruction_2/sample_0/step_1.png' does not exist. Sleeping for 1 seconds...
2025-07-25 00:55:03.229138: I tensorflow/core/util/port.cc:113] oneDNN custom operations are on. You may see slightly different numerical results due to floating-point round-off errors from different computation orders. To turn them off, set the environment variable `TF_ENABLE_ONEDNN_OPTS=0`.
2025-07-25 00:55:03.272245: E external/local_xla/xla/stream_executor/cuda/cuda_dnn.cc:9261] Unable to register cuDNN factory: Attempting to register factory for plugin cuDNN when one has already been registered
2025-07-25 00:55:03.272295: E external/local_xla/xla/stream_executor/cuda/cuda_fft.cc:607] Unable to register cuFFT factory: Attempting to register factory for plugin cuFFT when one has already been registered
2025-07-25 00:55:03.273692: E external/local_xla/xla/stream_executor/cuda/cuda_blas.cc:1515] Unable to register cuBLAS factory: Attempting to register factory for plugin cuBLAS when one has already been registered
2025-07-25 00:55:03.280925: I tensorflow/core/platform/cpu_feature_guard.cc:182] This TensorFlow binary is optimized to use available CPU instructions in performance-critical operations.
To enable the following instructions: AVX2 AVX512F AVX512_VNNI AVX512_BF16 AVX_VNNI AMX_TILE AMX_INT8 AMX_BF16 FMA, in other operations, rebuild TensorFlow with the appropriate compiler flags.
2025-07-25 00:55:07.963878: W tensorflow/compiler/tf2tensorrt/utils/py_utils.cc:38] TF-TRT Warning: Could not find TensorRT
[2025-07-25 00:55:25,996] [INFO] [real_accelerator.py:254:get_accelerator] Setting ds_accelerator to cuda (auto detect)
Warning: The cache directory for DeepSpeed Triton autotune, /home/aiqihang.aqh/.triton/autotune, appears to be on an NFS system. While this is generally acceptable, if you experience slowdowns or hanging when DeepSpeed exits, it is recommended to set the TRITON_CACHE_DIR environment variable to a non-NFS path.
[2025-07-25 00:55:30,102] [INFO] [logging.py:107:log_dist] [Rank -1] [TorchCheckpointEngine] Initialized with serialization = False
Using device: cuda
Using a slow image processor as `use_fast` is unset and a slow processor was saved with this model. `use_fast=True` will be the default behavior in v4.52, even if the model was saved with a slow processor. This will result in minor differences in outputs. You'll still be able to use a slow processor with `use_fast=False`.
You are attempting to use Flash Attention 2.0 with a model not initialized on GPU. Make sure to move the model to GPU after initializing it on CPU with `model.to('cuda')`.
Loading checkpoint shards:   0%|          | 0/2 [00:00<?, ?it/s]Loading checkpoint shards:  50%|█████     | 1/2 [00:02<00:02,  2.90s/it]Loading checkpoint shards: 100%|██████████| 2/2 [00:05<00:00,  2.47s/it]Loading checkpoint shards: 100%|██████████| 2/2 [00:05<00:00,  2.54s/it]
Loaded 39 instructions for evaluation.
Evaluating Instructions:   0%|          | 0/39 [00:00<?, ?it/s]
===== Evaluating Instruction 1/39 =====
Instruction: 使用唯品会搜索耐克的运动鞋，并将销量最高的商品收藏。
--- Step 0 ---
Path '/data/oss_bucket_0/qihang/gui_agent/images/ui_tars_zh_simulator/device1/instruction_3/sample_0/step_0.png' does not exist. Sleeping for 1 seconds...
Path '/data/oss_bucket_0/qihang/gui_agent/images/ui_tars_zh_simulator/device1/instruction_3/sample_0/step_0.png' does not exist. Sleeping for 1 seconds...
Path '/data/oss_bucket_0/qihang/gui_agent/images/ui_tars_zh_simulator/device1/instruction_3/sample_0/step_0.png' does not exist. Sleeping for 1 seconds...
Path '/data/oss_bucket_0/qihang/gui_agent/images/ui_tars_zh_simulator/device1/instruction_3/sample_0/step_0.png' does not exist. Sleeping for 1 seconds...
Path '/data/oss_bucket_0/qihang/gui_agent/images/ui_tars_zh_simulator/device1/instruction_3/sample_0/step_0.png' does not exist. Sleeping for 1 seconds...
Path '/data/oss_bucket_0/qihang/gui_agent/images/ui_tars_zh_simulator/device1/instruction_3/sample_0/step_0.png' does not exist. Sleeping for 1 seconds...
Path '/data/oss_bucket_0/qihang/gui_agent/images/ui_tars_zh_simulator/device1/instruction_3/sample_0/step_0.png' does not exist. Sleeping for 1 seconds...
Path '/data/oss_bucket_0/qihang/gui_agent/images/ui_tars_zh_simulator/device1/instruction_3/sample_0/step_0.png' does not exist. Sleeping for 1 seconds...
Path '/data/oss_bucket_0/qihang/gui_agent/images/ui_tars_zh_simulator/device1/instruction_3/sample_0/step_0.png' does not exist. Sleeping for 1 seconds...
Path '/data/oss_bucket_0/qihang/gui_agent/images/ui_tars_zh_simulator/device1/instruction_3/sample_0/step_0.png' does not exist. Sleeping for 1 seconds...
Path '/data/oss_bucket_0/qihang/gui_agent/images/ui_tars_zh_simulator/device1/instruction_3/sample_0/step_0.png' does not exist. Sleeping for 1 seconds...
Path '/data/oss_bucket_0/qihang/gui_agent/images/ui_tars_zh_simulator/device1/instruction_3/sample_0/step_0.png' does not exist. Sleeping for 1 seconds...
Path '/data/oss_bucket_0/qihang/gui_agent/images/ui_tars_zh_simulator/device1/instruction_3/sample_0/step_0.png' does not exist. Sleeping for 1 seconds...
Path '/data/oss_bucket_0/qihang/gui_agent/images/ui_tars_zh_simulator/device1/instruction_3/sample_0/step_0.png' does not exist. Sleeping for 1 seconds...
Path '/data/oss_bucket_0/qihang/gui_agent/images/ui_tars_zh_simulator/device1/instruction_3/sample_0/step_0.png' does not exist. Sleeping for 1 seconds...
Path '/data/oss_bucket_0/qihang/gui_agent/images/ui_tars_zh_simulator/device1/instruction_3/sample_0/step_0.png' does not exist. Sleeping for 1 seconds...
Path '/data/oss_bucket_0/qihang/gui_agent/images/ui_tars_zh_simulator/device1/instruction_3/sample_0/step_0.png' does not exist. Sleeping for 1 seconds...
Path '/data/oss_bucket_0/qihang/gui_agent/images/ui_tars_zh_simulator/device1/instruction_3/sample_0/step_0.png' does not exist. Sleeping for 1 seconds...
Path '/data/oss_bucket_0/qihang/gui_agent/images/ui_tars_zh_simulator/device1/instruction_3/sample_0/step_0.png' does not exist. Sleeping for 1 seconds...
Path '/data/oss_bucket_0/qihang/gui_agent/images/ui_tars_zh_simulator/device1/instruction_3/sample_0/step_0.png' does not exist. Sleeping for 1 seconds...
Path '/data/oss_bucket_0/qihang/gui_agent/images/ui_tars_zh_simulator/device1/instruction_3/sample_0/step_0.png' does not exist. Sleeping for 1 seconds...
Path '/data/oss_bucket_0/qihang/gui_agent/images/ui_tars_zh_simulator/device1/instruction_3/sample_0/step_0.png' does not exist. Sleeping for 1 seconds...
Path '/data/oss_bucket_0/qihang/gui_agent/images/ui_tars_zh_simulator/device1/instruction_3/sample_0/step_0.png' does not exist. Sleeping for 1 seconds...
Path '/data/oss_bucket_0/qihang/gui_agent/images/ui_tars_zh_simulator/device1/instruction_3/sample_0/step_0.png' does not exist. Sleeping for 1 seconds...
Path '/data/oss_bucket_0/qihang/gui_agent/images/ui_tars_zh_simulator/device1/instruction_3/sample_0/step_0.png' does not exist. Sleeping for 1 seconds...
Path '/data/oss_bucket_0/qihang/gui_agent/images/ui_tars_zh_simulator/device1/instruction_3/sample_0/step_0.png' does not exist. Sleeping for 1 seconds...
Path '/data/oss_bucket_0/qihang/gui_agent/images/ui_tars_zh_simulator/device1/instruction_3/sample_0/step_0.png' does not exist. Sleeping for 1 seconds...
Path '/data/oss_bucket_0/qihang/gui_agent/images/ui_tars_zh_simulator/device1/instruction_3/sample_0/step_0.png' does not exist. Sleeping for 1 seconds...
Path '/data/oss_bucket_0/qihang/gui_agent/images/ui_tars_zh_simulator/device1/instruction_3/sample_0/step_0.png' does not exist. Sleeping for 1 seconds...
Traceback (most recent call last):
  File "/home/aiqihang.aqh/.conda/envs/r1-v/bin/torchrun", line 8, in <module>
    sys.exit(main())
             ^^^^^^
  File "/home/aiqihang.aqh/.conda/envs/r1-v/lib/python3.11/site-packages/torch/distributed/elastic/multiprocessing/errors/__init__.py", line 355, in wrapper
    return f(*args, **kwargs)
           ^^^^^^^^^^^^^^^^^^
  File "/home/aiqihang.aqh/.conda/envs/r1-v/lib/python3.11/site-packages/torch/distributed/run.py", line 892, in main
    run(args)
  File "/home/aiqihang.aqh/.conda/envs/r1-v/lib/python3.11/site-packages/torch/distributed/run.py", line 883, in run
    elastic_launch(
  File "/home/aiqihang.aqh/.conda/envs/r1-v/lib/python3.11/site-packages/torch/distributed/launcher/api.py", line 139, in __call__
    return launch_agent(self._config, self._entrypoint, list(args))
           ^^^^^^^^^^^^^^^^^^^^^^^^^^^^^^^^^^^^^^^^^^^^^^^^^^^^^^^^
  File "/home/aiqihang.aqh/.conda/envs/r1-v/lib/python3.11/site-packages/torch/distributed/launcher/api.py", line 261, in launch_agent
    result = agent.run()
             ^^^^^^^^^^^
  File "/home/aiqihang.aqh/.conda/envs/r1-v/lib/python3.11/site-packages/torch/distributed/elastic/metrics/api.py", line 138, in wrapper
    result = f(*args, **kwargs)
             ^^^^^^^^^^^^^^^^^^
  File "/home/aiqihang.aqh/.conda/envs/r1-v/lib/python3.11/site-packages/torch/distributed/elastic/agent/server/api.py", line 711, in run
    result = self._invoke_run(role)
             ^^^^^^^^^^^^^^^^^^^^^^
  File "/home/aiqihang.aqh/.conda/envs/r1-v/lib/python3.11/site-packages/torch/distributed/elastic/agent/server/api.py", line 864, in _invoke_run
    self._initialize_workers(self._worker_group)
  File "/home/aiqihang.aqh/.conda/envs/r1-v/lib/python3.11/site-packages/torch/distributed/elastic/metrics/api.py", line 138, in wrapper
    result = f(*args, **kwargs)
             ^^^^^^^^^^^^^^^^^^
  File "/home/aiqihang.aqh/.conda/envs/r1-v/lib/python3.11/site-packages/torch/distributed/elastic/agent/server/api.py", line 683, in _initialize_workers
    self._rendezvous(worker_group)
  File "/home/aiqihang.aqh/.conda/envs/r1-v/lib/python3.11/site-packages/torch/distributed/elastic/metrics/api.py", line 138, in wrapper
    result = f(*args, **kwargs)
             ^^^^^^^^^^^^^^^^^^
  File "/home/aiqihang.aqh/.conda/envs/r1-v/lib/python3.11/site-packages/torch/distributed/elastic/agent/server/api.py", line 500, in _rendezvous
    rdzv_info = spec.rdzv_handler.next_rendezvous()
                ^^^^^^^^^^^^^^^^^^^^^^^^^^^^^^^^^^^
  File "/home/aiqihang.aqh/.conda/envs/r1-v/lib/python3.11/site-packages/torch/distributed/elastic/rendezvous/static_tcp_rendezvous.py", line 67, in next_rendezvous
    self._store = TCPStore(  # type: ignore[call-arg]
                  ^^^^^^^^^^^^^^^^^^^^^^^^^^^^^^^^^^^
torch.distributed.DistNetworkError: The server socket has failed to listen on any local network address. port: 13126, useIpv6: false, code: -98, name: EADDRINUSE, message: address already in use
2025-07-25 00:57:46.201360: I tensorflow/core/util/port.cc:113] oneDNN custom operations are on. You may see slightly different numerical results due to floating-point round-off errors from different computation orders. To turn them off, set the environment variable `TF_ENABLE_ONEDNN_OPTS=0`.
2025-07-25 00:57:46.240693: E external/local_xla/xla/stream_executor/cuda/cuda_dnn.cc:9261] Unable to register cuDNN factory: Attempting to register factory for plugin cuDNN when one has already been registered
2025-07-25 00:57:46.240739: E external/local_xla/xla/stream_executor/cuda/cuda_fft.cc:607] Unable to register cuFFT factory: Attempting to register factory for plugin cuFFT when one has already been registered
2025-07-25 00:57:46.241954: E external/local_xla/xla/stream_executor/cuda/cuda_blas.cc:1515] Unable to register cuBLAS factory: Attempting to register factory for plugin cuBLAS when one has already been registered
2025-07-25 00:57:46.248223: I tensorflow/core/platform/cpu_feature_guard.cc:182] This TensorFlow binary is optimized to use available CPU instructions in performance-critical operations.
To enable the following instructions: AVX2 AVX512F AVX512_VNNI AVX512_BF16 AVX_VNNI AMX_TILE AMX_INT8 AMX_BF16 FMA, in other operations, rebuild TensorFlow with the appropriate compiler flags.
2025-07-25 00:57:56.217843: W tensorflow/compiler/tf2tensorrt/utils/py_utils.cc:38] TF-TRT Warning: Could not find TensorRT
[2025-07-25 00:58:30,387] [INFO] [real_accelerator.py:254:get_accelerator] Setting ds_accelerator to cuda (auto detect)
Warning: The cache directory for DeepSpeed Triton autotune, /home/aiqihang.aqh/.triton/autotune, appears to be on an NFS system. While this is generally acceptable, if you experience slowdowns or hanging when DeepSpeed exits, it is recommended to set the TRITON_CACHE_DIR environment variable to a non-NFS path.
[2025-07-25 00:58:36,199] [INFO] [logging.py:107:log_dist] [Rank -1] [TorchCheckpointEngine] Initialized with serialization = False
Using device: cuda
Using a slow image processor as `use_fast` is unset and a slow processor was saved with this model. `use_fast=True` will be the default behavior in v4.52, even if the model was saved with a slow processor. This will result in minor differences in outputs. You'll still be able to use a slow processor with `use_fast=False`.
You are attempting to use Flash Attention 2.0 with a model not initialized on GPU. Make sure to move the model to GPU after initializing it on CPU with `model.to('cuda')`.
Loading checkpoint shards:   0%|          | 0/2 [00:00<?, ?it/s]Loading checkpoint shards:  50%|█████     | 1/2 [00:02<00:02,  2.46s/it]Loading checkpoint shards: 100%|██████████| 2/2 [00:04<00:00,  2.07s/it]Loading checkpoint shards: 100%|██████████| 2/2 [00:04<00:00,  2.13s/it]
Loaded 41 instructions for evaluation.
Evaluating Instructions:   0%|          | 0/41 [00:00<?, ?it/s]
===== Evaluating Instruction 1/41 =====
Instruction: 使用唯品会搜索mlb的棒球帽。
--- Step 0 ---
Path '/data/oss_bucket_0/qihang/gui_agent/images/ui_tars_zh_simulator/device1/instruction_1/sample_0/step_0.png' does not exist. Sleeping for 1 seconds...
Path '/data/oss_bucket_0/qihang/gui_agent/images/ui_tars_zh_simulator/device1/instruction_1/sample_0/step_0.png' does not exist. Sleeping for 1 seconds...
Path '/data/oss_bucket_0/qihang/gui_agent/images/ui_tars_zh_simulator/device1/instruction_1/sample_0/step_0.png' does not exist. Sleeping for 1 seconds...
Path '/data/oss_bucket_0/qihang/gui_agent/images/ui_tars_zh_simulator/device1/instruction_1/sample_0/step_0.png' does not exist. Sleeping for 1 seconds...
Path '/data/oss_bucket_0/qihang/gui_agent/images/ui_tars_zh_simulator/device1/instruction_1/sample_0/step_0.png' does not exist. Sleeping for 1 seconds...
Path '/data/oss_bucket_0/qihang/gui_agent/images/ui_tars_zh_simulator/device1/instruction_1/sample_0/step_0.png' does not exist. Sleeping for 1 seconds...
Path '/data/oss_bucket_0/qihang/gui_agent/images/ui_tars_zh_simulator/device1/instruction_1/sample_0/step_0.png' does not exist. Sleeping for 1 seconds...
Path '/data/oss_bucket_0/qihang/gui_agent/images/ui_tars_zh_simulator/device1/instruction_1/sample_0/step_0.png' does not exist. Sleeping for 1 seconds...
Path '/data/oss_bucket_0/qihang/gui_agent/images/ui_tars_zh_simulator/device1/instruction_1/sample_0/step_0.png' does not exist. Sleeping for 1 seconds...
Path '/data/oss_bucket_0/qihang/gui_agent/images/ui_tars_zh_simulator/device1/instruction_1/sample_0/step_0.png' does not exist. Sleeping for 1 seconds...
Path '/data/oss_bucket_0/qihang/gui_agent/images/ui_tars_zh_simulator/device1/instruction_1/sample_0/step_0.png' does not exist. Sleeping for 1 seconds...
Path '/data/oss_bucket_0/qihang/gui_agent/images/ui_tars_zh_simulator/device1/instruction_1/sample_0/step_0.png' does not exist. Sleeping for 1 seconds...
Path '/data/oss_bucket_0/qihang/gui_agent/images/ui_tars_zh_simulator/device1/instruction_1/sample_0/step_0.png' does not exist. Sleeping for 1 seconds...
Path '/data/oss_bucket_0/qihang/gui_agent/images/ui_tars_zh_simulator/device1/instruction_1/sample_0/step_0.png' does not exist. Sleeping for 1 seconds...
Path '/data/oss_bucket_0/qihang/gui_agent/images/ui_tars_zh_simulator/device1/instruction_1/sample_0/step_0.png' does not exist. Sleeping for 1 seconds...
Path '/data/oss_bucket_0/qihang/gui_agent/images/ui_tars_zh_simulator/device1/instruction_1/sample_0/step_0.png' does not exist. Sleeping for 1 seconds...
Path '/data/oss_bucket_0/qihang/gui_agent/images/ui_tars_zh_simulator/device1/instruction_1/sample_0/step_0.png' does not exist. Sleeping for 1 seconds...
Path '/data/oss_bucket_0/qihang/gui_agent/images/ui_tars_zh_simulator/device1/instruction_1/sample_0/step_0.png' does not exist. Sleeping for 1 seconds...
Path '/data/oss_bucket_0/qihang/gui_agent/images/ui_tars_zh_simulator/device1/instruction_1/sample_0/step_0.png' does not exist. Sleeping for 1 seconds...
Path '/data/oss_bucket_0/qihang/gui_agent/images/ui_tars_zh_simulator/device1/instruction_1/sample_0/step_0.png' does not exist. Sleeping for 1 seconds...
Path '/data/oss_bucket_0/qihang/gui_agent/images/ui_tars_zh_simulator/device1/instruction_1/sample_0/step_0.png' does not exist. Sleeping for 1 seconds...
Path '/data/oss_bucket_0/qihang/gui_agent/images/ui_tars_zh_simulator/device1/instruction_1/sample_0/step_0.png' does not exist. Sleeping for 1 seconds...
Path '/data/oss_bucket_0/qihang/gui_agent/images/ui_tars_zh_simulator/device1/instruction_1/sample_0/step_0.png' does not exist. Sleeping for 1 seconds...
Path '/data/oss_bucket_0/qihang/gui_agent/images/ui_tars_zh_simulator/device1/instruction_1/sample_0/step_0.png' does not exist. Sleeping for 1 seconds...
Path '/data/oss_bucket_0/qihang/gui_agent/images/ui_tars_zh_simulator/device1/instruction_1/sample_0/step_0.png' does not exist. Sleeping for 1 seconds...
Path '/data/oss_bucket_0/qihang/gui_agent/images/ui_tars_zh_simulator/device1/instruction_1/sample_0/step_0.png' does not exist. Sleeping for 1 seconds...
Path '/data/oss_bucket_0/qihang/gui_agent/images/ui_tars_zh_simulator/device1/instruction_1/sample_0/step_0.png' does not exist. Sleeping for 1 seconds...
Path '/data/oss_bucket_0/qihang/gui_agent/images/ui_tars_zh_simulator/device1/instruction_1/sample_0/step_0.png' does not exist. Sleeping for 1 seconds...
Path '/data/oss_bucket_0/qihang/gui_agent/images/ui_tars_zh_simulator/device1/instruction_1/sample_0/step_0.png' does not exist. Sleeping for 1 seconds...
Path '/data/oss_bucket_0/qihang/gui_agent/images/ui_tars_zh_simulator/device1/instruction_1/sample_0/step_0.png' does not exist. Sleeping for 1 seconds...
Path '/data/oss_bucket_0/qihang/gui_agent/images/ui_tars_zh_simulator/device1/instruction_1/sample_0/step_0.png' does not exist. Sleeping for 1 seconds...
Path '/data/oss_bucket_0/qihang/gui_agent/images/ui_tars_zh_simulator/device1/instruction_1/sample_0/step_0.png' does not exist. Sleeping for 1 seconds...
Path '/data/oss_bucket_0/qihang/gui_agent/images/ui_tars_zh_simulator/device1/instruction_1/sample_0/step_0.png' does not exist. Sleeping for 1 seconds...
Path '/data/oss_bucket_0/qihang/gui_agent/images/ui_tars_zh_simulator/device1/instruction_1/sample_0/step_0.png' does not exist. Sleeping for 1 seconds...
Path '/data/oss_bucket_0/qihang/gui_agent/images/ui_tars_zh_simulator/device1/instruction_1/sample_0/step_0.png' does not exist. Sleeping for 1 seconds...
Path '/data/oss_bucket_0/qihang/gui_agent/images/ui_tars_zh_simulator/device1/instruction_1/sample_0/step_0.png' does not exist. Sleeping for 1 seconds...
Path '/data/oss_bucket_0/qihang/gui_agent/images/ui_tars_zh_simulator/device1/instruction_1/sample_0/step_0.png' does not exist. Sleeping for 1 seconds...
Path '/data/oss_bucket_0/qihang/gui_agent/images/ui_tars_zh_simulator/device1/instruction_1/sample_0/step_0.png' does not exist. Sleeping for 1 seconds...
Path '/data/oss_bucket_0/qihang/gui_agent/images/ui_tars_zh_simulator/device1/instruction_1/sample_0/step_0.png' does not exist. Sleeping for 1 seconds...
Path '/data/oss_bucket_0/qihang/gui_agent/images/ui_tars_zh_simulator/device1/instruction_1/sample_0/step_0.png' does not exist. Sleeping for 1 seconds...
Path '/data/oss_bucket_0/qihang/gui_agent/images/ui_tars_zh_simulator/device1/instruction_1/sample_0/step_0.png' does not exist. Sleeping for 1 seconds...
Path '/data/oss_bucket_0/qihang/gui_agent/images/ui_tars_zh_simulator/device1/instruction_1/sample_0/step_0.png' does not exist. Sleeping for 1 seconds...
Path '/data/oss_bucket_0/qihang/gui_agent/images/ui_tars_zh_simulator/device1/instruction_1/sample_0/step_0.png' does not exist. Sleeping for 1 seconds...
Path '/data/oss_bucket_0/qihang/gui_agent/images/ui_tars_zh_simulator/device1/instruction_1/sample_0/step_0.png' does not exist. Sleeping for 1 seconds...
Path '/data/oss_bucket_0/qihang/gui_agent/images/ui_tars_zh_simulator/device1/instruction_1/sample_0/step_0.png' does not exist. Sleeping for 1 seconds...
Path '/data/oss_bucket_0/qihang/gui_agent/images/ui_tars_zh_simulator/device1/instruction_1/sample_0/step_0.png' does not exist. Sleeping for 1 seconds...
Path '/data/oss_bucket_0/qihang/gui_agent/images/ui_tars_zh_simulator/device1/instruction_1/sample_0/step_0.png' does not exist. Sleeping for 1 seconds...
Path '/data/oss_bucket_0/qihang/gui_agent/images/ui_tars_zh_simulator/device1/instruction_1/sample_0/step_0.png' does not exist. Sleeping for 1 seconds...
Path '/data/oss_bucket_0/qihang/gui_agent/images/ui_tars_zh_simulator/device1/instruction_1/sample_0/step_0.png' does not exist. Sleeping for 1 seconds...
Path '/data/oss_bucket_0/qihang/gui_agent/images/ui_tars_zh_simulator/device1/instruction_1/sample_0/step_0.png' does not exist. Sleeping for 1 seconds...
Path '/data/oss_bucket_0/qihang/gui_agent/images/ui_tars_zh_simulator/device1/instruction_1/sample_0/step_0.png' does not exist. Sleeping for 1 seconds...
Path '/data/oss_bucket_0/qihang/gui_agent/images/ui_tars_zh_simulator/device1/instruction_1/sample_0/step_0.png' does not exist. Sleeping for 1 seconds...
Path '/data/oss_bucket_0/qihang/gui_agent/images/ui_tars_zh_simulator/device1/instruction_1/sample_0/step_0.png' does not exist. Sleeping for 1 seconds...
Path '/data/oss_bucket_0/qihang/gui_agent/images/ui_tars_zh_simulator/device1/instruction_1/sample_0/step_0.png' does not exist. Sleeping for 1 seconds...
Path '/data/oss_bucket_0/qihang/gui_agent/images/ui_tars_zh_simulator/device1/instruction_1/sample_0/step_0.png' does not exist. Sleeping for 1 seconds...
Path '/data/oss_bucket_0/qihang/gui_agent/images/ui_tars_zh_simulator/device1/instruction_1/sample_0/step_0.png' does not exist. Sleeping for 1 seconds...
Path '/data/oss_bucket_0/qihang/gui_agent/images/ui_tars_zh_simulator/device1/instruction_1/sample_0/step_0.png' does not exist. Sleeping for 1 seconds...
Path '/data/oss_bucket_0/qihang/gui_agent/images/ui_tars_zh_simulator/device1/instruction_1/sample_0/step_0.png' does not exist. Sleeping for 1 seconds...
Path '/data/oss_bucket_0/qihang/gui_agent/images/ui_tars_zh_simulator/device1/instruction_1/sample_0/step_0.png' does not exist. Sleeping for 1 seconds...
Path '/data/oss_bucket_0/qihang/gui_agent/images/ui_tars_zh_simulator/device1/instruction_1/sample_0/step_0.png' does not exist. Sleeping for 1 seconds...
Path '/data/oss_bucket_0/qihang/gui_agent/images/ui_tars_zh_simulator/device1/instruction_1/sample_0/step_0.png' does not exist. Sleeping for 1 seconds...
Path '/data/oss_bucket_0/qihang/gui_agent/images/ui_tars_zh_simulator/device1/instruction_1/sample_0/step_0.png' does not exist. Sleeping for 1 seconds...
Path '/data/oss_bucket_0/qihang/gui_agent/images/ui_tars_zh_simulator/device1/instruction_1/sample_0/step_0.png' does not exist. Sleeping for 1 seconds...
Path '/data/oss_bucket_0/qihang/gui_agent/images/ui_tars_zh_simulator/device1/instruction_1/sample_0/step_0.png' does not exist. Sleeping for 1 seconds...
Path '/data/oss_bucket_0/qihang/gui_agent/images/ui_tars_zh_simulator/device1/instruction_1/sample_0/step_0.png' does not exist. Sleeping for 1 seconds...
Path '/data/oss_bucket_0/qihang/gui_agent/images/ui_tars_zh_simulator/device1/instruction_1/sample_0/step_0.png' does not exist. Sleeping for 1 seconds...
Path '/data/oss_bucket_0/qihang/gui_agent/images/ui_tars_zh_simulator/device1/instruction_1/sample_0/step_0.png' exists! Reading the file...
`generation_config` default values have been modified to match model-specific defaults: {'bos_token_id': 151643}. If this is not desired, please set these values explicitly.
Model Thought/Action: {'action': 'error', 'thought': 'JSON decode error.'}
--- Step 1 ---
Path '/data/oss_bucket_0/qihang/gui_agent/images/ui_tars_zh_simulator/device1/instruction_1/sample_0/step_1.png' does not exist. Sleeping for 1 seconds...
Path '/data/oss_bucket_0/qihang/gui_agent/images/ui_tars_zh_simulator/device1/instruction_1/sample_0/step_1.png' does not exist. Sleeping for 1 seconds...
Path '/data/oss_bucket_0/qihang/gui_agent/images/ui_tars_zh_simulator/device1/instruction_1/sample_0/step_1.png' does not exist. Sleeping for 1 seconds...
Path '/data/oss_bucket_0/qihang/gui_agent/images/ui_tars_zh_simulator/device1/instruction_1/sample_0/step_1.png' does not exist. Sleeping for 1 seconds...
Path '/data/oss_bucket_0/qihang/gui_agent/images/ui_tars_zh_simulator/device1/instruction_1/sample_0/step_1.png' does not exist. Sleeping for 1 seconds...
Path '/data/oss_bucket_0/qihang/gui_agent/images/ui_tars_zh_simulator/device1/instruction_1/sample_0/step_1.png' does not exist. Sleeping for 1 seconds...
Path '/data/oss_bucket_0/qihang/gui_agent/images/ui_tars_zh_simulator/device1/instruction_1/sample_0/step_1.png' does not exist. Sleeping for 1 seconds...
Path '/data/oss_bucket_0/qihang/gui_agent/images/ui_tars_zh_simulator/device1/instruction_1/sample_0/step_1.png' does not exist. Sleeping for 1 seconds...
Path '/data/oss_bucket_0/qihang/gui_agent/images/ui_tars_zh_simulator/device1/instruction_1/sample_0/step_1.png' does not exist. Sleeping for 1 seconds...
Path '/data/oss_bucket_0/qihang/gui_agent/images/ui_tars_zh_simulator/device1/instruction_1/sample_0/step_1.png' does not exist. Sleeping for 1 seconds...
Path '/data/oss_bucket_0/qihang/gui_agent/images/ui_tars_zh_simulator/device1/instruction_1/sample_0/step_1.png' does not exist. Sleeping for 1 seconds...
Path '/data/oss_bucket_0/qihang/gui_agent/images/ui_tars_zh_simulator/device1/instruction_1/sample_0/step_1.png' does not exist. Sleeping for 1 seconds...
Path '/data/oss_bucket_0/qihang/gui_agent/images/ui_tars_zh_simulator/device1/instruction_1/sample_0/step_1.png' does not exist. Sleeping for 1 seconds...
Path '/data/oss_bucket_0/qihang/gui_agent/images/ui_tars_zh_simulator/device1/instruction_1/sample_0/step_1.png' does not exist. Sleeping for 1 seconds...
Path '/data/oss_bucket_0/qihang/gui_agent/images/ui_tars_zh_simulator/device1/instruction_1/sample_0/step_1.png' does not exist. Sleeping for 1 seconds...
Path '/data/oss_bucket_0/qihang/gui_agent/images/ui_tars_zh_simulator/device1/instruction_1/sample_0/step_1.png' does not exist. Sleeping for 1 seconds...
Path '/data/oss_bucket_0/qihang/gui_agent/images/ui_tars_zh_simulator/device1/instruction_1/sample_0/step_1.png' does not exist. Sleeping for 1 seconds...
Path '/data/oss_bucket_0/qihang/gui_agent/images/ui_tars_zh_simulator/device1/instruction_1/sample_0/step_1.png' does not exist. Sleeping for 1 seconds...
Path '/data/oss_bucket_0/qihang/gui_agent/images/ui_tars_zh_simulator/device1/instruction_1/sample_0/step_1.png' exists! Reading the file...
Path '/data/oss_bucket_0/qihang/gui_agent/images/ui_tars_zh_simulator/device1/instruction_1/sample_0/step_0.png' exists! Reading the file...
Model Thought/Action: {'action': 'error', 'thought': 'JSON decode error.'}
--- Step 2 ---
Path '/data/oss_bucket_0/qihang/gui_agent/images/ui_tars_zh_simulator/device1/instruction_1/sample_0/step_2.png' does not exist. Sleeping for 1 seconds...
Path '/data/oss_bucket_0/qihang/gui_agent/images/ui_tars_zh_simulator/device1/instruction_1/sample_0/step_2.png' does not exist. Sleeping for 1 seconds...
Path '/data/oss_bucket_0/qihang/gui_agent/images/ui_tars_zh_simulator/device1/instruction_1/sample_0/step_2.png' does not exist. Sleeping for 1 seconds...
Path '/data/oss_bucket_0/qihang/gui_agent/images/ui_tars_zh_simulator/device1/instruction_1/sample_0/step_2.png' does not exist. Sleeping for 1 seconds...
Path '/data/oss_bucket_0/qihang/gui_agent/images/ui_tars_zh_simulator/device1/instruction_1/sample_0/step_2.png' does not exist. Sleeping for 1 seconds...
Path '/data/oss_bucket_0/qihang/gui_agent/images/ui_tars_zh_simulator/device1/instruction_1/sample_0/step_2.png' does not exist. Sleeping for 1 seconds...
Path '/data/oss_bucket_0/qihang/gui_agent/images/ui_tars_zh_simulator/device1/instruction_1/sample_0/step_2.png' exists! Reading the file...
Path '/data/oss_bucket_0/qihang/gui_agent/images/ui_tars_zh_simulator/device1/instruction_1/sample_0/step_1.png' exists! Reading the file...
Model Thought/Action: {'action': 'error', 'thought': 'JSON decode error.'}
--- Step 3 ---
Path '/data/oss_bucket_0/qihang/gui_agent/images/ui_tars_zh_simulator/device1/instruction_1/sample_0/step_3.png' does not exist. Sleeping for 1 seconds...
Path '/data/oss_bucket_0/qihang/gui_agent/images/ui_tars_zh_simulator/device1/instruction_1/sample_0/step_3.png' does not exist. Sleeping for 1 seconds...
Path '/data/oss_bucket_0/qihang/gui_agent/images/ui_tars_zh_simulator/device1/instruction_1/sample_0/step_3.png' does not exist. Sleeping for 1 seconds...
Path '/data/oss_bucket_0/qihang/gui_agent/images/ui_tars_zh_simulator/device1/instruction_1/sample_0/step_3.png' does not exist. Sleeping for 1 seconds...
Path '/data/oss_bucket_0/qihang/gui_agent/images/ui_tars_zh_simulator/device1/instruction_1/sample_0/step_3.png' does not exist. Sleeping for 1 seconds...
Path '/data/oss_bucket_0/qihang/gui_agent/images/ui_tars_zh_simulator/device1/instruction_1/sample_0/step_3.png' does not exist. Sleeping for 1 seconds...
Path '/data/oss_bucket_0/qihang/gui_agent/images/ui_tars_zh_simulator/device1/instruction_1/sample_0/step_3.png' exists! Reading the file...
Path '/data/oss_bucket_0/qihang/gui_agent/images/ui_tars_zh_simulator/device1/instruction_1/sample_0/step_2.png' exists! Reading the file...
Model Thought/Action: {'action': 'error', 'thought': 'JSON decode error.'}
--- Step 4 ---
Path '/data/oss_bucket_0/qihang/gui_agent/images/ui_tars_zh_simulator/device1/instruction_1/sample_0/step_4.png' does not exist. Sleeping for 1 seconds...
Path '/data/oss_bucket_0/qihang/gui_agent/images/ui_tars_zh_simulator/device1/instruction_1/sample_0/step_4.png' does not exist. Sleeping for 1 seconds...
Path '/data/oss_bucket_0/qihang/gui_agent/images/ui_tars_zh_simulator/device1/instruction_1/sample_0/step_4.png' does not exist. Sleeping for 1 seconds...
Path '/data/oss_bucket_0/qihang/gui_agent/images/ui_tars_zh_simulator/device1/instruction_1/sample_0/step_4.png' does not exist. Sleeping for 1 seconds...
Path '/data/oss_bucket_0/qihang/gui_agent/images/ui_tars_zh_simulator/device1/instruction_1/sample_0/step_4.png' does not exist. Sleeping for 1 seconds...
Path '/data/oss_bucket_0/qihang/gui_agent/images/ui_tars_zh_simulator/device1/instruction_1/sample_0/step_4.png' does not exist. Sleeping for 1 seconds...
Path '/data/oss_bucket_0/qihang/gui_agent/images/ui_tars_zh_simulator/device1/instruction_1/sample_0/step_4.png' exists! Reading the file...
Path '/data/oss_bucket_0/qihang/gui_agent/images/ui_tars_zh_simulator/device1/instruction_1/sample_0/step_3.png' exists! Reading the file...
Model Thought/Action: {'action': 'error', 'thought': 'JSON decode error.'}
--- Step 5 ---
Path '/data/oss_bucket_0/qihang/gui_agent/images/ui_tars_zh_simulator/device1/instruction_1/sample_0/step_5.png' does not exist. Sleeping for 1 seconds...
Path '/data/oss_bucket_0/qihang/gui_agent/images/ui_tars_zh_simulator/device1/instruction_1/sample_0/step_5.png' does not exist. Sleeping for 1 seconds...
Path '/data/oss_bucket_0/qihang/gui_agent/images/ui_tars_zh_simulator/device1/instruction_1/sample_0/step_5.png' does not exist. Sleeping for 1 seconds...
Path '/data/oss_bucket_0/qihang/gui_agent/images/ui_tars_zh_simulator/device1/instruction_1/sample_0/step_5.png' does not exist. Sleeping for 1 seconds...
Path '/data/oss_bucket_0/qihang/gui_agent/images/ui_tars_zh_simulator/device1/instruction_1/sample_0/step_5.png' does not exist. Sleeping for 1 seconds...
Path '/data/oss_bucket_0/qihang/gui_agent/images/ui_tars_zh_simulator/device1/instruction_1/sample_0/step_5.png' does not exist. Sleeping for 1 seconds...
Path '/data/oss_bucket_0/qihang/gui_agent/images/ui_tars_zh_simulator/device1/instruction_1/sample_0/step_5.png' exists! Reading the file...
Path '/data/oss_bucket_0/qihang/gui_agent/images/ui_tars_zh_simulator/device1/instruction_1/sample_0/step_4.png' exists! Reading the file...
Model Thought/Action: {'action': 'error', 'thought': 'JSON decode error.'}
--- Step 6 ---
Path '/data/oss_bucket_0/qihang/gui_agent/images/ui_tars_zh_simulator/device1/instruction_1/sample_0/step_6.png' does not exist. Sleeping for 1 seconds...
Path '/data/oss_bucket_0/qihang/gui_agent/images/ui_tars_zh_simulator/device1/instruction_1/sample_0/step_6.png' does not exist. Sleeping for 1 seconds...
Path '/data/oss_bucket_0/qihang/gui_agent/images/ui_tars_zh_simulator/device1/instruction_1/sample_0/step_6.png' does not exist. Sleeping for 1 seconds...
Path '/data/oss_bucket_0/qihang/gui_agent/images/ui_tars_zh_simulator/device1/instruction_1/sample_0/step_6.png' does not exist. Sleeping for 1 seconds...
Path '/data/oss_bucket_0/qihang/gui_agent/images/ui_tars_zh_simulator/device1/instruction_1/sample_0/step_6.png' does not exist. Sleeping for 1 seconds...
Path '/data/oss_bucket_0/qihang/gui_agent/images/ui_tars_zh_simulator/device1/instruction_1/sample_0/step_6.png' does not exist. Sleeping for 1 seconds...
Path '/data/oss_bucket_0/qihang/gui_agent/images/ui_tars_zh_simulator/device1/instruction_1/sample_0/step_6.png' exists! Reading the file...
Path '/data/oss_bucket_0/qihang/gui_agent/images/ui_tars_zh_simulator/device1/instruction_1/sample_0/step_5.png' exists! Reading the file...
Model Thought/Action: {'action': 'error', 'thought': 'JSON decode error.'}
--- Step 7 ---
Path '/data/oss_bucket_0/qihang/gui_agent/images/ui_tars_zh_simulator/device1/instruction_1/sample_0/step_7.png' does not exist. Sleeping for 1 seconds...
Path '/data/oss_bucket_0/qihang/gui_agent/images/ui_tars_zh_simulator/device1/instruction_1/sample_0/step_7.png' does not exist. Sleeping for 1 seconds...
Path '/data/oss_bucket_0/qihang/gui_agent/images/ui_tars_zh_simulator/device1/instruction_1/sample_0/step_7.png' does not exist. Sleeping for 1 seconds...
Path '/data/oss_bucket_0/qihang/gui_agent/images/ui_tars_zh_simulator/device1/instruction_1/sample_0/step_7.png' does not exist. Sleeping for 1 seconds...
Path '/data/oss_bucket_0/qihang/gui_agent/images/ui_tars_zh_simulator/device1/instruction_1/sample_0/step_7.png' does not exist. Sleeping for 1 seconds...
Path '/data/oss_bucket_0/qihang/gui_agent/images/ui_tars_zh_simulator/device1/instruction_1/sample_0/step_7.png' does not exist. Sleeping for 1 seconds...
Path '/data/oss_bucket_0/qihang/gui_agent/images/ui_tars_zh_simulator/device1/instruction_1/sample_0/step_7.png' exists! Reading the file...
Path '/data/oss_bucket_0/qihang/gui_agent/images/ui_tars_zh_simulator/device1/instruction_1/sample_0/step_6.png' exists! Reading the file...
Model Thought/Action: {'action': 'error', 'thought': 'JSON decode error.'}
--- Step 8 ---
Path '/data/oss_bucket_0/qihang/gui_agent/images/ui_tars_zh_simulator/device1/instruction_1/sample_0/step_8.png' does not exist. Sleeping for 1 seconds...
Path '/data/oss_bucket_0/qihang/gui_agent/images/ui_tars_zh_simulator/device1/instruction_1/sample_0/step_8.png' does not exist. Sleeping for 1 seconds...
Path '/data/oss_bucket_0/qihang/gui_agent/images/ui_tars_zh_simulator/device1/instruction_1/sample_0/step_8.png' does not exist. Sleeping for 1 seconds...
Path '/data/oss_bucket_0/qihang/gui_agent/images/ui_tars_zh_simulator/device1/instruction_1/sample_0/step_8.png' does not exist. Sleeping for 1 seconds...
Path '/data/oss_bucket_0/qihang/gui_agent/images/ui_tars_zh_simulator/device1/instruction_1/sample_0/step_8.png' does not exist. Sleeping for 1 seconds...
Path '/data/oss_bucket_0/qihang/gui_agent/images/ui_tars_zh_simulator/device1/instruction_1/sample_0/step_8.png' does not exist. Sleeping for 1 seconds...
Path '/data/oss_bucket_0/qihang/gui_agent/images/ui_tars_zh_simulator/device1/instruction_1/sample_0/step_8.png' exists! Reading the file...
Path '/data/oss_bucket_0/qihang/gui_agent/images/ui_tars_zh_simulator/device1/instruction_1/sample_0/step_7.png' exists! Reading the file...
Model Thought/Action: {'action': 'error', 'thought': 'JSON decode error.'}
--- Step 9 ---
Path '/data/oss_bucket_0/qihang/gui_agent/images/ui_tars_zh_simulator/device1/instruction_1/sample_0/step_9.png' does not exist. Sleeping for 1 seconds...
Path '/data/oss_bucket_0/qihang/gui_agent/images/ui_tars_zh_simulator/device1/instruction_1/sample_0/step_9.png' does not exist. Sleeping for 1 seconds...
Path '/data/oss_bucket_0/qihang/gui_agent/images/ui_tars_zh_simulator/device1/instruction_1/sample_0/step_9.png' does not exist. Sleeping for 1 seconds...
Path '/data/oss_bucket_0/qihang/gui_agent/images/ui_tars_zh_simulator/device1/instruction_1/sample_0/step_9.png' does not exist. Sleeping for 1 seconds...
Path '/data/oss_bucket_0/qihang/gui_agent/images/ui_tars_zh_simulator/device1/instruction_1/sample_0/step_9.png' does not exist. Sleeping for 1 seconds...
Path '/data/oss_bucket_0/qihang/gui_agent/images/ui_tars_zh_simulator/device1/instruction_1/sample_0/step_9.png' does not exist. Sleeping for 1 seconds...
Path '/data/oss_bucket_0/qihang/gui_agent/images/ui_tars_zh_simulator/device1/instruction_1/sample_0/step_9.png' exists! Reading the file...
Path '/data/oss_bucket_0/qihang/gui_agent/images/ui_tars_zh_simulator/device1/instruction_1/sample_0/step_8.png' exists! Reading the file...
Model Thought/Action: {'action': 'error', 'thought': 'JSON decode error.'}
--- Step 10 ---
Path '/data/oss_bucket_0/qihang/gui_agent/images/ui_tars_zh_simulator/device1/instruction_1/sample_0/step_10.png' does not exist. Sleeping for 1 seconds...
Path '/data/oss_bucket_0/qihang/gui_agent/images/ui_tars_zh_simulator/device1/instruction_1/sample_0/step_10.png' does not exist. Sleeping for 1 seconds...
Path '/data/oss_bucket_0/qihang/gui_agent/images/ui_tars_zh_simulator/device1/instruction_1/sample_0/step_10.png' does not exist. Sleeping for 1 seconds...
Path '/data/oss_bucket_0/qihang/gui_agent/images/ui_tars_zh_simulator/device1/instruction_1/sample_0/step_10.png' does not exist. Sleeping for 1 seconds...
Path '/data/oss_bucket_0/qihang/gui_agent/images/ui_tars_zh_simulator/device1/instruction_1/sample_0/step_10.png' does not exist. Sleeping for 1 seconds...
Path '/data/oss_bucket_0/qihang/gui_agent/images/ui_tars_zh_simulator/device1/instruction_1/sample_0/step_10.png' does not exist. Sleeping for 1 seconds...
Path '/data/oss_bucket_0/qihang/gui_agent/images/ui_tars_zh_simulator/device1/instruction_1/sample_0/step_10.png' exists! Reading the file...
Path '/data/oss_bucket_0/qihang/gui_agent/images/ui_tars_zh_simulator/device1/instruction_1/sample_0/step_9.png' exists! Reading the file...
Model Thought/Action: {'action': 'error', 'thought': 'JSON decode error.'}
--- Step 11 ---
Path '/data/oss_bucket_0/qihang/gui_agent/images/ui_tars_zh_simulator/device1/instruction_1/sample_0/step_11.png' does not exist. Sleeping for 1 seconds...
Path '/data/oss_bucket_0/qihang/gui_agent/images/ui_tars_zh_simulator/device1/instruction_1/sample_0/step_11.png' does not exist. Sleeping for 1 seconds...
Path '/data/oss_bucket_0/qihang/gui_agent/images/ui_tars_zh_simulator/device1/instruction_1/sample_0/step_11.png' does not exist. Sleeping for 1 seconds...
Path '/data/oss_bucket_0/qihang/gui_agent/images/ui_tars_zh_simulator/device1/instruction_1/sample_0/step_11.png' does not exist. Sleeping for 1 seconds...
Path '/data/oss_bucket_0/qihang/gui_agent/images/ui_tars_zh_simulator/device1/instruction_1/sample_0/step_11.png' does not exist. Sleeping for 1 seconds...
Path '/data/oss_bucket_0/qihang/gui_agent/images/ui_tars_zh_simulator/device1/instruction_1/sample_0/step_11.png' does not exist. Sleeping for 1 seconds...
Path '/data/oss_bucket_0/qihang/gui_agent/images/ui_tars_zh_simulator/device1/instruction_1/sample_0/step_11.png' exists! Reading the file...
Path '/data/oss_bucket_0/qihang/gui_agent/images/ui_tars_zh_simulator/device1/instruction_1/sample_0/step_10.png' exists! Reading the file...
Model Thought/Action: {'action': 'error', 'thought': 'JSON decode error.'}
--- Step 12 ---
Path '/data/oss_bucket_0/qihang/gui_agent/images/ui_tars_zh_simulator/device1/instruction_1/sample_0/step_12.png' does not exist. Sleeping for 1 seconds...
Path '/data/oss_bucket_0/qihang/gui_agent/images/ui_tars_zh_simulator/device1/instruction_1/sample_0/step_12.png' does not exist. Sleeping for 1 seconds...
Path '/data/oss_bucket_0/qihang/gui_agent/images/ui_tars_zh_simulator/device1/instruction_1/sample_0/step_12.png' does not exist. Sleeping for 1 seconds...
Path '/data/oss_bucket_0/qihang/gui_agent/images/ui_tars_zh_simulator/device1/instruction_1/sample_0/step_12.png' does not exist. Sleeping for 1 seconds...
Path '/data/oss_bucket_0/qihang/gui_agent/images/ui_tars_zh_simulator/device1/instruction_1/sample_0/step_12.png' does not exist. Sleeping for 1 seconds...
Path '/data/oss_bucket_0/qihang/gui_agent/images/ui_tars_zh_simulator/device1/instruction_1/sample_0/step_12.png' does not exist. Sleeping for 1 seconds...
Path '/data/oss_bucket_0/qihang/gui_agent/images/ui_tars_zh_simulator/device1/instruction_1/sample_0/step_12.png' exists! Reading the file...
Path '/data/oss_bucket_0/qihang/gui_agent/images/ui_tars_zh_simulator/device1/instruction_1/sample_0/step_11.png' exists! Reading the file...
Model Thought/Action: {'action': 'error', 'thought': 'JSON decode error.'}
--- Step 13 ---
Path '/data/oss_bucket_0/qihang/gui_agent/images/ui_tars_zh_simulator/device1/instruction_1/sample_0/step_13.png' does not exist. Sleeping for 1 seconds...
Path '/data/oss_bucket_0/qihang/gui_agent/images/ui_tars_zh_simulator/device1/instruction_1/sample_0/step_13.png' does not exist. Sleeping for 1 seconds...
Path '/data/oss_bucket_0/qihang/gui_agent/images/ui_tars_zh_simulator/device1/instruction_1/sample_0/step_13.png' does not exist. Sleeping for 1 seconds...
Path '/data/oss_bucket_0/qihang/gui_agent/images/ui_tars_zh_simulator/device1/instruction_1/sample_0/step_13.png' does not exist. Sleeping for 1 seconds...
Path '/data/oss_bucket_0/qihang/gui_agent/images/ui_tars_zh_simulator/device1/instruction_1/sample_0/step_13.png' does not exist. Sleeping for 1 seconds...
Path '/data/oss_bucket_0/qihang/gui_agent/images/ui_tars_zh_simulator/device1/instruction_1/sample_0/step_13.png' does not exist. Sleeping for 1 seconds...
Path '/data/oss_bucket_0/qihang/gui_agent/images/ui_tars_zh_simulator/device1/instruction_1/sample_0/step_13.png' exists! Reading the file...
Path '/data/oss_bucket_0/qihang/gui_agent/images/ui_tars_zh_simulator/device1/instruction_1/sample_0/step_12.png' exists! Reading the file...
Model Thought/Action: {'action': 'error', 'thought': 'JSON decode error.'}
--- Step 14 ---
Path '/data/oss_bucket_0/qihang/gui_agent/images/ui_tars_zh_simulator/device1/instruction_1/sample_0/step_14.png' does not exist. Sleeping for 1 seconds...
Path '/data/oss_bucket_0/qihang/gui_agent/images/ui_tars_zh_simulator/device1/instruction_1/sample_0/step_14.png' does not exist. Sleeping for 1 seconds...
Path '/data/oss_bucket_0/qihang/gui_agent/images/ui_tars_zh_simulator/device1/instruction_1/sample_0/step_14.png' does not exist. Sleeping for 1 seconds...
Path '/data/oss_bucket_0/qihang/gui_agent/images/ui_tars_zh_simulator/device1/instruction_1/sample_0/step_14.png' does not exist. Sleeping for 1 seconds...
Path '/data/oss_bucket_0/qihang/gui_agent/images/ui_tars_zh_simulator/device1/instruction_1/sample_0/step_14.png' does not exist. Sleeping for 1 seconds...
Path '/data/oss_bucket_0/qihang/gui_agent/images/ui_tars_zh_simulator/device1/instruction_1/sample_0/step_14.png' does not exist. Sleeping for 1 seconds...
Path '/data/oss_bucket_0/qihang/gui_agent/images/ui_tars_zh_simulator/device1/instruction_1/sample_0/step_14.png' exists! Reading the file...
Path '/data/oss_bucket_0/qihang/gui_agent/images/ui_tars_zh_simulator/device1/instruction_1/sample_0/step_13.png' exists! Reading the file...
Model Thought/Action: {'action': 'error', 'thought': 'JSON decode error.'}
--- Judging with GPT-4o ---
GPT-4o Evaluation Response: {'reason': 'The agent repeatedly attempts to click on the same location without any change in the interface, indicating a failure to open the Vipshop app. The task of searching for MLB baseball caps on Vipshop is not even initiated, let alone completed. The agent is stuck in a loop, clicking the same spot without progress. There is no attempt to interact with the user for guidance or to resolve the issue.', 'reward': 0, 'status': 'failure', 'inquiry': 'failure'}
Evaluating Instructions:   2%|▏         | 1/41 [03:59<2:39:36, 239.42s/it]
===== Evaluating Instruction 2/41 =====
Instruction: 使用唯品会搜索iphone 16 pro max，并将价格最低的商品加入购物车。
--- Step 0 ---
Path '/data/oss_bucket_0/qihang/gui_agent/images/ui_tars_zh_simulator/device1/instruction_2/sample_0/step_0.png' exists! Reading the file...
Model Thought/Action: {'action': 'error', 'thought': 'JSON decode error.'}
--- Step 1 ---
Path '/data/oss_bucket_0/qihang/gui_agent/images/ui_tars_zh_simulator/device1/instruction_2/sample_0/step_1.png' does not exist. Sleeping for 1 seconds...
Path '/data/oss_bucket_0/qihang/gui_agent/images/ui_tars_zh_simulator/device1/instruction_2/sample_0/step_1.png' does not exist. Sleeping for 1 seconds...
Path '/data/oss_bucket_0/qihang/gui_agent/images/ui_tars_zh_simulator/device1/instruction_2/sample_0/step_1.png' does not exist. Sleeping for 1 seconds...
Path '/data/oss_bucket_0/qihang/gui_agent/images/ui_tars_zh_simulator/device1/instruction_2/sample_0/step_1.png' does not exist. Sleeping for 1 seconds...
Path '/data/oss_bucket_0/qihang/gui_agent/images/ui_tars_zh_simulator/device1/instruction_2/sample_0/step_1.png' does not exist. Sleeping for 1 seconds...
Path '/data/oss_bucket_0/qihang/gui_agent/images/ui_tars_zh_simulator/device1/instruction_2/sample_0/step_1.png' does not exist. Sleeping for 1 seconds...
Path '/data/oss_bucket_0/qihang/gui_agent/images/ui_tars_zh_simulator/device1/instruction_2/sample_0/step_1.png' does not exist. Sleeping for 1 seconds...
Path '/data/oss_bucket_0/qihang/gui_agent/images/ui_tars_zh_simulator/device1/instruction_2/sample_0/step_1.png' does not exist. Sleeping for 1 seconds...
Path '/data/oss_bucket_0/qihang/gui_agent/images/ui_tars_zh_simulator/device1/instruction_2/sample_0/step_1.png' does not exist. Sleeping for 1 seconds...
Path '/data/oss_bucket_0/qihang/gui_agent/images/ui_tars_zh_simulator/device1/instruction_2/sample_0/step_1.png' does not exist. Sleeping for 1 seconds...
Path '/data/oss_bucket_0/qihang/gui_agent/images/ui_tars_zh_simulator/device1/instruction_2/sample_0/step_1.png' does not exist. Sleeping for 1 seconds...
Path '/data/oss_bucket_0/qihang/gui_agent/images/ui_tars_zh_simulator/device1/instruction_2/sample_0/step_1.png' does not exist. Sleeping for 1 seconds...
Path '/data/oss_bucket_0/qihang/gui_agent/images/ui_tars_zh_simulator/device1/instruction_2/sample_0/step_1.png' does not exist. Sleeping for 1 seconds...
Path '/data/oss_bucket_0/qihang/gui_agent/images/ui_tars_zh_simulator/device1/instruction_2/sample_0/step_1.png' does not exist. Sleeping for 1 seconds...
Path '/data/oss_bucket_0/qihang/gui_agent/images/ui_tars_zh_simulator/device1/instruction_2/sample_0/step_1.png' does not exist. Sleeping for 1 seconds...
Path '/data/oss_bucket_0/qihang/gui_agent/images/ui_tars_zh_simulator/device1/instruction_2/sample_0/step_1.png' does not exist. Sleeping for 1 seconds...
Path '/data/oss_bucket_0/qihang/gui_agent/images/ui_tars_zh_simulator/device1/instruction_2/sample_0/step_1.png' does not exist. Sleeping for 1 seconds...
Path '/data/oss_bucket_0/qihang/gui_agent/images/ui_tars_zh_simulator/device1/instruction_2/sample_0/step_1.png' does not exist. Sleeping for 1 seconds...
Path '/data/oss_bucket_0/qihang/gui_agent/images/ui_tars_zh_simulator/device1/instruction_2/sample_0/step_1.png' exists! Reading the file...
Path '/data/oss_bucket_0/qihang/gui_agent/images/ui_tars_zh_simulator/device1/instruction_2/sample_0/step_0.png' exists! Reading the file...
Model Thought/Action: {'action': 'error', 'thought': 'JSON decode error.'}
--- Step 2 ---
Path '/data/oss_bucket_0/qihang/gui_agent/images/ui_tars_zh_simulator/device1/instruction_2/sample_0/step_2.png' does not exist. Sleeping for 1 seconds...
Path '/data/oss_bucket_0/qihang/gui_agent/images/ui_tars_zh_simulator/device1/instruction_2/sample_0/step_2.png' does not exist. Sleeping for 1 seconds...
Path '/data/oss_bucket_0/qihang/gui_agent/images/ui_tars_zh_simulator/device1/instruction_2/sample_0/step_2.png' does not exist. Sleeping for 1 seconds...
Path '/data/oss_bucket_0/qihang/gui_agent/images/ui_tars_zh_simulator/device1/instruction_2/sample_0/step_2.png' does not exist. Sleeping for 1 seconds...
Path '/data/oss_bucket_0/qihang/gui_agent/images/ui_tars_zh_simulator/device1/instruction_2/sample_0/step_2.png' does not exist. Sleeping for 1 seconds...
Path '/data/oss_bucket_0/qihang/gui_agent/images/ui_tars_zh_simulator/device1/instruction_2/sample_0/step_2.png' does not exist. Sleeping for 1 seconds...
Path '/data/oss_bucket_0/qihang/gui_agent/images/ui_tars_zh_simulator/device1/instruction_2/sample_0/step_2.png' exists! Reading the file...
Path '/data/oss_bucket_0/qihang/gui_agent/images/ui_tars_zh_simulator/device1/instruction_2/sample_0/step_1.png' exists! Reading the file...
Model Thought/Action: {'action': 'error', 'thought': 'JSON decode error.'}
--- Step 3 ---
Path '/data/oss_bucket_0/qihang/gui_agent/images/ui_tars_zh_simulator/device1/instruction_2/sample_0/step_3.png' does not exist. Sleeping for 1 seconds...
Path '/data/oss_bucket_0/qihang/gui_agent/images/ui_tars_zh_simulator/device1/instruction_2/sample_0/step_3.png' does not exist. Sleeping for 1 seconds...
Path '/data/oss_bucket_0/qihang/gui_agent/images/ui_tars_zh_simulator/device1/instruction_2/sample_0/step_3.png' does not exist. Sleeping for 1 seconds...
Path '/data/oss_bucket_0/qihang/gui_agent/images/ui_tars_zh_simulator/device1/instruction_2/sample_0/step_3.png' does not exist. Sleeping for 1 seconds...
Path '/data/oss_bucket_0/qihang/gui_agent/images/ui_tars_zh_simulator/device1/instruction_2/sample_0/step_3.png' does not exist. Sleeping for 1 seconds...
Path '/data/oss_bucket_0/qihang/gui_agent/images/ui_tars_zh_simulator/device1/instruction_2/sample_0/step_3.png' does not exist. Sleeping for 1 seconds...
Path '/data/oss_bucket_0/qihang/gui_agent/images/ui_tars_zh_simulator/device1/instruction_2/sample_0/step_3.png' exists! Reading the file...
Path '/data/oss_bucket_0/qihang/gui_agent/images/ui_tars_zh_simulator/device1/instruction_2/sample_0/step_2.png' exists! Reading the file...
Model Thought/Action: {'action': 'error', 'thought': 'JSON decode error.'}
--- Step 4 ---
Path '/data/oss_bucket_0/qihang/gui_agent/images/ui_tars_zh_simulator/device1/instruction_2/sample_0/step_4.png' does not exist. Sleeping for 1 seconds...
Path '/data/oss_bucket_0/qihang/gui_agent/images/ui_tars_zh_simulator/device1/instruction_2/sample_0/step_4.png' does not exist. Sleeping for 1 seconds...
Path '/data/oss_bucket_0/qihang/gui_agent/images/ui_tars_zh_simulator/device1/instruction_2/sample_0/step_4.png' does not exist. Sleeping for 1 seconds...
Path '/data/oss_bucket_0/qihang/gui_agent/images/ui_tars_zh_simulator/device1/instruction_2/sample_0/step_4.png' does not exist. Sleeping for 1 seconds...
Path '/data/oss_bucket_0/qihang/gui_agent/images/ui_tars_zh_simulator/device1/instruction_2/sample_0/step_4.png' does not exist. Sleeping for 1 seconds...
Path '/data/oss_bucket_0/qihang/gui_agent/images/ui_tars_zh_simulator/device1/instruction_2/sample_0/step_4.png' does not exist. Sleeping for 1 seconds...
Path '/data/oss_bucket_0/qihang/gui_agent/images/ui_tars_zh_simulator/device1/instruction_2/sample_0/step_4.png' exists! Reading the file...
Path '/data/oss_bucket_0/qihang/gui_agent/images/ui_tars_zh_simulator/device1/instruction_2/sample_0/step_3.png' exists! Reading the file...
Model Thought/Action: {'action': 'error', 'thought': 'JSON decode error.'}
--- Step 5 ---
Path '/data/oss_bucket_0/qihang/gui_agent/images/ui_tars_zh_simulator/device1/instruction_2/sample_0/step_5.png' does not exist. Sleeping for 1 seconds...
Path '/data/oss_bucket_0/qihang/gui_agent/images/ui_tars_zh_simulator/device1/instruction_2/sample_0/step_5.png' does not exist. Sleeping for 1 seconds...
Path '/data/oss_bucket_0/qihang/gui_agent/images/ui_tars_zh_simulator/device1/instruction_2/sample_0/step_5.png' does not exist. Sleeping for 1 seconds...
Path '/data/oss_bucket_0/qihang/gui_agent/images/ui_tars_zh_simulator/device1/instruction_2/sample_0/step_5.png' does not exist. Sleeping for 1 seconds...
Path '/data/oss_bucket_0/qihang/gui_agent/images/ui_tars_zh_simulator/device1/instruction_2/sample_0/step_5.png' does not exist. Sleeping for 1 seconds...
Path '/data/oss_bucket_0/qihang/gui_agent/images/ui_tars_zh_simulator/device1/instruction_2/sample_0/step_5.png' does not exist. Sleeping for 1 seconds...
Path '/data/oss_bucket_0/qihang/gui_agent/images/ui_tars_zh_simulator/device1/instruction_2/sample_0/step_5.png' exists! Reading the file...
Path '/data/oss_bucket_0/qihang/gui_agent/images/ui_tars_zh_simulator/device1/instruction_2/sample_0/step_4.png' exists! Reading the file...
Model Thought/Action: {'action': 'error', 'thought': 'JSON decode error.'}
--- Step 6 ---
Path '/data/oss_bucket_0/qihang/gui_agent/images/ui_tars_zh_simulator/device1/instruction_2/sample_0/step_6.png' does not exist. Sleeping for 1 seconds...
Path '/data/oss_bucket_0/qihang/gui_agent/images/ui_tars_zh_simulator/device1/instruction_2/sample_0/step_6.png' does not exist. Sleeping for 1 seconds...
Path '/data/oss_bucket_0/qihang/gui_agent/images/ui_tars_zh_simulator/device1/instruction_2/sample_0/step_6.png' does not exist. Sleeping for 1 seconds...
Path '/data/oss_bucket_0/qihang/gui_agent/images/ui_tars_zh_simulator/device1/instruction_2/sample_0/step_6.png' does not exist. Sleeping for 1 seconds...
Path '/data/oss_bucket_0/qihang/gui_agent/images/ui_tars_zh_simulator/device1/instruction_2/sample_0/step_6.png' does not exist. Sleeping for 1 seconds...
Path '/data/oss_bucket_0/qihang/gui_agent/images/ui_tars_zh_simulator/device1/instruction_2/sample_0/step_6.png' does not exist. Sleeping for 1 seconds...
Path '/data/oss_bucket_0/qihang/gui_agent/images/ui_tars_zh_simulator/device1/instruction_2/sample_0/step_6.png' exists! Reading the file...
Path '/data/oss_bucket_0/qihang/gui_agent/images/ui_tars_zh_simulator/device1/instruction_2/sample_0/step_5.png' exists! Reading the file...
Model Thought/Action: {'action': 'error', 'thought': 'JSON decode error.'}
--- Step 7 ---
Path '/data/oss_bucket_0/qihang/gui_agent/images/ui_tars_zh_simulator/device1/instruction_2/sample_0/step_7.png' does not exist. Sleeping for 1 seconds...
Path '/data/oss_bucket_0/qihang/gui_agent/images/ui_tars_zh_simulator/device1/instruction_2/sample_0/step_7.png' does not exist. Sleeping for 1 seconds...
Path '/data/oss_bucket_0/qihang/gui_agent/images/ui_tars_zh_simulator/device1/instruction_2/sample_0/step_7.png' does not exist. Sleeping for 1 seconds...
Path '/data/oss_bucket_0/qihang/gui_agent/images/ui_tars_zh_simulator/device1/instruction_2/sample_0/step_7.png' does not exist. Sleeping for 1 seconds...
Path '/data/oss_bucket_0/qihang/gui_agent/images/ui_tars_zh_simulator/device1/instruction_2/sample_0/step_7.png' does not exist. Sleeping for 1 seconds...
Path '/data/oss_bucket_0/qihang/gui_agent/images/ui_tars_zh_simulator/device1/instruction_2/sample_0/step_7.png' does not exist. Sleeping for 1 seconds...
Path '/data/oss_bucket_0/qihang/gui_agent/images/ui_tars_zh_simulator/device1/instruction_2/sample_0/step_7.png' exists! Reading the file...
Path '/data/oss_bucket_0/qihang/gui_agent/images/ui_tars_zh_simulator/device1/instruction_2/sample_0/step_6.png' exists! Reading the file...
Model Thought/Action: {'action': 'error', 'thought': 'JSON decode error.'}
--- Step 8 ---
Path '/data/oss_bucket_0/qihang/gui_agent/images/ui_tars_zh_simulator/device1/instruction_2/sample_0/step_8.png' does not exist. Sleeping for 1 seconds...
Path '/data/oss_bucket_0/qihang/gui_agent/images/ui_tars_zh_simulator/device1/instruction_2/sample_0/step_8.png' does not exist. Sleeping for 1 seconds...
Path '/data/oss_bucket_0/qihang/gui_agent/images/ui_tars_zh_simulator/device1/instruction_2/sample_0/step_8.png' does not exist. Sleeping for 1 seconds...
Path '/data/oss_bucket_0/qihang/gui_agent/images/ui_tars_zh_simulator/device1/instruction_2/sample_0/step_8.png' does not exist. Sleeping for 1 seconds...
Path '/data/oss_bucket_0/qihang/gui_agent/images/ui_tars_zh_simulator/device1/instruction_2/sample_0/step_8.png' does not exist. Sleeping for 1 seconds...
Path '/data/oss_bucket_0/qihang/gui_agent/images/ui_tars_zh_simulator/device1/instruction_2/sample_0/step_8.png' does not exist. Sleeping for 1 seconds...
Path '/data/oss_bucket_0/qihang/gui_agent/images/ui_tars_zh_simulator/device1/instruction_2/sample_0/step_8.png' exists! Reading the file...
Path '/data/oss_bucket_0/qihang/gui_agent/images/ui_tars_zh_simulator/device1/instruction_2/sample_0/step_7.png' exists! Reading the file...
Model Thought/Action: {'action': 'error', 'thought': 'JSON decode error.'}
--- Step 9 ---
Path '/data/oss_bucket_0/qihang/gui_agent/images/ui_tars_zh_simulator/device1/instruction_2/sample_0/step_9.png' does not exist. Sleeping for 1 seconds...
Path '/data/oss_bucket_0/qihang/gui_agent/images/ui_tars_zh_simulator/device1/instruction_2/sample_0/step_9.png' does not exist. Sleeping for 1 seconds...
Path '/data/oss_bucket_0/qihang/gui_agent/images/ui_tars_zh_simulator/device1/instruction_2/sample_0/step_9.png' does not exist. Sleeping for 1 seconds...
Path '/data/oss_bucket_0/qihang/gui_agent/images/ui_tars_zh_simulator/device1/instruction_2/sample_0/step_9.png' does not exist. Sleeping for 1 seconds...
Path '/data/oss_bucket_0/qihang/gui_agent/images/ui_tars_zh_simulator/device1/instruction_2/sample_0/step_9.png' does not exist. Sleeping for 1 seconds...
Path '/data/oss_bucket_0/qihang/gui_agent/images/ui_tars_zh_simulator/device1/instruction_2/sample_0/step_9.png' does not exist. Sleeping for 1 seconds...
Path '/data/oss_bucket_0/qihang/gui_agent/images/ui_tars_zh_simulator/device1/instruction_2/sample_0/step_9.png' exists! Reading the file...
Path '/data/oss_bucket_0/qihang/gui_agent/images/ui_tars_zh_simulator/device1/instruction_2/sample_0/step_8.png' exists! Reading the file...
Model Thought/Action: {'action': 'error', 'thought': 'JSON decode error.'}
--- Step 10 ---
Path '/data/oss_bucket_0/qihang/gui_agent/images/ui_tars_zh_simulator/device1/instruction_2/sample_0/step_10.png' does not exist. Sleeping for 1 seconds...
Path '/data/oss_bucket_0/qihang/gui_agent/images/ui_tars_zh_simulator/device1/instruction_2/sample_0/step_10.png' does not exist. Sleeping for 1 seconds...
Path '/data/oss_bucket_0/qihang/gui_agent/images/ui_tars_zh_simulator/device1/instruction_2/sample_0/step_10.png' does not exist. Sleeping for 1 seconds...
Path '/data/oss_bucket_0/qihang/gui_agent/images/ui_tars_zh_simulator/device1/instruction_2/sample_0/step_10.png' does not exist. Sleeping for 1 seconds...
Path '/data/oss_bucket_0/qihang/gui_agent/images/ui_tars_zh_simulator/device1/instruction_2/sample_0/step_10.png' does not exist. Sleeping for 1 seconds...
Path '/data/oss_bucket_0/qihang/gui_agent/images/ui_tars_zh_simulator/device1/instruction_2/sample_0/step_10.png' does not exist. Sleeping for 1 seconds...
Path '/data/oss_bucket_0/qihang/gui_agent/images/ui_tars_zh_simulator/device1/instruction_2/sample_0/step_10.png' exists! Reading the file...
Path '/data/oss_bucket_0/qihang/gui_agent/images/ui_tars_zh_simulator/device1/instruction_2/sample_0/step_9.png' exists! Reading the file...
Model Thought/Action: {'action': 'error', 'thought': 'JSON decode error.'}
--- Step 11 ---
Path '/data/oss_bucket_0/qihang/gui_agent/images/ui_tars_zh_simulator/device1/instruction_2/sample_0/step_11.png' does not exist. Sleeping for 1 seconds...
Path '/data/oss_bucket_0/qihang/gui_agent/images/ui_tars_zh_simulator/device1/instruction_2/sample_0/step_11.png' does not exist. Sleeping for 1 seconds...
Path '/data/oss_bucket_0/qihang/gui_agent/images/ui_tars_zh_simulator/device1/instruction_2/sample_0/step_11.png' does not exist. Sleeping for 1 seconds...
Path '/data/oss_bucket_0/qihang/gui_agent/images/ui_tars_zh_simulator/device1/instruction_2/sample_0/step_11.png' does not exist. Sleeping for 1 seconds...
Path '/data/oss_bucket_0/qihang/gui_agent/images/ui_tars_zh_simulator/device1/instruction_2/sample_0/step_11.png' does not exist. Sleeping for 1 seconds...
Path '/data/oss_bucket_0/qihang/gui_agent/images/ui_tars_zh_simulator/device1/instruction_2/sample_0/step_11.png' does not exist. Sleeping for 1 seconds...
Path '/data/oss_bucket_0/qihang/gui_agent/images/ui_tars_zh_simulator/device1/instruction_2/sample_0/step_11.png' exists! Reading the file...
Path '/data/oss_bucket_0/qihang/gui_agent/images/ui_tars_zh_simulator/device1/instruction_2/sample_0/step_10.png' exists! Reading the file...
Model Thought/Action: {'action': 'error', 'thought': 'JSON decode error.'}
--- Step 12 ---
Path '/data/oss_bucket_0/qihang/gui_agent/images/ui_tars_zh_simulator/device1/instruction_2/sample_0/step_12.png' does not exist. Sleeping for 1 seconds...
Path '/data/oss_bucket_0/qihang/gui_agent/images/ui_tars_zh_simulator/device1/instruction_2/sample_0/step_12.png' does not exist. Sleeping for 1 seconds...
Path '/data/oss_bucket_0/qihang/gui_agent/images/ui_tars_zh_simulator/device1/instruction_2/sample_0/step_12.png' does not exist. Sleeping for 1 seconds...
Path '/data/oss_bucket_0/qihang/gui_agent/images/ui_tars_zh_simulator/device1/instruction_2/sample_0/step_12.png' does not exist. Sleeping for 1 seconds...
Path '/data/oss_bucket_0/qihang/gui_agent/images/ui_tars_zh_simulator/device1/instruction_2/sample_0/step_12.png' does not exist. Sleeping for 1 seconds...
Path '/data/oss_bucket_0/qihang/gui_agent/images/ui_tars_zh_simulator/device1/instruction_2/sample_0/step_12.png' does not exist. Sleeping for 1 seconds...
Path '/data/oss_bucket_0/qihang/gui_agent/images/ui_tars_zh_simulator/device1/instruction_2/sample_0/step_12.png' exists! Reading the file...
Path '/data/oss_bucket_0/qihang/gui_agent/images/ui_tars_zh_simulator/device1/instruction_2/sample_0/step_11.png' exists! Reading the file...
Model Thought/Action: {'action': 'error', 'thought': 'JSON decode error.'}
--- Step 13 ---
Path '/data/oss_bucket_0/qihang/gui_agent/images/ui_tars_zh_simulator/device1/instruction_2/sample_0/step_13.png' does not exist. Sleeping for 1 seconds...
Path '/data/oss_bucket_0/qihang/gui_agent/images/ui_tars_zh_simulator/device1/instruction_2/sample_0/step_13.png' does not exist. Sleeping for 1 seconds...
Path '/data/oss_bucket_0/qihang/gui_agent/images/ui_tars_zh_simulator/device1/instruction_2/sample_0/step_13.png' does not exist. Sleeping for 1 seconds...
Path '/data/oss_bucket_0/qihang/gui_agent/images/ui_tars_zh_simulator/device1/instruction_2/sample_0/step_13.png' does not exist. Sleeping for 1 seconds...
Path '/data/oss_bucket_0/qihang/gui_agent/images/ui_tars_zh_simulator/device1/instruction_2/sample_0/step_13.png' does not exist. Sleeping for 1 seconds...
Path '/data/oss_bucket_0/qihang/gui_agent/images/ui_tars_zh_simulator/device1/instruction_2/sample_0/step_13.png' does not exist. Sleeping for 1 seconds...
Path '/data/oss_bucket_0/qihang/gui_agent/images/ui_tars_zh_simulator/device1/instruction_2/sample_0/step_13.png' exists! Reading the file...
Path '/data/oss_bucket_0/qihang/gui_agent/images/ui_tars_zh_simulator/device1/instruction_2/sample_0/step_12.png' exists! Reading the file...
Model Thought/Action: {'action': 'error', 'thought': 'JSON decode error.'}
--- Step 14 ---
Path '/data/oss_bucket_0/qihang/gui_agent/images/ui_tars_zh_simulator/device1/instruction_2/sample_0/step_14.png' does not exist. Sleeping for 1 seconds...
Path '/data/oss_bucket_0/qihang/gui_agent/images/ui_tars_zh_simulator/device1/instruction_2/sample_0/step_14.png' does not exist. Sleeping for 1 seconds...
Path '/data/oss_bucket_0/qihang/gui_agent/images/ui_tars_zh_simulator/device1/instruction_2/sample_0/step_14.png' does not exist. Sleeping for 1 seconds...
Path '/data/oss_bucket_0/qihang/gui_agent/images/ui_tars_zh_simulator/device1/instruction_2/sample_0/step_14.png' does not exist. Sleeping for 1 seconds...
Path '/data/oss_bucket_0/qihang/gui_agent/images/ui_tars_zh_simulator/device1/instruction_2/sample_0/step_14.png' does not exist. Sleeping for 1 seconds...
Path '/data/oss_bucket_0/qihang/gui_agent/images/ui_tars_zh_simulator/device1/instruction_2/sample_0/step_14.png' does not exist. Sleeping for 1 seconds...
Path '/data/oss_bucket_0/qihang/gui_agent/images/ui_tars_zh_simulator/device1/instruction_2/sample_0/step_14.png' exists! Reading the file...
Path '/data/oss_bucket_0/qihang/gui_agent/images/ui_tars_zh_simulator/device1/instruction_2/sample_0/step_13.png' exists! Reading the file...
Model Thought/Action: {'action': 'error', 'thought': 'JSON decode error.'}
--- Judging with GPT-4o ---
GPT-4o Evaluation Response: {'reason': "The agent repeatedly attempts to click on the same location without any progress or change in the GUI, indicating a failure to open the Vipshop app. The task does not progress beyond the initial step, and no meaningful actions are taken towards completing the user's instruction. There is no attempt to seek user interaction or resolve the issue, leading to a complete failure in task execution.", 'reward': 0, 'status': 'failure', 'inquiry': 'failure'}
Evaluating Instructions:   5%|▍         | 2/41 [06:45<2:07:26, 196.07s/it]
===== Evaluating Instruction 3/41 =====
Instruction: 使用唯品会搜索耐克的运动鞋，并将销量最高的商品收藏。
--- Step 0 ---
Path '/data/oss_bucket_0/qihang/gui_agent/images/ui_tars_zh_simulator/device1/instruction_3/sample_0/step_0.png' exists! Reading the file...
Model Thought/Action: {'action': 'error', 'thought': 'JSON decode error.'}
--- Step 1 ---
Path '/data/oss_bucket_0/qihang/gui_agent/images/ui_tars_zh_simulator/device1/instruction_3/sample_0/step_1.png' does not exist. Sleeping for 1 seconds...
Path '/data/oss_bucket_0/qihang/gui_agent/images/ui_tars_zh_simulator/device1/instruction_3/sample_0/step_1.png' does not exist. Sleeping for 1 seconds...
Path '/data/oss_bucket_0/qihang/gui_agent/images/ui_tars_zh_simulator/device1/instruction_3/sample_0/step_1.png' does not exist. Sleeping for 1 seconds...
Path '/data/oss_bucket_0/qihang/gui_agent/images/ui_tars_zh_simulator/device1/instruction_3/sample_0/step_1.png' does not exist. Sleeping for 1 seconds...
Path '/data/oss_bucket_0/qihang/gui_agent/images/ui_tars_zh_simulator/device1/instruction_3/sample_0/step_1.png' does not exist. Sleeping for 1 seconds...
Path '/data/oss_bucket_0/qihang/gui_agent/images/ui_tars_zh_simulator/device1/instruction_3/sample_0/step_1.png' does not exist. Sleeping for 1 seconds...
Path '/data/oss_bucket_0/qihang/gui_agent/images/ui_tars_zh_simulator/device1/instruction_3/sample_0/step_1.png' does not exist. Sleeping for 1 seconds...
Path '/data/oss_bucket_0/qihang/gui_agent/images/ui_tars_zh_simulator/device1/instruction_3/sample_0/step_1.png' does not exist. Sleeping for 1 seconds...
Path '/data/oss_bucket_0/qihang/gui_agent/images/ui_tars_zh_simulator/device1/instruction_3/sample_0/step_1.png' does not exist. Sleeping for 1 seconds...
Path '/data/oss_bucket_0/qihang/gui_agent/images/ui_tars_zh_simulator/device1/instruction_3/sample_0/step_1.png' does not exist. Sleeping for 1 seconds...
Path '/data/oss_bucket_0/qihang/gui_agent/images/ui_tars_zh_simulator/device1/instruction_3/sample_0/step_1.png' does not exist. Sleeping for 1 seconds...
Path '/data/oss_bucket_0/qihang/gui_agent/images/ui_tars_zh_simulator/device1/instruction_3/sample_0/step_1.png' does not exist. Sleeping for 1 seconds...
Path '/data/oss_bucket_0/qihang/gui_agent/images/ui_tars_zh_simulator/device1/instruction_3/sample_0/step_1.png' exists! Reading the file...
Path '/data/oss_bucket_0/qihang/gui_agent/images/ui_tars_zh_simulator/device1/instruction_3/sample_0/step_0.png' exists! Reading the file...
Model Thought/Action: {'action': 'error', 'thought': 'JSON decode error.'}
--- Step 2 ---
Path '/data/oss_bucket_0/qihang/gui_agent/images/ui_tars_zh_simulator/device1/instruction_3/sample_0/step_2.png' does not exist. Sleeping for 1 seconds...
Path '/data/oss_bucket_0/qihang/gui_agent/images/ui_tars_zh_simulator/device1/instruction_3/sample_0/step_2.png' does not exist. Sleeping for 1 seconds...
Path '/data/oss_bucket_0/qihang/gui_agent/images/ui_tars_zh_simulator/device1/instruction_3/sample_0/step_2.png' does not exist. Sleeping for 1 seconds...
Path '/data/oss_bucket_0/qihang/gui_agent/images/ui_tars_zh_simulator/device1/instruction_3/sample_0/step_2.png' does not exist. Sleeping for 1 seconds...
Path '/data/oss_bucket_0/qihang/gui_agent/images/ui_tars_zh_simulator/device1/instruction_3/sample_0/step_2.png' does not exist. Sleeping for 1 seconds...
Path '/data/oss_bucket_0/qihang/gui_agent/images/ui_tars_zh_simulator/device1/instruction_3/sample_0/step_2.png' does not exist. Sleeping for 1 seconds...
Path '/data/oss_bucket_0/qihang/gui_agent/images/ui_tars_zh_simulator/device1/instruction_3/sample_0/step_2.png' exists! Reading the file...
Path '/data/oss_bucket_0/qihang/gui_agent/images/ui_tars_zh_simulator/device1/instruction_3/sample_0/step_1.png' exists! Reading the file...
Model Thought/Action: {'action': 'error', 'thought': 'JSON decode error.'}
--- Step 3 ---
Path '/data/oss_bucket_0/qihang/gui_agent/images/ui_tars_zh_simulator/device1/instruction_3/sample_0/step_3.png' does not exist. Sleeping for 1 seconds...
Path '/data/oss_bucket_0/qihang/gui_agent/images/ui_tars_zh_simulator/device1/instruction_3/sample_0/step_3.png' does not exist. Sleeping for 1 seconds...
Path '/data/oss_bucket_0/qihang/gui_agent/images/ui_tars_zh_simulator/device1/instruction_3/sample_0/step_3.png' does not exist. Sleeping for 1 seconds...
Path '/data/oss_bucket_0/qihang/gui_agent/images/ui_tars_zh_simulator/device1/instruction_3/sample_0/step_3.png' does not exist. Sleeping for 1 seconds...
Path '/data/oss_bucket_0/qihang/gui_agent/images/ui_tars_zh_simulator/device1/instruction_3/sample_0/step_3.png' does not exist. Sleeping for 1 seconds...
Path '/data/oss_bucket_0/qihang/gui_agent/images/ui_tars_zh_simulator/device1/instruction_3/sample_0/step_3.png' does not exist. Sleeping for 1 seconds...
Path '/data/oss_bucket_0/qihang/gui_agent/images/ui_tars_zh_simulator/device1/instruction_3/sample_0/step_3.png' exists! Reading the file...
Path '/data/oss_bucket_0/qihang/gui_agent/images/ui_tars_zh_simulator/device1/instruction_3/sample_0/step_2.png' exists! Reading the file...
Model Thought/Action: {'action': 'error', 'thought': 'JSON decode error.'}
--- Step 4 ---
Path '/data/oss_bucket_0/qihang/gui_agent/images/ui_tars_zh_simulator/device1/instruction_3/sample_0/step_4.png' does not exist. Sleeping for 1 seconds...
Path '/data/oss_bucket_0/qihang/gui_agent/images/ui_tars_zh_simulator/device1/instruction_3/sample_0/step_4.png' does not exist. Sleeping for 1 seconds...
Path '/data/oss_bucket_0/qihang/gui_agent/images/ui_tars_zh_simulator/device1/instruction_3/sample_0/step_4.png' does not exist. Sleeping for 1 seconds...
Path '/data/oss_bucket_0/qihang/gui_agent/images/ui_tars_zh_simulator/device1/instruction_3/sample_0/step_4.png' does not exist. Sleeping for 1 seconds...
Path '/data/oss_bucket_0/qihang/gui_agent/images/ui_tars_zh_simulator/device1/instruction_3/sample_0/step_4.png' does not exist. Sleeping for 1 seconds...
Path '/data/oss_bucket_0/qihang/gui_agent/images/ui_tars_zh_simulator/device1/instruction_3/sample_0/step_4.png' does not exist. Sleeping for 1 seconds...
Path '/data/oss_bucket_0/qihang/gui_agent/images/ui_tars_zh_simulator/device1/instruction_3/sample_0/step_4.png' exists! Reading the file...
Path '/data/oss_bucket_0/qihang/gui_agent/images/ui_tars_zh_simulator/device1/instruction_3/sample_0/step_3.png' exists! Reading the file...
Model Thought/Action: {'action': 'error', 'thought': 'JSON decode error.'}
--- Step 5 ---
Path '/data/oss_bucket_0/qihang/gui_agent/images/ui_tars_zh_simulator/device1/instruction_3/sample_0/step_5.png' does not exist. Sleeping for 1 seconds...
Path '/data/oss_bucket_0/qihang/gui_agent/images/ui_tars_zh_simulator/device1/instruction_3/sample_0/step_5.png' does not exist. Sleeping for 1 seconds...
Path '/data/oss_bucket_0/qihang/gui_agent/images/ui_tars_zh_simulator/device1/instruction_3/sample_0/step_5.png' does not exist. Sleeping for 1 seconds...
Path '/data/oss_bucket_0/qihang/gui_agent/images/ui_tars_zh_simulator/device1/instruction_3/sample_0/step_5.png' does not exist. Sleeping for 1 seconds...
Path '/data/oss_bucket_0/qihang/gui_agent/images/ui_tars_zh_simulator/device1/instruction_3/sample_0/step_5.png' does not exist. Sleeping for 1 seconds...
Path '/data/oss_bucket_0/qihang/gui_agent/images/ui_tars_zh_simulator/device1/instruction_3/sample_0/step_5.png' does not exist. Sleeping for 1 seconds...
Path '/data/oss_bucket_0/qihang/gui_agent/images/ui_tars_zh_simulator/device1/instruction_3/sample_0/step_5.png' exists! Reading the file...
Path '/data/oss_bucket_0/qihang/gui_agent/images/ui_tars_zh_simulator/device1/instruction_3/sample_0/step_4.png' exists! Reading the file...
Model Thought/Action: {'action': 'error', 'thought': 'JSON decode error.'}
--- Step 6 ---
Path '/data/oss_bucket_0/qihang/gui_agent/images/ui_tars_zh_simulator/device1/instruction_3/sample_0/step_6.png' does not exist. Sleeping for 1 seconds...
Path '/data/oss_bucket_0/qihang/gui_agent/images/ui_tars_zh_simulator/device1/instruction_3/sample_0/step_6.png' does not exist. Sleeping for 1 seconds...
Path '/data/oss_bucket_0/qihang/gui_agent/images/ui_tars_zh_simulator/device1/instruction_3/sample_0/step_6.png' does not exist. Sleeping for 1 seconds...
Path '/data/oss_bucket_0/qihang/gui_agent/images/ui_tars_zh_simulator/device1/instruction_3/sample_0/step_6.png' does not exist. Sleeping for 1 seconds...
Path '/data/oss_bucket_0/qihang/gui_agent/images/ui_tars_zh_simulator/device1/instruction_3/sample_0/step_6.png' does not exist. Sleeping for 1 seconds...
Path '/data/oss_bucket_0/qihang/gui_agent/images/ui_tars_zh_simulator/device1/instruction_3/sample_0/step_6.png' does not exist. Sleeping for 1 seconds...
Path '/data/oss_bucket_0/qihang/gui_agent/images/ui_tars_zh_simulator/device1/instruction_3/sample_0/step_6.png' exists! Reading the file...
Path '/data/oss_bucket_0/qihang/gui_agent/images/ui_tars_zh_simulator/device1/instruction_3/sample_0/step_5.png' exists! Reading the file...
Model Thought/Action: {'action': 'error', 'thought': 'JSON decode error.'}
--- Step 7 ---
Path '/data/oss_bucket_0/qihang/gui_agent/images/ui_tars_zh_simulator/device1/instruction_3/sample_0/step_7.png' does not exist. Sleeping for 1 seconds...
Path '/data/oss_bucket_0/qihang/gui_agent/images/ui_tars_zh_simulator/device1/instruction_3/sample_0/step_7.png' does not exist. Sleeping for 1 seconds...
Path '/data/oss_bucket_0/qihang/gui_agent/images/ui_tars_zh_simulator/device1/instruction_3/sample_0/step_7.png' does not exist. Sleeping for 1 seconds...
Path '/data/oss_bucket_0/qihang/gui_agent/images/ui_tars_zh_simulator/device1/instruction_3/sample_0/step_7.png' does not exist. Sleeping for 1 seconds...
Path '/data/oss_bucket_0/qihang/gui_agent/images/ui_tars_zh_simulator/device1/instruction_3/sample_0/step_7.png' does not exist. Sleeping for 1 seconds...
Path '/data/oss_bucket_0/qihang/gui_agent/images/ui_tars_zh_simulator/device1/instruction_3/sample_0/step_7.png' does not exist. Sleeping for 1 seconds...
Path '/data/oss_bucket_0/qihang/gui_agent/images/ui_tars_zh_simulator/device1/instruction_3/sample_0/step_7.png' exists! Reading the file...
Path '/data/oss_bucket_0/qihang/gui_agent/images/ui_tars_zh_simulator/device1/instruction_3/sample_0/step_6.png' exists! Reading the file...
Model Thought/Action: {'action': 'error', 'thought': 'JSON decode error.'}
--- Step 8 ---
Path '/data/oss_bucket_0/qihang/gui_agent/images/ui_tars_zh_simulator/device1/instruction_3/sample_0/step_8.png' does not exist. Sleeping for 1 seconds...
Path '/data/oss_bucket_0/qihang/gui_agent/images/ui_tars_zh_simulator/device1/instruction_3/sample_0/step_8.png' does not exist. Sleeping for 1 seconds...
Path '/data/oss_bucket_0/qihang/gui_agent/images/ui_tars_zh_simulator/device1/instruction_3/sample_0/step_8.png' does not exist. Sleeping for 1 seconds...
Path '/data/oss_bucket_0/qihang/gui_agent/images/ui_tars_zh_simulator/device1/instruction_3/sample_0/step_8.png' does not exist. Sleeping for 1 seconds...
Path '/data/oss_bucket_0/qihang/gui_agent/images/ui_tars_zh_simulator/device1/instruction_3/sample_0/step_8.png' does not exist. Sleeping for 1 seconds...
Path '/data/oss_bucket_0/qihang/gui_agent/images/ui_tars_zh_simulator/device1/instruction_3/sample_0/step_8.png' does not exist. Sleeping for 1 seconds...
Path '/data/oss_bucket_0/qihang/gui_agent/images/ui_tars_zh_simulator/device1/instruction_3/sample_0/step_8.png' exists! Reading the file...
Path '/data/oss_bucket_0/qihang/gui_agent/images/ui_tars_zh_simulator/device1/instruction_3/sample_0/step_7.png' exists! Reading the file...
Model Thought/Action: {'action': 'error', 'thought': 'JSON decode error.'}
--- Step 9 ---
Path '/data/oss_bucket_0/qihang/gui_agent/images/ui_tars_zh_simulator/device1/instruction_3/sample_0/step_9.png' does not exist. Sleeping for 1 seconds...
Path '/data/oss_bucket_0/qihang/gui_agent/images/ui_tars_zh_simulator/device1/instruction_3/sample_0/step_9.png' does not exist. Sleeping for 1 seconds...
Path '/data/oss_bucket_0/qihang/gui_agent/images/ui_tars_zh_simulator/device1/instruction_3/sample_0/step_9.png' does not exist. Sleeping for 1 seconds...
Path '/data/oss_bucket_0/qihang/gui_agent/images/ui_tars_zh_simulator/device1/instruction_3/sample_0/step_9.png' does not exist. Sleeping for 1 seconds...
Path '/data/oss_bucket_0/qihang/gui_agent/images/ui_tars_zh_simulator/device1/instruction_3/sample_0/step_9.png' does not exist. Sleeping for 1 seconds...
Path '/data/oss_bucket_0/qihang/gui_agent/images/ui_tars_zh_simulator/device1/instruction_3/sample_0/step_9.png' does not exist. Sleeping for 1 seconds...
Path '/data/oss_bucket_0/qihang/gui_agent/images/ui_tars_zh_simulator/device1/instruction_3/sample_0/step_9.png' exists! Reading the file...
Path '/data/oss_bucket_0/qihang/gui_agent/images/ui_tars_zh_simulator/device1/instruction_3/sample_0/step_8.png' exists! Reading the file...
Model Thought/Action: {'action': 'error', 'thought': 'JSON decode error.'}
--- Step 10 ---
Path '/data/oss_bucket_0/qihang/gui_agent/images/ui_tars_zh_simulator/device1/instruction_3/sample_0/step_10.png' does not exist. Sleeping for 1 seconds...
Path '/data/oss_bucket_0/qihang/gui_agent/images/ui_tars_zh_simulator/device1/instruction_3/sample_0/step_10.png' does not exist. Sleeping for 1 seconds...
Path '/data/oss_bucket_0/qihang/gui_agent/images/ui_tars_zh_simulator/device1/instruction_3/sample_0/step_10.png' does not exist. Sleeping for 1 seconds...
Path '/data/oss_bucket_0/qihang/gui_agent/images/ui_tars_zh_simulator/device1/instruction_3/sample_0/step_10.png' does not exist. Sleeping for 1 seconds...
Path '/data/oss_bucket_0/qihang/gui_agent/images/ui_tars_zh_simulator/device1/instruction_3/sample_0/step_10.png' does not exist. Sleeping for 1 seconds...
Path '/data/oss_bucket_0/qihang/gui_agent/images/ui_tars_zh_simulator/device1/instruction_3/sample_0/step_10.png' does not exist. Sleeping for 1 seconds...
Path '/data/oss_bucket_0/qihang/gui_agent/images/ui_tars_zh_simulator/device1/instruction_3/sample_0/step_10.png' exists! Reading the file...
Path '/data/oss_bucket_0/qihang/gui_agent/images/ui_tars_zh_simulator/device1/instruction_3/sample_0/step_9.png' exists! Reading the file...
Model Thought/Action: {'action': 'error', 'thought': 'JSON decode error.'}
--- Step 11 ---
Path '/data/oss_bucket_0/qihang/gui_agent/images/ui_tars_zh_simulator/device1/instruction_3/sample_0/step_11.png' does not exist. Sleeping for 1 seconds...
Path '/data/oss_bucket_0/qihang/gui_agent/images/ui_tars_zh_simulator/device1/instruction_3/sample_0/step_11.png' does not exist. Sleeping for 1 seconds...
Path '/data/oss_bucket_0/qihang/gui_agent/images/ui_tars_zh_simulator/device1/instruction_3/sample_0/step_11.png' does not exist. Sleeping for 1 seconds...
Path '/data/oss_bucket_0/qihang/gui_agent/images/ui_tars_zh_simulator/device1/instruction_3/sample_0/step_11.png' does not exist. Sleeping for 1 seconds...
Path '/data/oss_bucket_0/qihang/gui_agent/images/ui_tars_zh_simulator/device1/instruction_3/sample_0/step_11.png' does not exist. Sleeping for 1 seconds...
Path '/data/oss_bucket_0/qihang/gui_agent/images/ui_tars_zh_simulator/device1/instruction_3/sample_0/step_11.png' does not exist. Sleeping for 1 seconds...
Path '/data/oss_bucket_0/qihang/gui_agent/images/ui_tars_zh_simulator/device1/instruction_3/sample_0/step_11.png' exists! Reading the file...
Path '/data/oss_bucket_0/qihang/gui_agent/images/ui_tars_zh_simulator/device1/instruction_3/sample_0/step_10.png' exists! Reading the file...
Model Thought/Action: {'action': 'error', 'thought': 'JSON decode error.'}
--- Step 12 ---
Path '/data/oss_bucket_0/qihang/gui_agent/images/ui_tars_zh_simulator/device1/instruction_3/sample_0/step_12.png' does not exist. Sleeping for 1 seconds...
Path '/data/oss_bucket_0/qihang/gui_agent/images/ui_tars_zh_simulator/device1/instruction_3/sample_0/step_12.png' does not exist. Sleeping for 1 seconds...
Path '/data/oss_bucket_0/qihang/gui_agent/images/ui_tars_zh_simulator/device1/instruction_3/sample_0/step_12.png' does not exist. Sleeping for 1 seconds...
Path '/data/oss_bucket_0/qihang/gui_agent/images/ui_tars_zh_simulator/device1/instruction_3/sample_0/step_12.png' does not exist. Sleeping for 1 seconds...
Path '/data/oss_bucket_0/qihang/gui_agent/images/ui_tars_zh_simulator/device1/instruction_3/sample_0/step_12.png' does not exist. Sleeping for 1 seconds...
Path '/data/oss_bucket_0/qihang/gui_agent/images/ui_tars_zh_simulator/device1/instruction_3/sample_0/step_12.png' does not exist. Sleeping for 1 seconds...
Path '/data/oss_bucket_0/qihang/gui_agent/images/ui_tars_zh_simulator/device1/instruction_3/sample_0/step_12.png' exists! Reading the file...
Path '/data/oss_bucket_0/qihang/gui_agent/images/ui_tars_zh_simulator/device1/instruction_3/sample_0/step_11.png' exists! Reading the file...
Model Thought/Action: {'action': 'error', 'thought': 'JSON decode error.'}
--- Step 13 ---
Path '/data/oss_bucket_0/qihang/gui_agent/images/ui_tars_zh_simulator/device1/instruction_3/sample_0/step_13.png' does not exist. Sleeping for 1 seconds...
Path '/data/oss_bucket_0/qihang/gui_agent/images/ui_tars_zh_simulator/device1/instruction_3/sample_0/step_13.png' does not exist. Sleeping for 1 seconds...
Path '/data/oss_bucket_0/qihang/gui_agent/images/ui_tars_zh_simulator/device1/instruction_3/sample_0/step_13.png' does not exist. Sleeping for 1 seconds...
Path '/data/oss_bucket_0/qihang/gui_agent/images/ui_tars_zh_simulator/device1/instruction_3/sample_0/step_13.png' does not exist. Sleeping for 1 seconds...
Path '/data/oss_bucket_0/qihang/gui_agent/images/ui_tars_zh_simulator/device1/instruction_3/sample_0/step_13.png' does not exist. Sleeping for 1 seconds...
Path '/data/oss_bucket_0/qihang/gui_agent/images/ui_tars_zh_simulator/device1/instruction_3/sample_0/step_13.png' does not exist. Sleeping for 1 seconds...
Path '/data/oss_bucket_0/qihang/gui_agent/images/ui_tars_zh_simulator/device1/instruction_3/sample_0/step_13.png' exists! Reading the file...
Path '/data/oss_bucket_0/qihang/gui_agent/images/ui_tars_zh_simulator/device1/instruction_3/sample_0/step_12.png' exists! Reading the file...
Model Thought/Action: {'action': 'error', 'thought': 'JSON decode error.'}
--- Step 14 ---
Path '/data/oss_bucket_0/qihang/gui_agent/images/ui_tars_zh_simulator/device1/instruction_3/sample_0/step_14.png' does not exist. Sleeping for 1 seconds...
Path '/data/oss_bucket_0/qihang/gui_agent/images/ui_tars_zh_simulator/device1/instruction_3/sample_0/step_14.png' does not exist. Sleeping for 1 seconds...
Path '/data/oss_bucket_0/qihang/gui_agent/images/ui_tars_zh_simulator/device1/instruction_3/sample_0/step_14.png' does not exist. Sleeping for 1 seconds...
Path '/data/oss_bucket_0/qihang/gui_agent/images/ui_tars_zh_simulator/device1/instruction_3/sample_0/step_14.png' does not exist. Sleeping for 1 seconds...
Path '/data/oss_bucket_0/qihang/gui_agent/images/ui_tars_zh_simulator/device1/instruction_3/sample_0/step_14.png' does not exist. Sleeping for 1 seconds...
Path '/data/oss_bucket_0/qihang/gui_agent/images/ui_tars_zh_simulator/device1/instruction_3/sample_0/step_14.png' does not exist. Sleeping for 1 seconds...
Path '/data/oss_bucket_0/qihang/gui_agent/images/ui_tars_zh_simulator/device1/instruction_3/sample_0/step_14.png' exists! Reading the file...
Path '/data/oss_bucket_0/qihang/gui_agent/images/ui_tars_zh_simulator/device1/instruction_3/sample_0/step_13.png' exists! Reading the file...
Model Thought/Action: {'action': 'error', 'thought': 'JSON decode error.'}
--- Judging with GPT-4o ---
GPT-4o Evaluation Response: {'reason': 'The agent repeatedly attempts to click on the same location without any change in the interface, indicating that the action is not effective. The task of opening the Vipshop app is not achieved, and the agent is stuck in a loop without making progress towards the goal. There is no evidence of any successful interaction with the user or the system to resolve the issue.', 'reward': 0, 'status': 'failure', 'inquiry': 'failure'}
Evaluating Instructions:   7%|▋         | 3/41 [09:25<1:53:57, 179.94s/it]
===== Evaluating Instruction 4/41 =====
Instruction: 使用唯品会搜索雅诗兰黛的粉底液，并查看最贵的商品详情页。
--- Step 0 ---
Path '/data/oss_bucket_0/qihang/gui_agent/images/ui_tars_zh_simulator/device1/instruction_4/sample_0/step_0.png' exists! Reading the file...
Model Thought/Action: {'action': 'error', 'thought': 'JSON decode error.'}
--- Step 1 ---
Path '/data/oss_bucket_0/qihang/gui_agent/images/ui_tars_zh_simulator/device1/instruction_4/sample_0/step_1.png' does not exist. Sleeping for 1 seconds...
Path '/data/oss_bucket_0/qihang/gui_agent/images/ui_tars_zh_simulator/device1/instruction_4/sample_0/step_1.png' does not exist. Sleeping for 1 seconds...
Path '/data/oss_bucket_0/qihang/gui_agent/images/ui_tars_zh_simulator/device1/instruction_4/sample_0/step_1.png' does not exist. Sleeping for 1 seconds...
Path '/data/oss_bucket_0/qihang/gui_agent/images/ui_tars_zh_simulator/device1/instruction_4/sample_0/step_1.png' does not exist. Sleeping for 1 seconds...
Path '/data/oss_bucket_0/qihang/gui_agent/images/ui_tars_zh_simulator/device1/instruction_4/sample_0/step_1.png' does not exist. Sleeping for 1 seconds...
Path '/data/oss_bucket_0/qihang/gui_agent/images/ui_tars_zh_simulator/device1/instruction_4/sample_0/step_1.png' does not exist. Sleeping for 1 seconds...
Path '/data/oss_bucket_0/qihang/gui_agent/images/ui_tars_zh_simulator/device1/instruction_4/sample_0/step_1.png' does not exist. Sleeping for 1 seconds...
Path '/data/oss_bucket_0/qihang/gui_agent/images/ui_tars_zh_simulator/device1/instruction_4/sample_0/step_1.png' does not exist. Sleeping for 1 seconds...
Path '/data/oss_bucket_0/qihang/gui_agent/images/ui_tars_zh_simulator/device1/instruction_4/sample_0/step_1.png' does not exist. Sleeping for 1 seconds...
Path '/data/oss_bucket_0/qihang/gui_agent/images/ui_tars_zh_simulator/device1/instruction_4/sample_0/step_1.png' does not exist. Sleeping for 1 seconds...
Path '/data/oss_bucket_0/qihang/gui_agent/images/ui_tars_zh_simulator/device1/instruction_4/sample_0/step_1.png' does not exist. Sleeping for 1 seconds...
Path '/data/oss_bucket_0/qihang/gui_agent/images/ui_tars_zh_simulator/device1/instruction_4/sample_0/step_1.png' does not exist. Sleeping for 1 seconds...
Path '/data/oss_bucket_0/qihang/gui_agent/images/ui_tars_zh_simulator/device1/instruction_4/sample_0/step_1.png' does not exist. Sleeping for 1 seconds...
Path '/data/oss_bucket_0/qihang/gui_agent/images/ui_tars_zh_simulator/device1/instruction_4/sample_0/step_1.png' does not exist. Sleeping for 1 seconds...
Path '/data/oss_bucket_0/qihang/gui_agent/images/ui_tars_zh_simulator/device1/instruction_4/sample_0/step_1.png' does not exist. Sleeping for 1 seconds...
Path '/data/oss_bucket_0/qihang/gui_agent/images/ui_tars_zh_simulator/device1/instruction_4/sample_0/step_1.png' does not exist. Sleeping for 1 seconds...
Path '/data/oss_bucket_0/qihang/gui_agent/images/ui_tars_zh_simulator/device1/instruction_4/sample_0/step_1.png' does not exist. Sleeping for 1 seconds...
Path '/data/oss_bucket_0/qihang/gui_agent/images/ui_tars_zh_simulator/device1/instruction_4/sample_0/step_1.png' does not exist. Sleeping for 1 seconds...
Path '/data/oss_bucket_0/qihang/gui_agent/images/ui_tars_zh_simulator/device1/instruction_4/sample_0/step_1.png' exists! Reading the file...
Path '/data/oss_bucket_0/qihang/gui_agent/images/ui_tars_zh_simulator/device1/instruction_4/sample_0/step_0.png' exists! Reading the file...
Model Thought/Action: {'action': 'error', 'thought': 'JSON decode error.'}
--- Step 2 ---
Path '/data/oss_bucket_0/qihang/gui_agent/images/ui_tars_zh_simulator/device1/instruction_4/sample_0/step_2.png' does not exist. Sleeping for 1 seconds...
Path '/data/oss_bucket_0/qihang/gui_agent/images/ui_tars_zh_simulator/device1/instruction_4/sample_0/step_2.png' does not exist. Sleeping for 1 seconds...
Path '/data/oss_bucket_0/qihang/gui_agent/images/ui_tars_zh_simulator/device1/instruction_4/sample_0/step_2.png' does not exist. Sleeping for 1 seconds...
Path '/data/oss_bucket_0/qihang/gui_agent/images/ui_tars_zh_simulator/device1/instruction_4/sample_0/step_2.png' does not exist. Sleeping for 1 seconds...
Path '/data/oss_bucket_0/qihang/gui_agent/images/ui_tars_zh_simulator/device1/instruction_4/sample_0/step_2.png' does not exist. Sleeping for 1 seconds...
Path '/data/oss_bucket_0/qihang/gui_agent/images/ui_tars_zh_simulator/device1/instruction_4/sample_0/step_2.png' does not exist. Sleeping for 1 seconds...
Path '/data/oss_bucket_0/qihang/gui_agent/images/ui_tars_zh_simulator/device1/instruction_4/sample_0/step_2.png' exists! Reading the file...
Path '/data/oss_bucket_0/qihang/gui_agent/images/ui_tars_zh_simulator/device1/instruction_4/sample_0/step_1.png' exists! Reading the file...
Model Thought/Action: {'action': 'error', 'thought': 'JSON decode error.'}
--- Step 3 ---
Path '/data/oss_bucket_0/qihang/gui_agent/images/ui_tars_zh_simulator/device1/instruction_4/sample_0/step_3.png' does not exist. Sleeping for 1 seconds...
Path '/data/oss_bucket_0/qihang/gui_agent/images/ui_tars_zh_simulator/device1/instruction_4/sample_0/step_3.png' does not exist. Sleeping for 1 seconds...
Path '/data/oss_bucket_0/qihang/gui_agent/images/ui_tars_zh_simulator/device1/instruction_4/sample_0/step_3.png' does not exist. Sleeping for 1 seconds...
Path '/data/oss_bucket_0/qihang/gui_agent/images/ui_tars_zh_simulator/device1/instruction_4/sample_0/step_3.png' does not exist. Sleeping for 1 seconds...
Path '/data/oss_bucket_0/qihang/gui_agent/images/ui_tars_zh_simulator/device1/instruction_4/sample_0/step_3.png' does not exist. Sleeping for 1 seconds...
Path '/data/oss_bucket_0/qihang/gui_agent/images/ui_tars_zh_simulator/device1/instruction_4/sample_0/step_3.png' does not exist. Sleeping for 1 seconds...
Path '/data/oss_bucket_0/qihang/gui_agent/images/ui_tars_zh_simulator/device1/instruction_4/sample_0/step_3.png' exists! Reading the file...
Path '/data/oss_bucket_0/qihang/gui_agent/images/ui_tars_zh_simulator/device1/instruction_4/sample_0/step_2.png' exists! Reading the file...
Model Thought/Action: {'action': 'error', 'thought': 'JSON decode error.'}
--- Step 4 ---
Path '/data/oss_bucket_0/qihang/gui_agent/images/ui_tars_zh_simulator/device1/instruction_4/sample_0/step_4.png' does not exist. Sleeping for 1 seconds...
Path '/data/oss_bucket_0/qihang/gui_agent/images/ui_tars_zh_simulator/device1/instruction_4/sample_0/step_4.png' does not exist. Sleeping for 1 seconds...
Path '/data/oss_bucket_0/qihang/gui_agent/images/ui_tars_zh_simulator/device1/instruction_4/sample_0/step_4.png' does not exist. Sleeping for 1 seconds...
Path '/data/oss_bucket_0/qihang/gui_agent/images/ui_tars_zh_simulator/device1/instruction_4/sample_0/step_4.png' does not exist. Sleeping for 1 seconds...
Path '/data/oss_bucket_0/qihang/gui_agent/images/ui_tars_zh_simulator/device1/instruction_4/sample_0/step_4.png' does not exist. Sleeping for 1 seconds...
Path '/data/oss_bucket_0/qihang/gui_agent/images/ui_tars_zh_simulator/device1/instruction_4/sample_0/step_4.png' does not exist. Sleeping for 1 seconds...
Path '/data/oss_bucket_0/qihang/gui_agent/images/ui_tars_zh_simulator/device1/instruction_4/sample_0/step_4.png' exists! Reading the file...
Path '/data/oss_bucket_0/qihang/gui_agent/images/ui_tars_zh_simulator/device1/instruction_4/sample_0/step_3.png' exists! Reading the file...
Model Thought/Action: {'action': 'error', 'thought': 'JSON decode error.'}
--- Step 5 ---
Path '/data/oss_bucket_0/qihang/gui_agent/images/ui_tars_zh_simulator/device1/instruction_4/sample_0/step_5.png' does not exist. Sleeping for 1 seconds...
Path '/data/oss_bucket_0/qihang/gui_agent/images/ui_tars_zh_simulator/device1/instruction_4/sample_0/step_5.png' does not exist. Sleeping for 1 seconds...
Path '/data/oss_bucket_0/qihang/gui_agent/images/ui_tars_zh_simulator/device1/instruction_4/sample_0/step_5.png' does not exist. Sleeping for 1 seconds...
Path '/data/oss_bucket_0/qihang/gui_agent/images/ui_tars_zh_simulator/device1/instruction_4/sample_0/step_5.png' does not exist. Sleeping for 1 seconds...
Path '/data/oss_bucket_0/qihang/gui_agent/images/ui_tars_zh_simulator/device1/instruction_4/sample_0/step_5.png' does not exist. Sleeping for 1 seconds...
Path '/data/oss_bucket_0/qihang/gui_agent/images/ui_tars_zh_simulator/device1/instruction_4/sample_0/step_5.png' does not exist. Sleeping for 1 seconds...
Path '/data/oss_bucket_0/qihang/gui_agent/images/ui_tars_zh_simulator/device1/instruction_4/sample_0/step_5.png' exists! Reading the file...
Path '/data/oss_bucket_0/qihang/gui_agent/images/ui_tars_zh_simulator/device1/instruction_4/sample_0/step_4.png' exists! Reading the file...
Model Thought/Action: {'action': 'error', 'thought': 'JSON decode error.'}
--- Step 6 ---
Path '/data/oss_bucket_0/qihang/gui_agent/images/ui_tars_zh_simulator/device1/instruction_4/sample_0/step_6.png' does not exist. Sleeping for 1 seconds...
Path '/data/oss_bucket_0/qihang/gui_agent/images/ui_tars_zh_simulator/device1/instruction_4/sample_0/step_6.png' does not exist. Sleeping for 1 seconds...
Path '/data/oss_bucket_0/qihang/gui_agent/images/ui_tars_zh_simulator/device1/instruction_4/sample_0/step_6.png' does not exist. Sleeping for 1 seconds...
Path '/data/oss_bucket_0/qihang/gui_agent/images/ui_tars_zh_simulator/device1/instruction_4/sample_0/step_6.png' does not exist. Sleeping for 1 seconds...
Path '/data/oss_bucket_0/qihang/gui_agent/images/ui_tars_zh_simulator/device1/instruction_4/sample_0/step_6.png' does not exist. Sleeping for 1 seconds...
Path '/data/oss_bucket_0/qihang/gui_agent/images/ui_tars_zh_simulator/device1/instruction_4/sample_0/step_6.png' does not exist. Sleeping for 1 seconds...
Path '/data/oss_bucket_0/qihang/gui_agent/images/ui_tars_zh_simulator/device1/instruction_4/sample_0/step_6.png' exists! Reading the file...
Path '/data/oss_bucket_0/qihang/gui_agent/images/ui_tars_zh_simulator/device1/instruction_4/sample_0/step_5.png' exists! Reading the file...
Model Thought/Action: {'action': 'error', 'thought': 'JSON decode error.'}
--- Step 7 ---
Path '/data/oss_bucket_0/qihang/gui_agent/images/ui_tars_zh_simulator/device1/instruction_4/sample_0/step_7.png' does not exist. Sleeping for 1 seconds...
Path '/data/oss_bucket_0/qihang/gui_agent/images/ui_tars_zh_simulator/device1/instruction_4/sample_0/step_7.png' does not exist. Sleeping for 1 seconds...
Path '/data/oss_bucket_0/qihang/gui_agent/images/ui_tars_zh_simulator/device1/instruction_4/sample_0/step_7.png' does not exist. Sleeping for 1 seconds...
Path '/data/oss_bucket_0/qihang/gui_agent/images/ui_tars_zh_simulator/device1/instruction_4/sample_0/step_7.png' does not exist. Sleeping for 1 seconds...
Path '/data/oss_bucket_0/qihang/gui_agent/images/ui_tars_zh_simulator/device1/instruction_4/sample_0/step_7.png' does not exist. Sleeping for 1 seconds...
Path '/data/oss_bucket_0/qihang/gui_agent/images/ui_tars_zh_simulator/device1/instruction_4/sample_0/step_7.png' does not exist. Sleeping for 1 seconds...
Path '/data/oss_bucket_0/qihang/gui_agent/images/ui_tars_zh_simulator/device1/instruction_4/sample_0/step_7.png' exists! Reading the file...
Path '/data/oss_bucket_0/qihang/gui_agent/images/ui_tars_zh_simulator/device1/instruction_4/sample_0/step_6.png' exists! Reading the file...
Model Thought/Action: {'action': 'error', 'thought': 'JSON decode error.'}
--- Step 8 ---
Path '/data/oss_bucket_0/qihang/gui_agent/images/ui_tars_zh_simulator/device1/instruction_4/sample_0/step_8.png' does not exist. Sleeping for 1 seconds...
Path '/data/oss_bucket_0/qihang/gui_agent/images/ui_tars_zh_simulator/device1/instruction_4/sample_0/step_8.png' does not exist. Sleeping for 1 seconds...
Path '/data/oss_bucket_0/qihang/gui_agent/images/ui_tars_zh_simulator/device1/instruction_4/sample_0/step_8.png' does not exist. Sleeping for 1 seconds...
Path '/data/oss_bucket_0/qihang/gui_agent/images/ui_tars_zh_simulator/device1/instruction_4/sample_0/step_8.png' does not exist. Sleeping for 1 seconds...
Path '/data/oss_bucket_0/qihang/gui_agent/images/ui_tars_zh_simulator/device1/instruction_4/sample_0/step_8.png' does not exist. Sleeping for 1 seconds...
Path '/data/oss_bucket_0/qihang/gui_agent/images/ui_tars_zh_simulator/device1/instruction_4/sample_0/step_8.png' does not exist. Sleeping for 1 seconds...
Path '/data/oss_bucket_0/qihang/gui_agent/images/ui_tars_zh_simulator/device1/instruction_4/sample_0/step_8.png' exists! Reading the file...
Path '/data/oss_bucket_0/qihang/gui_agent/images/ui_tars_zh_simulator/device1/instruction_4/sample_0/step_7.png' exists! Reading the file...
Model Thought/Action: {'action': 'error', 'thought': 'JSON decode error.'}
--- Step 9 ---
Path '/data/oss_bucket_0/qihang/gui_agent/images/ui_tars_zh_simulator/device1/instruction_4/sample_0/step_9.png' does not exist. Sleeping for 1 seconds...
Path '/data/oss_bucket_0/qihang/gui_agent/images/ui_tars_zh_simulator/device1/instruction_4/sample_0/step_9.png' does not exist. Sleeping for 1 seconds...
Path '/data/oss_bucket_0/qihang/gui_agent/images/ui_tars_zh_simulator/device1/instruction_4/sample_0/step_9.png' does not exist. Sleeping for 1 seconds...
Path '/data/oss_bucket_0/qihang/gui_agent/images/ui_tars_zh_simulator/device1/instruction_4/sample_0/step_9.png' does not exist. Sleeping for 1 seconds...
Path '/data/oss_bucket_0/qihang/gui_agent/images/ui_tars_zh_simulator/device1/instruction_4/sample_0/step_9.png' does not exist. Sleeping for 1 seconds...
Path '/data/oss_bucket_0/qihang/gui_agent/images/ui_tars_zh_simulator/device1/instruction_4/sample_0/step_9.png' does not exist. Sleeping for 1 seconds...
Path '/data/oss_bucket_0/qihang/gui_agent/images/ui_tars_zh_simulator/device1/instruction_4/sample_0/step_9.png' exists! Reading the file...
Path '/data/oss_bucket_0/qihang/gui_agent/images/ui_tars_zh_simulator/device1/instruction_4/sample_0/step_8.png' exists! Reading the file...
Model Thought/Action: {'action': 'error', 'thought': 'JSON decode error.'}
--- Step 10 ---
Path '/data/oss_bucket_0/qihang/gui_agent/images/ui_tars_zh_simulator/device1/instruction_4/sample_0/step_10.png' does not exist. Sleeping for 1 seconds...
Path '/data/oss_bucket_0/qihang/gui_agent/images/ui_tars_zh_simulator/device1/instruction_4/sample_0/step_10.png' does not exist. Sleeping for 1 seconds...
Path '/data/oss_bucket_0/qihang/gui_agent/images/ui_tars_zh_simulator/device1/instruction_4/sample_0/step_10.png' does not exist. Sleeping for 1 seconds...
Path '/data/oss_bucket_0/qihang/gui_agent/images/ui_tars_zh_simulator/device1/instruction_4/sample_0/step_10.png' does not exist. Sleeping for 1 seconds...
Path '/data/oss_bucket_0/qihang/gui_agent/images/ui_tars_zh_simulator/device1/instruction_4/sample_0/step_10.png' does not exist. Sleeping for 1 seconds...
Path '/data/oss_bucket_0/qihang/gui_agent/images/ui_tars_zh_simulator/device1/instruction_4/sample_0/step_10.png' does not exist. Sleeping for 1 seconds...
Path '/data/oss_bucket_0/qihang/gui_agent/images/ui_tars_zh_simulator/device1/instruction_4/sample_0/step_10.png' exists! Reading the file...
Path '/data/oss_bucket_0/qihang/gui_agent/images/ui_tars_zh_simulator/device1/instruction_4/sample_0/step_9.png' exists! Reading the file...
Model Thought/Action: {'action': 'error', 'thought': 'JSON decode error.'}
--- Step 11 ---
Path '/data/oss_bucket_0/qihang/gui_agent/images/ui_tars_zh_simulator/device1/instruction_4/sample_0/step_11.png' does not exist. Sleeping for 1 seconds...
Path '/data/oss_bucket_0/qihang/gui_agent/images/ui_tars_zh_simulator/device1/instruction_4/sample_0/step_11.png' does not exist. Sleeping for 1 seconds...
Path '/data/oss_bucket_0/qihang/gui_agent/images/ui_tars_zh_simulator/device1/instruction_4/sample_0/step_11.png' does not exist. Sleeping for 1 seconds...
Path '/data/oss_bucket_0/qihang/gui_agent/images/ui_tars_zh_simulator/device1/instruction_4/sample_0/step_11.png' does not exist. Sleeping for 1 seconds...
Path '/data/oss_bucket_0/qihang/gui_agent/images/ui_tars_zh_simulator/device1/instruction_4/sample_0/step_11.png' does not exist. Sleeping for 1 seconds...
Path '/data/oss_bucket_0/qihang/gui_agent/images/ui_tars_zh_simulator/device1/instruction_4/sample_0/step_11.png' does not exist. Sleeping for 1 seconds...
Path '/data/oss_bucket_0/qihang/gui_agent/images/ui_tars_zh_simulator/device1/instruction_4/sample_0/step_11.png' exists! Reading the file...
Path '/data/oss_bucket_0/qihang/gui_agent/images/ui_tars_zh_simulator/device1/instruction_4/sample_0/step_10.png' exists! Reading the file...
Model Thought/Action: {'action': 'error', 'thought': 'JSON decode error.'}
--- Step 12 ---
Path '/data/oss_bucket_0/qihang/gui_agent/images/ui_tars_zh_simulator/device1/instruction_4/sample_0/step_12.png' does not exist. Sleeping for 1 seconds...
Path '/data/oss_bucket_0/qihang/gui_agent/images/ui_tars_zh_simulator/device1/instruction_4/sample_0/step_12.png' does not exist. Sleeping for 1 seconds...
Path '/data/oss_bucket_0/qihang/gui_agent/images/ui_tars_zh_simulator/device1/instruction_4/sample_0/step_12.png' does not exist. Sleeping for 1 seconds...
Path '/data/oss_bucket_0/qihang/gui_agent/images/ui_tars_zh_simulator/device1/instruction_4/sample_0/step_12.png' does not exist. Sleeping for 1 seconds...
Path '/data/oss_bucket_0/qihang/gui_agent/images/ui_tars_zh_simulator/device1/instruction_4/sample_0/step_12.png' does not exist. Sleeping for 1 seconds...
Path '/data/oss_bucket_0/qihang/gui_agent/images/ui_tars_zh_simulator/device1/instruction_4/sample_0/step_12.png' does not exist. Sleeping for 1 seconds...
Path '/data/oss_bucket_0/qihang/gui_agent/images/ui_tars_zh_simulator/device1/instruction_4/sample_0/step_12.png' exists! Reading the file...
Path '/data/oss_bucket_0/qihang/gui_agent/images/ui_tars_zh_simulator/device1/instruction_4/sample_0/step_11.png' exists! Reading the file...
Model Thought/Action: {'action': 'error', 'thought': 'JSON decode error.'}
--- Step 13 ---
Path '/data/oss_bucket_0/qihang/gui_agent/images/ui_tars_zh_simulator/device1/instruction_4/sample_0/step_13.png' does not exist. Sleeping for 1 seconds...
Path '/data/oss_bucket_0/qihang/gui_agent/images/ui_tars_zh_simulator/device1/instruction_4/sample_0/step_13.png' does not exist. Sleeping for 1 seconds...
Path '/data/oss_bucket_0/qihang/gui_agent/images/ui_tars_zh_simulator/device1/instruction_4/sample_0/step_13.png' does not exist. Sleeping for 1 seconds...
Path '/data/oss_bucket_0/qihang/gui_agent/images/ui_tars_zh_simulator/device1/instruction_4/sample_0/step_13.png' does not exist. Sleeping for 1 seconds...
Path '/data/oss_bucket_0/qihang/gui_agent/images/ui_tars_zh_simulator/device1/instruction_4/sample_0/step_13.png' does not exist. Sleeping for 1 seconds...
Path '/data/oss_bucket_0/qihang/gui_agent/images/ui_tars_zh_simulator/device1/instruction_4/sample_0/step_13.png' does not exist. Sleeping for 1 seconds...
Path '/data/oss_bucket_0/qihang/gui_agent/images/ui_tars_zh_simulator/device1/instruction_4/sample_0/step_13.png' exists! Reading the file...
Path '/data/oss_bucket_0/qihang/gui_agent/images/ui_tars_zh_simulator/device1/instruction_4/sample_0/step_12.png' exists! Reading the file...
Model Thought/Action: {'action': 'error', 'thought': 'JSON decode error.'}
--- Step 14 ---
Path '/data/oss_bucket_0/qihang/gui_agent/images/ui_tars_zh_simulator/device1/instruction_4/sample_0/step_14.png' does not exist. Sleeping for 1 seconds...
Path '/data/oss_bucket_0/qihang/gui_agent/images/ui_tars_zh_simulator/device1/instruction_4/sample_0/step_14.png' does not exist. Sleeping for 1 seconds...
Path '/data/oss_bucket_0/qihang/gui_agent/images/ui_tars_zh_simulator/device1/instruction_4/sample_0/step_14.png' does not exist. Sleeping for 1 seconds...
Path '/data/oss_bucket_0/qihang/gui_agent/images/ui_tars_zh_simulator/device1/instruction_4/sample_0/step_14.png' does not exist. Sleeping for 1 seconds...
Path '/data/oss_bucket_0/qihang/gui_agent/images/ui_tars_zh_simulator/device1/instruction_4/sample_0/step_14.png' does not exist. Sleeping for 1 seconds...
Path '/data/oss_bucket_0/qihang/gui_agent/images/ui_tars_zh_simulator/device1/instruction_4/sample_0/step_14.png' does not exist. Sleeping for 1 seconds...
Path '/data/oss_bucket_0/qihang/gui_agent/images/ui_tars_zh_simulator/device1/instruction_4/sample_0/step_14.png' exists! Reading the file...
Path '/data/oss_bucket_0/qihang/gui_agent/images/ui_tars_zh_simulator/device1/instruction_4/sample_0/step_13.png' exists! Reading the file...
Model Thought/Action: {'action': 'error', 'thought': 'JSON decode error.'}
--- Judging with GPT-4o ---
GPT-4o Evaluation Response: {'reason': "The agent repeatedly attempts to click on the same location without any progress or change in the interface, indicating a failure to open the Vipshop app. The task is not moving forward, and there is no evidence of any meaningful interaction or progress towards the user's goal. The agent is stuck in a loop, clicking the same spot without any result, which is a clear indication of a failure in task execution. Additionally, there is no attempt to seek user interaction or adjust the approach, which could have been a way to resolve the issue.", 'reward': 0, 'status': 'failure', 'inquiry': 'failure'}
Evaluating Instructions:  10%|▉         | 4/41 [12:13<1:47:50, 174.88s/it]
===== Evaluating Instruction 5/41 =====
Instruction: 使用唯品会搜索兰蔻的口红，并将价格最低的商品分享给好友。
--- Step 0 ---
Path '/data/oss_bucket_0/qihang/gui_agent/images/ui_tars_zh_simulator/device1/instruction_5/sample_0/step_0.png' exists! Reading the file...
Model Thought/Action: {'action': 'error', 'thought': 'JSON decode error.'}
--- Step 1 ---
Path '/data/oss_bucket_0/qihang/gui_agent/images/ui_tars_zh_simulator/device1/instruction_5/sample_0/step_1.png' does not exist. Sleeping for 1 seconds...
Path '/data/oss_bucket_0/qihang/gui_agent/images/ui_tars_zh_simulator/device1/instruction_5/sample_0/step_1.png' does not exist. Sleeping for 1 seconds...
Path '/data/oss_bucket_0/qihang/gui_agent/images/ui_tars_zh_simulator/device1/instruction_5/sample_0/step_1.png' does not exist. Sleeping for 1 seconds...
Path '/data/oss_bucket_0/qihang/gui_agent/images/ui_tars_zh_simulator/device1/instruction_5/sample_0/step_1.png' does not exist. Sleeping for 1 seconds...
Path '/data/oss_bucket_0/qihang/gui_agent/images/ui_tars_zh_simulator/device1/instruction_5/sample_0/step_1.png' does not exist. Sleeping for 1 seconds...
Path '/data/oss_bucket_0/qihang/gui_agent/images/ui_tars_zh_simulator/device1/instruction_5/sample_0/step_1.png' does not exist. Sleeping for 1 seconds...
Path '/data/oss_bucket_0/qihang/gui_agent/images/ui_tars_zh_simulator/device1/instruction_5/sample_0/step_1.png' does not exist. Sleeping for 1 seconds...
Path '/data/oss_bucket_0/qihang/gui_agent/images/ui_tars_zh_simulator/device1/instruction_5/sample_0/step_1.png' does not exist. Sleeping for 1 seconds...
Path '/data/oss_bucket_0/qihang/gui_agent/images/ui_tars_zh_simulator/device1/instruction_5/sample_0/step_1.png' does not exist. Sleeping for 1 seconds...
Path '/data/oss_bucket_0/qihang/gui_agent/images/ui_tars_zh_simulator/device1/instruction_5/sample_0/step_1.png' does not exist. Sleeping for 1 seconds...
Path '/data/oss_bucket_0/qihang/gui_agent/images/ui_tars_zh_simulator/device1/instruction_5/sample_0/step_1.png' does not exist. Sleeping for 1 seconds...
Path '/data/oss_bucket_0/qihang/gui_agent/images/ui_tars_zh_simulator/device1/instruction_5/sample_0/step_1.png' does not exist. Sleeping for 1 seconds...
Path '/data/oss_bucket_0/qihang/gui_agent/images/ui_tars_zh_simulator/device1/instruction_5/sample_0/step_1.png' exists! Reading the file...
Path '/data/oss_bucket_0/qihang/gui_agent/images/ui_tars_zh_simulator/device1/instruction_5/sample_0/step_0.png' exists! Reading the file...
Model Thought/Action: {'action': 'error', 'thought': 'JSON decode error.'}
--- Step 2 ---
Path '/data/oss_bucket_0/qihang/gui_agent/images/ui_tars_zh_simulator/device1/instruction_5/sample_0/step_2.png' does not exist. Sleeping for 1 seconds...
Path '/data/oss_bucket_0/qihang/gui_agent/images/ui_tars_zh_simulator/device1/instruction_5/sample_0/step_2.png' does not exist. Sleeping for 1 seconds...
Path '/data/oss_bucket_0/qihang/gui_agent/images/ui_tars_zh_simulator/device1/instruction_5/sample_0/step_2.png' does not exist. Sleeping for 1 seconds...
Path '/data/oss_bucket_0/qihang/gui_agent/images/ui_tars_zh_simulator/device1/instruction_5/sample_0/step_2.png' does not exist. Sleeping for 1 seconds...
Path '/data/oss_bucket_0/qihang/gui_agent/images/ui_tars_zh_simulator/device1/instruction_5/sample_0/step_2.png' does not exist. Sleeping for 1 seconds...
Path '/data/oss_bucket_0/qihang/gui_agent/images/ui_tars_zh_simulator/device1/instruction_5/sample_0/step_2.png' does not exist. Sleeping for 1 seconds...
Path '/data/oss_bucket_0/qihang/gui_agent/images/ui_tars_zh_simulator/device1/instruction_5/sample_0/step_2.png' exists! Reading the file...
Path '/data/oss_bucket_0/qihang/gui_agent/images/ui_tars_zh_simulator/device1/instruction_5/sample_0/step_1.png' exists! Reading the file...
Model Thought/Action: {'action': 'error', 'thought': 'JSON decode error.'}
--- Step 3 ---
Path '/data/oss_bucket_0/qihang/gui_agent/images/ui_tars_zh_simulator/device1/instruction_5/sample_0/step_3.png' does not exist. Sleeping for 1 seconds...
Path '/data/oss_bucket_0/qihang/gui_agent/images/ui_tars_zh_simulator/device1/instruction_5/sample_0/step_3.png' does not exist. Sleeping for 1 seconds...
Path '/data/oss_bucket_0/qihang/gui_agent/images/ui_tars_zh_simulator/device1/instruction_5/sample_0/step_3.png' does not exist. Sleeping for 1 seconds...
Path '/data/oss_bucket_0/qihang/gui_agent/images/ui_tars_zh_simulator/device1/instruction_5/sample_0/step_3.png' does not exist. Sleeping for 1 seconds...
Path '/data/oss_bucket_0/qihang/gui_agent/images/ui_tars_zh_simulator/device1/instruction_5/sample_0/step_3.png' does not exist. Sleeping for 1 seconds...
Path '/data/oss_bucket_0/qihang/gui_agent/images/ui_tars_zh_simulator/device1/instruction_5/sample_0/step_3.png' does not exist. Sleeping for 1 seconds...
Path '/data/oss_bucket_0/qihang/gui_agent/images/ui_tars_zh_simulator/device1/instruction_5/sample_0/step_3.png' exists! Reading the file...
Path '/data/oss_bucket_0/qihang/gui_agent/images/ui_tars_zh_simulator/device1/instruction_5/sample_0/step_2.png' exists! Reading the file...
Model Thought/Action: {'action': 'error', 'thought': 'JSON decode error.'}
--- Step 4 ---
Path '/data/oss_bucket_0/qihang/gui_agent/images/ui_tars_zh_simulator/device1/instruction_5/sample_0/step_4.png' does not exist. Sleeping for 1 seconds...
Path '/data/oss_bucket_0/qihang/gui_agent/images/ui_tars_zh_simulator/device1/instruction_5/sample_0/step_4.png' does not exist. Sleeping for 1 seconds...
Path '/data/oss_bucket_0/qihang/gui_agent/images/ui_tars_zh_simulator/device1/instruction_5/sample_0/step_4.png' does not exist. Sleeping for 1 seconds...
Path '/data/oss_bucket_0/qihang/gui_agent/images/ui_tars_zh_simulator/device1/instruction_5/sample_0/step_4.png' does not exist. Sleeping for 1 seconds...
Path '/data/oss_bucket_0/qihang/gui_agent/images/ui_tars_zh_simulator/device1/instruction_5/sample_0/step_4.png' does not exist. Sleeping for 1 seconds...
Path '/data/oss_bucket_0/qihang/gui_agent/images/ui_tars_zh_simulator/device1/instruction_5/sample_0/step_4.png' does not exist. Sleeping for 1 seconds...
Path '/data/oss_bucket_0/qihang/gui_agent/images/ui_tars_zh_simulator/device1/instruction_5/sample_0/step_4.png' exists! Reading the file...
Path '/data/oss_bucket_0/qihang/gui_agent/images/ui_tars_zh_simulator/device1/instruction_5/sample_0/step_3.png' exists! Reading the file...
Model Thought/Action: {'action': 'error', 'thought': 'JSON decode error.'}
--- Step 5 ---
Path '/data/oss_bucket_0/qihang/gui_agent/images/ui_tars_zh_simulator/device1/instruction_5/sample_0/step_5.png' does not exist. Sleeping for 1 seconds...
Path '/data/oss_bucket_0/qihang/gui_agent/images/ui_tars_zh_simulator/device1/instruction_5/sample_0/step_5.png' does not exist. Sleeping for 1 seconds...
Path '/data/oss_bucket_0/qihang/gui_agent/images/ui_tars_zh_simulator/device1/instruction_5/sample_0/step_5.png' does not exist. Sleeping for 1 seconds...
Path '/data/oss_bucket_0/qihang/gui_agent/images/ui_tars_zh_simulator/device1/instruction_5/sample_0/step_5.png' does not exist. Sleeping for 1 seconds...
Path '/data/oss_bucket_0/qihang/gui_agent/images/ui_tars_zh_simulator/device1/instruction_5/sample_0/step_5.png' does not exist. Sleeping for 1 seconds...
Path '/data/oss_bucket_0/qihang/gui_agent/images/ui_tars_zh_simulator/device1/instruction_5/sample_0/step_5.png' does not exist. Sleeping for 1 seconds...
Path '/data/oss_bucket_0/qihang/gui_agent/images/ui_tars_zh_simulator/device1/instruction_5/sample_0/step_5.png' exists! Reading the file...
Path '/data/oss_bucket_0/qihang/gui_agent/images/ui_tars_zh_simulator/device1/instruction_5/sample_0/step_4.png' exists! Reading the file...
Model Thought/Action: {'action': 'error', 'thought': 'JSON decode error.'}
--- Step 6 ---
Path '/data/oss_bucket_0/qihang/gui_agent/images/ui_tars_zh_simulator/device1/instruction_5/sample_0/step_6.png' does not exist. Sleeping for 1 seconds...
Path '/data/oss_bucket_0/qihang/gui_agent/images/ui_tars_zh_simulator/device1/instruction_5/sample_0/step_6.png' does not exist. Sleeping for 1 seconds...
Path '/data/oss_bucket_0/qihang/gui_agent/images/ui_tars_zh_simulator/device1/instruction_5/sample_0/step_6.png' does not exist. Sleeping for 1 seconds...
Path '/data/oss_bucket_0/qihang/gui_agent/images/ui_tars_zh_simulator/device1/instruction_5/sample_0/step_6.png' does not exist. Sleeping for 1 seconds...
Path '/data/oss_bucket_0/qihang/gui_agent/images/ui_tars_zh_simulator/device1/instruction_5/sample_0/step_6.png' does not exist. Sleeping for 1 seconds...
Path '/data/oss_bucket_0/qihang/gui_agent/images/ui_tars_zh_simulator/device1/instruction_5/sample_0/step_6.png' does not exist. Sleeping for 1 seconds...
Path '/data/oss_bucket_0/qihang/gui_agent/images/ui_tars_zh_simulator/device1/instruction_5/sample_0/step_6.png' exists! Reading the file...
Path '/data/oss_bucket_0/qihang/gui_agent/images/ui_tars_zh_simulator/device1/instruction_5/sample_0/step_5.png' exists! Reading the file...
Model Thought/Action: {'action': 'error', 'thought': 'JSON decode error.'}
--- Step 7 ---
Path '/data/oss_bucket_0/qihang/gui_agent/images/ui_tars_zh_simulator/device1/instruction_5/sample_0/step_7.png' does not exist. Sleeping for 1 seconds...
Path '/data/oss_bucket_0/qihang/gui_agent/images/ui_tars_zh_simulator/device1/instruction_5/sample_0/step_7.png' does not exist. Sleeping for 1 seconds...
Path '/data/oss_bucket_0/qihang/gui_agent/images/ui_tars_zh_simulator/device1/instruction_5/sample_0/step_7.png' does not exist. Sleeping for 1 seconds...
Path '/data/oss_bucket_0/qihang/gui_agent/images/ui_tars_zh_simulator/device1/instruction_5/sample_0/step_7.png' does not exist. Sleeping for 1 seconds...
Path '/data/oss_bucket_0/qihang/gui_agent/images/ui_tars_zh_simulator/device1/instruction_5/sample_0/step_7.png' does not exist. Sleeping for 1 seconds...
Path '/data/oss_bucket_0/qihang/gui_agent/images/ui_tars_zh_simulator/device1/instruction_5/sample_0/step_7.png' does not exist. Sleeping for 1 seconds...
Path '/data/oss_bucket_0/qihang/gui_agent/images/ui_tars_zh_simulator/device1/instruction_5/sample_0/step_7.png' exists! Reading the file...
Path '/data/oss_bucket_0/qihang/gui_agent/images/ui_tars_zh_simulator/device1/instruction_5/sample_0/step_6.png' exists! Reading the file...
Model Thought/Action: {'action': 'error', 'thought': 'JSON decode error.'}
--- Step 8 ---
Path '/data/oss_bucket_0/qihang/gui_agent/images/ui_tars_zh_simulator/device1/instruction_5/sample_0/step_8.png' does not exist. Sleeping for 1 seconds...
Path '/data/oss_bucket_0/qihang/gui_agent/images/ui_tars_zh_simulator/device1/instruction_5/sample_0/step_8.png' does not exist. Sleeping for 1 seconds...
Path '/data/oss_bucket_0/qihang/gui_agent/images/ui_tars_zh_simulator/device1/instruction_5/sample_0/step_8.png' does not exist. Sleeping for 1 seconds...
Path '/data/oss_bucket_0/qihang/gui_agent/images/ui_tars_zh_simulator/device1/instruction_5/sample_0/step_8.png' does not exist. Sleeping for 1 seconds...
Path '/data/oss_bucket_0/qihang/gui_agent/images/ui_tars_zh_simulator/device1/instruction_5/sample_0/step_8.png' does not exist. Sleeping for 1 seconds...
Path '/data/oss_bucket_0/qihang/gui_agent/images/ui_tars_zh_simulator/device1/instruction_5/sample_0/step_8.png' does not exist. Sleeping for 1 seconds...
Path '/data/oss_bucket_0/qihang/gui_agent/images/ui_tars_zh_simulator/device1/instruction_5/sample_0/step_8.png' exists! Reading the file...
Path '/data/oss_bucket_0/qihang/gui_agent/images/ui_tars_zh_simulator/device1/instruction_5/sample_0/step_7.png' exists! Reading the file...
Model Thought/Action: {'action': 'error', 'thought': 'JSON decode error.'}
--- Step 9 ---
Path '/data/oss_bucket_0/qihang/gui_agent/images/ui_tars_zh_simulator/device1/instruction_5/sample_0/step_9.png' does not exist. Sleeping for 1 seconds...
Path '/data/oss_bucket_0/qihang/gui_agent/images/ui_tars_zh_simulator/device1/instruction_5/sample_0/step_9.png' does not exist. Sleeping for 1 seconds...
Path '/data/oss_bucket_0/qihang/gui_agent/images/ui_tars_zh_simulator/device1/instruction_5/sample_0/step_9.png' does not exist. Sleeping for 1 seconds...
Path '/data/oss_bucket_0/qihang/gui_agent/images/ui_tars_zh_simulator/device1/instruction_5/sample_0/step_9.png' does not exist. Sleeping for 1 seconds...
Path '/data/oss_bucket_0/qihang/gui_agent/images/ui_tars_zh_simulator/device1/instruction_5/sample_0/step_9.png' does not exist. Sleeping for 1 seconds...
Path '/data/oss_bucket_0/qihang/gui_agent/images/ui_tars_zh_simulator/device1/instruction_5/sample_0/step_9.png' does not exist. Sleeping for 1 seconds...
Path '/data/oss_bucket_0/qihang/gui_agent/images/ui_tars_zh_simulator/device1/instruction_5/sample_0/step_9.png' exists! Reading the file...
Path '/data/oss_bucket_0/qihang/gui_agent/images/ui_tars_zh_simulator/device1/instruction_5/sample_0/step_8.png' exists! Reading the file...
Model Thought/Action: {'action': 'error', 'thought': 'JSON decode error.'}
--- Step 10 ---
Path '/data/oss_bucket_0/qihang/gui_agent/images/ui_tars_zh_simulator/device1/instruction_5/sample_0/step_10.png' does not exist. Sleeping for 1 seconds...
Path '/data/oss_bucket_0/qihang/gui_agent/images/ui_tars_zh_simulator/device1/instruction_5/sample_0/step_10.png' does not exist. Sleeping for 1 seconds...
Path '/data/oss_bucket_0/qihang/gui_agent/images/ui_tars_zh_simulator/device1/instruction_5/sample_0/step_10.png' does not exist. Sleeping for 1 seconds...
Path '/data/oss_bucket_0/qihang/gui_agent/images/ui_tars_zh_simulator/device1/instruction_5/sample_0/step_10.png' does not exist. Sleeping for 1 seconds...
Path '/data/oss_bucket_0/qihang/gui_agent/images/ui_tars_zh_simulator/device1/instruction_5/sample_0/step_10.png' does not exist. Sleeping for 1 seconds...
Path '/data/oss_bucket_0/qihang/gui_agent/images/ui_tars_zh_simulator/device1/instruction_5/sample_0/step_10.png' does not exist. Sleeping for 1 seconds...
Path '/data/oss_bucket_0/qihang/gui_agent/images/ui_tars_zh_simulator/device1/instruction_5/sample_0/step_10.png' exists! Reading the file...
Path '/data/oss_bucket_0/qihang/gui_agent/images/ui_tars_zh_simulator/device1/instruction_5/sample_0/step_9.png' exists! Reading the file...
Model Thought/Action: {'action': 'error', 'thought': 'JSON decode error.'}
--- Step 11 ---
Path '/data/oss_bucket_0/qihang/gui_agent/images/ui_tars_zh_simulator/device1/instruction_5/sample_0/step_11.png' does not exist. Sleeping for 1 seconds...
Path '/data/oss_bucket_0/qihang/gui_agent/images/ui_tars_zh_simulator/device1/instruction_5/sample_0/step_11.png' does not exist. Sleeping for 1 seconds...
Path '/data/oss_bucket_0/qihang/gui_agent/images/ui_tars_zh_simulator/device1/instruction_5/sample_0/step_11.png' does not exist. Sleeping for 1 seconds...
Path '/data/oss_bucket_0/qihang/gui_agent/images/ui_tars_zh_simulator/device1/instruction_5/sample_0/step_11.png' does not exist. Sleeping for 1 seconds...
Path '/data/oss_bucket_0/qihang/gui_agent/images/ui_tars_zh_simulator/device1/instruction_5/sample_0/step_11.png' does not exist. Sleeping for 1 seconds...
Path '/data/oss_bucket_0/qihang/gui_agent/images/ui_tars_zh_simulator/device1/instruction_5/sample_0/step_11.png' does not exist. Sleeping for 1 seconds...
Path '/data/oss_bucket_0/qihang/gui_agent/images/ui_tars_zh_simulator/device1/instruction_5/sample_0/step_11.png' exists! Reading the file...
Path '/data/oss_bucket_0/qihang/gui_agent/images/ui_tars_zh_simulator/device1/instruction_5/sample_0/step_10.png' exists! Reading the file...
Model Thought/Action: {'action': 'error', 'thought': 'JSON decode error.'}
--- Step 12 ---
Path '/data/oss_bucket_0/qihang/gui_agent/images/ui_tars_zh_simulator/device1/instruction_5/sample_0/step_12.png' does not exist. Sleeping for 1 seconds...
Path '/data/oss_bucket_0/qihang/gui_agent/images/ui_tars_zh_simulator/device1/instruction_5/sample_0/step_12.png' does not exist. Sleeping for 1 seconds...
Path '/data/oss_bucket_0/qihang/gui_agent/images/ui_tars_zh_simulator/device1/instruction_5/sample_0/step_12.png' does not exist. Sleeping for 1 seconds...
Path '/data/oss_bucket_0/qihang/gui_agent/images/ui_tars_zh_simulator/device1/instruction_5/sample_0/step_12.png' does not exist. Sleeping for 1 seconds...
Path '/data/oss_bucket_0/qihang/gui_agent/images/ui_tars_zh_simulator/device1/instruction_5/sample_0/step_12.png' does not exist. Sleeping for 1 seconds...
Path '/data/oss_bucket_0/qihang/gui_agent/images/ui_tars_zh_simulator/device1/instruction_5/sample_0/step_12.png' does not exist. Sleeping for 1 seconds...
Path '/data/oss_bucket_0/qihang/gui_agent/images/ui_tars_zh_simulator/device1/instruction_5/sample_0/step_12.png' exists! Reading the file...
Path '/data/oss_bucket_0/qihang/gui_agent/images/ui_tars_zh_simulator/device1/instruction_5/sample_0/step_11.png' exists! Reading the file...
Model Thought/Action: {'action': 'error', 'thought': 'JSON decode error.'}
--- Step 13 ---
Path '/data/oss_bucket_0/qihang/gui_agent/images/ui_tars_zh_simulator/device1/instruction_5/sample_0/step_13.png' does not exist. Sleeping for 1 seconds...
Path '/data/oss_bucket_0/qihang/gui_agent/images/ui_tars_zh_simulator/device1/instruction_5/sample_0/step_13.png' does not exist. Sleeping for 1 seconds...
Path '/data/oss_bucket_0/qihang/gui_agent/images/ui_tars_zh_simulator/device1/instruction_5/sample_0/step_13.png' does not exist. Sleeping for 1 seconds...
Path '/data/oss_bucket_0/qihang/gui_agent/images/ui_tars_zh_simulator/device1/instruction_5/sample_0/step_13.png' does not exist. Sleeping for 1 seconds...
Path '/data/oss_bucket_0/qihang/gui_agent/images/ui_tars_zh_simulator/device1/instruction_5/sample_0/step_13.png' does not exist. Sleeping for 1 seconds...
Path '/data/oss_bucket_0/qihang/gui_agent/images/ui_tars_zh_simulator/device1/instruction_5/sample_0/step_13.png' does not exist. Sleeping for 1 seconds...
Path '/data/oss_bucket_0/qihang/gui_agent/images/ui_tars_zh_simulator/device1/instruction_5/sample_0/step_13.png' exists! Reading the file...
Path '/data/oss_bucket_0/qihang/gui_agent/images/ui_tars_zh_simulator/device1/instruction_5/sample_0/step_12.png' exists! Reading the file...
Model Thought/Action: {'action': 'error', 'thought': 'JSON decode error.'}
--- Step 14 ---
Path '/data/oss_bucket_0/qihang/gui_agent/images/ui_tars_zh_simulator/device1/instruction_5/sample_0/step_14.png' does not exist. Sleeping for 1 seconds...
Path '/data/oss_bucket_0/qihang/gui_agent/images/ui_tars_zh_simulator/device1/instruction_5/sample_0/step_14.png' does not exist. Sleeping for 1 seconds...
Path '/data/oss_bucket_0/qihang/gui_agent/images/ui_tars_zh_simulator/device1/instruction_5/sample_0/step_14.png' does not exist. Sleeping for 1 seconds...
Path '/data/oss_bucket_0/qihang/gui_agent/images/ui_tars_zh_simulator/device1/instruction_5/sample_0/step_14.png' does not exist. Sleeping for 1 seconds...
Path '/data/oss_bucket_0/qihang/gui_agent/images/ui_tars_zh_simulator/device1/instruction_5/sample_0/step_14.png' does not exist. Sleeping for 1 seconds...
Path '/data/oss_bucket_0/qihang/gui_agent/images/ui_tars_zh_simulator/device1/instruction_5/sample_0/step_14.png' does not exist. Sleeping for 1 seconds...
Path '/data/oss_bucket_0/qihang/gui_agent/images/ui_tars_zh_simulator/device1/instruction_5/sample_0/step_14.png' exists! Reading the file...
Path '/data/oss_bucket_0/qihang/gui_agent/images/ui_tars_zh_simulator/device1/instruction_5/sample_0/step_13.png' exists! Reading the file...
Model Thought/Action: {'action': 'error', 'thought': 'JSON decode error.'}
--- Judging with GPT-4o ---
GPT-4o Evaluation Response: {'reason': 'The agent repeatedly attempted to click on the same location without any progress or change in the GUI. This indicates a failure to recognize the correct application icon or a malfunction in the clicking process. The task was not completed as the agent did not manage to open the Vipshop app, let alone search for the product or share it. There was no user interaction involved in this process.', 'reward': 0, 'status': 'failure', 'inquiry': 'failure'}
Evaluating Instructions:  12%|█▏        | 5/41 [14:54<1:42:02, 170.08s/it]
===== Evaluating Instruction 6/41 =====
Instruction: 使用wps编写一个包含'Hello, this is gui agent!'的文档并且保存文件。
--- Step 0 ---
Path '/data/oss_bucket_0/qihang/gui_agent/images/ui_tars_zh_simulator/device1/instruction_6/sample_0/step_0.png' exists! Reading the file...
Model Thought/Action: {'type': 'open', 'file': 'WPS Office'}
--- Step 1 ---
Path '/data/oss_bucket_0/qihang/gui_agent/images/ui_tars_zh_simulator/device1/instruction_6/sample_0/step_1.png' does not exist. Sleeping for 1 seconds...
Path '/data/oss_bucket_0/qihang/gui_agent/images/ui_tars_zh_simulator/device1/instruction_6/sample_0/step_1.png' does not exist. Sleeping for 1 seconds...
Path '/data/oss_bucket_0/qihang/gui_agent/images/ui_tars_zh_simulator/device1/instruction_6/sample_0/step_1.png' does not exist. Sleeping for 1 seconds...
Path '/data/oss_bucket_0/qihang/gui_agent/images/ui_tars_zh_simulator/device1/instruction_6/sample_0/step_1.png' does not exist. Sleeping for 1 seconds...
Path '/data/oss_bucket_0/qihang/gui_agent/images/ui_tars_zh_simulator/device1/instruction_6/sample_0/step_1.png' does not exist. Sleeping for 1 seconds...
Path '/data/oss_bucket_0/qihang/gui_agent/images/ui_tars_zh_simulator/device1/instruction_6/sample_0/step_1.png' does not exist. Sleeping for 1 seconds...
Path '/data/oss_bucket_0/qihang/gui_agent/images/ui_tars_zh_simulator/device1/instruction_6/sample_0/step_1.png' does not exist. Sleeping for 1 seconds...
Path '/data/oss_bucket_0/qihang/gui_agent/images/ui_tars_zh_simulator/device1/instruction_6/sample_0/step_1.png' does not exist. Sleeping for 1 seconds...
Path '/data/oss_bucket_0/qihang/gui_agent/images/ui_tars_zh_simulator/device1/instruction_6/sample_0/step_1.png' does not exist. Sleeping for 1 seconds...
Path '/data/oss_bucket_0/qihang/gui_agent/images/ui_tars_zh_simulator/device1/instruction_6/sample_0/step_1.png' does not exist. Sleeping for 1 seconds...
Path '/data/oss_bucket_0/qihang/gui_agent/images/ui_tars_zh_simulator/device1/instruction_6/sample_0/step_1.png' does not exist. Sleeping for 1 seconds...
Path '/data/oss_bucket_0/qihang/gui_agent/images/ui_tars_zh_simulator/device1/instruction_6/sample_0/step_1.png' does not exist. Sleeping for 1 seconds...
Path '/data/oss_bucket_0/qihang/gui_agent/images/ui_tars_zh_simulator/device1/instruction_6/sample_0/step_1.png' does not exist. Sleeping for 1 seconds...
Path '/data/oss_bucket_0/qihang/gui_agent/images/ui_tars_zh_simulator/device1/instruction_6/sample_0/step_1.png' does not exist. Sleeping for 1 seconds...
Path '/data/oss_bucket_0/qihang/gui_agent/images/ui_tars_zh_simulator/device1/instruction_6/sample_0/step_1.png' does not exist. Sleeping for 1 seconds...
Path '/data/oss_bucket_0/qihang/gui_agent/images/ui_tars_zh_simulator/device1/instruction_6/sample_0/step_1.png' does not exist. Sleeping for 1 seconds...
Path '/data/oss_bucket_0/qihang/gui_agent/images/ui_tars_zh_simulator/device1/instruction_6/sample_0/step_1.png' does not exist. Sleeping for 1 seconds...
Path '/data/oss_bucket_0/qihang/gui_agent/images/ui_tars_zh_simulator/device1/instruction_6/sample_0/step_1.png' does not exist. Sleeping for 1 seconds...
Path '/data/oss_bucket_0/qihang/gui_agent/images/ui_tars_zh_simulator/device1/instruction_6/sample_0/step_1.png' exists! Reading the file...
Path '/data/oss_bucket_0/qihang/gui_agent/images/ui_tars_zh_simulator/device1/instruction_6/sample_0/step_0.png' exists! Reading the file...
Model Thought/Action: {'type': 'open', 'file': 'WPS Office'}
--- Step 2 ---
Path '/data/oss_bucket_0/qihang/gui_agent/images/ui_tars_zh_simulator/device1/instruction_6/sample_0/step_2.png' does not exist. Sleeping for 1 seconds...
Path '/data/oss_bucket_0/qihang/gui_agent/images/ui_tars_zh_simulator/device1/instruction_6/sample_0/step_2.png' does not exist. Sleeping for 1 seconds...
Path '/data/oss_bucket_0/qihang/gui_agent/images/ui_tars_zh_simulator/device1/instruction_6/sample_0/step_2.png' does not exist. Sleeping for 1 seconds...
Path '/data/oss_bucket_0/qihang/gui_agent/images/ui_tars_zh_simulator/device1/instruction_6/sample_0/step_2.png' does not exist. Sleeping for 1 seconds...
Path '/data/oss_bucket_0/qihang/gui_agent/images/ui_tars_zh_simulator/device1/instruction_6/sample_0/step_2.png' does not exist. Sleeping for 1 seconds...
Path '/data/oss_bucket_0/qihang/gui_agent/images/ui_tars_zh_simulator/device1/instruction_6/sample_0/step_2.png' does not exist. Sleeping for 1 seconds...
Path '/data/oss_bucket_0/qihang/gui_agent/images/ui_tars_zh_simulator/device1/instruction_6/sample_0/step_2.png' exists! Reading the file...
Path '/data/oss_bucket_0/qihang/gui_agent/images/ui_tars_zh_simulator/device1/instruction_6/sample_0/step_1.png' exists! Reading the file...
Model Thought/Action: {'type': 'open', 'file': 'WPS Office'}
--- Step 3 ---
Path '/data/oss_bucket_0/qihang/gui_agent/images/ui_tars_zh_simulator/device1/instruction_6/sample_0/step_3.png' does not exist. Sleeping for 1 seconds...
Path '/data/oss_bucket_0/qihang/gui_agent/images/ui_tars_zh_simulator/device1/instruction_6/sample_0/step_3.png' does not exist. Sleeping for 1 seconds...
Path '/data/oss_bucket_0/qihang/gui_agent/images/ui_tars_zh_simulator/device1/instruction_6/sample_0/step_3.png' does not exist. Sleeping for 1 seconds...
Path '/data/oss_bucket_0/qihang/gui_agent/images/ui_tars_zh_simulator/device1/instruction_6/sample_0/step_3.png' does not exist. Sleeping for 1 seconds...
Path '/data/oss_bucket_0/qihang/gui_agent/images/ui_tars_zh_simulator/device1/instruction_6/sample_0/step_3.png' does not exist. Sleeping for 1 seconds...
Path '/data/oss_bucket_0/qihang/gui_agent/images/ui_tars_zh_simulator/device1/instruction_6/sample_0/step_3.png' does not exist. Sleeping for 1 seconds...
Path '/data/oss_bucket_0/qihang/gui_agent/images/ui_tars_zh_simulator/device1/instruction_6/sample_0/step_3.png' exists! Reading the file...
Path '/data/oss_bucket_0/qihang/gui_agent/images/ui_tars_zh_simulator/device1/instruction_6/sample_0/step_2.png' exists! Reading the file...
Model Thought/Action: {'type': 'open', 'file': 'WPS Office'}
--- Step 4 ---
Path '/data/oss_bucket_0/qihang/gui_agent/images/ui_tars_zh_simulator/device1/instruction_6/sample_0/step_4.png' does not exist. Sleeping for 1 seconds...
Path '/data/oss_bucket_0/qihang/gui_agent/images/ui_tars_zh_simulator/device1/instruction_6/sample_0/step_4.png' does not exist. Sleeping for 1 seconds...
Path '/data/oss_bucket_0/qihang/gui_agent/images/ui_tars_zh_simulator/device1/instruction_6/sample_0/step_4.png' does not exist. Sleeping for 1 seconds...
Path '/data/oss_bucket_0/qihang/gui_agent/images/ui_tars_zh_simulator/device1/instruction_6/sample_0/step_4.png' does not exist. Sleeping for 1 seconds...
Path '/data/oss_bucket_0/qihang/gui_agent/images/ui_tars_zh_simulator/device1/instruction_6/sample_0/step_4.png' does not exist. Sleeping for 1 seconds...
Path '/data/oss_bucket_0/qihang/gui_agent/images/ui_tars_zh_simulator/device1/instruction_6/sample_0/step_4.png' does not exist. Sleeping for 1 seconds...
Path '/data/oss_bucket_0/qihang/gui_agent/images/ui_tars_zh_simulator/device1/instruction_6/sample_0/step_4.png' exists! Reading the file...
Path '/data/oss_bucket_0/qihang/gui_agent/images/ui_tars_zh_simulator/device1/instruction_6/sample_0/step_3.png' exists! Reading the file...
Model Thought/Action: {'type': 'open', 'file': 'WPS Office'}
--- Step 5 ---
Path '/data/oss_bucket_0/qihang/gui_agent/images/ui_tars_zh_simulator/device1/instruction_6/sample_0/step_5.png' does not exist. Sleeping for 1 seconds...
Path '/data/oss_bucket_0/qihang/gui_agent/images/ui_tars_zh_simulator/device1/instruction_6/sample_0/step_5.png' does not exist. Sleeping for 1 seconds...
Path '/data/oss_bucket_0/qihang/gui_agent/images/ui_tars_zh_simulator/device1/instruction_6/sample_0/step_5.png' does not exist. Sleeping for 1 seconds...
Path '/data/oss_bucket_0/qihang/gui_agent/images/ui_tars_zh_simulator/device1/instruction_6/sample_0/step_5.png' does not exist. Sleeping for 1 seconds...
Path '/data/oss_bucket_0/qihang/gui_agent/images/ui_tars_zh_simulator/device1/instruction_6/sample_0/step_5.png' does not exist. Sleeping for 1 seconds...
Path '/data/oss_bucket_0/qihang/gui_agent/images/ui_tars_zh_simulator/device1/instruction_6/sample_0/step_5.png' does not exist. Sleeping for 1 seconds...
Path '/data/oss_bucket_0/qihang/gui_agent/images/ui_tars_zh_simulator/device1/instruction_6/sample_0/step_5.png' exists! Reading the file...
Path '/data/oss_bucket_0/qihang/gui_agent/images/ui_tars_zh_simulator/device1/instruction_6/sample_0/step_4.png' exists! Reading the file...
Model Thought/Action: {'type': 'open', 'file': 'WPS Office'}
--- Step 6 ---
Path '/data/oss_bucket_0/qihang/gui_agent/images/ui_tars_zh_simulator/device1/instruction_6/sample_0/step_6.png' does not exist. Sleeping for 1 seconds...
Path '/data/oss_bucket_0/qihang/gui_agent/images/ui_tars_zh_simulator/device1/instruction_6/sample_0/step_6.png' does not exist. Sleeping for 1 seconds...
Path '/data/oss_bucket_0/qihang/gui_agent/images/ui_tars_zh_simulator/device1/instruction_6/sample_0/step_6.png' does not exist. Sleeping for 1 seconds...
Path '/data/oss_bucket_0/qihang/gui_agent/images/ui_tars_zh_simulator/device1/instruction_6/sample_0/step_6.png' does not exist. Sleeping for 1 seconds...
Path '/data/oss_bucket_0/qihang/gui_agent/images/ui_tars_zh_simulator/device1/instruction_6/sample_0/step_6.png' does not exist. Sleeping for 1 seconds...
Path '/data/oss_bucket_0/qihang/gui_agent/images/ui_tars_zh_simulator/device1/instruction_6/sample_0/step_6.png' does not exist. Sleeping for 1 seconds...
Path '/data/oss_bucket_0/qihang/gui_agent/images/ui_tars_zh_simulator/device1/instruction_6/sample_0/step_6.png' exists! Reading the file...
Path '/data/oss_bucket_0/qihang/gui_agent/images/ui_tars_zh_simulator/device1/instruction_6/sample_0/step_5.png' exists! Reading the file...
Model Thought/Action: {'type': 'open', 'file': 'WPS Office'}
--- Step 7 ---
Path '/data/oss_bucket_0/qihang/gui_agent/images/ui_tars_zh_simulator/device1/instruction_6/sample_0/step_7.png' does not exist. Sleeping for 1 seconds...
Path '/data/oss_bucket_0/qihang/gui_agent/images/ui_tars_zh_simulator/device1/instruction_6/sample_0/step_7.png' does not exist. Sleeping for 1 seconds...
Path '/data/oss_bucket_0/qihang/gui_agent/images/ui_tars_zh_simulator/device1/instruction_6/sample_0/step_7.png' does not exist. Sleeping for 1 seconds...
Path '/data/oss_bucket_0/qihang/gui_agent/images/ui_tars_zh_simulator/device1/instruction_6/sample_0/step_7.png' does not exist. Sleeping for 1 seconds...
Path '/data/oss_bucket_0/qihang/gui_agent/images/ui_tars_zh_simulator/device1/instruction_6/sample_0/step_7.png' does not exist. Sleeping for 1 seconds...
Path '/data/oss_bucket_0/qihang/gui_agent/images/ui_tars_zh_simulator/device1/instruction_6/sample_0/step_7.png' does not exist. Sleeping for 1 seconds...
Path '/data/oss_bucket_0/qihang/gui_agent/images/ui_tars_zh_simulator/device1/instruction_6/sample_0/step_7.png' exists! Reading the file...
Path '/data/oss_bucket_0/qihang/gui_agent/images/ui_tars_zh_simulator/device1/instruction_6/sample_0/step_6.png' exists! Reading the file...
Model Thought/Action: {'type': 'open', 'file': 'WPS Office'}
--- Step 8 ---
Path '/data/oss_bucket_0/qihang/gui_agent/images/ui_tars_zh_simulator/device1/instruction_6/sample_0/step_8.png' does not exist. Sleeping for 1 seconds...
Path '/data/oss_bucket_0/qihang/gui_agent/images/ui_tars_zh_simulator/device1/instruction_6/sample_0/step_8.png' does not exist. Sleeping for 1 seconds...
Path '/data/oss_bucket_0/qihang/gui_agent/images/ui_tars_zh_simulator/device1/instruction_6/sample_0/step_8.png' does not exist. Sleeping for 1 seconds...
Path '/data/oss_bucket_0/qihang/gui_agent/images/ui_tars_zh_simulator/device1/instruction_6/sample_0/step_8.png' does not exist. Sleeping for 1 seconds...
Path '/data/oss_bucket_0/qihang/gui_agent/images/ui_tars_zh_simulator/device1/instruction_6/sample_0/step_8.png' does not exist. Sleeping for 1 seconds...
Path '/data/oss_bucket_0/qihang/gui_agent/images/ui_tars_zh_simulator/device1/instruction_6/sample_0/step_8.png' does not exist. Sleeping for 1 seconds...
Path '/data/oss_bucket_0/qihang/gui_agent/images/ui_tars_zh_simulator/device1/instruction_6/sample_0/step_8.png' exists! Reading the file...
Path '/data/oss_bucket_0/qihang/gui_agent/images/ui_tars_zh_simulator/device1/instruction_6/sample_0/step_7.png' exists! Reading the file...
Model Thought/Action: {'type': 'open', 'file': 'WPS Office'}
--- Step 9 ---
Path '/data/oss_bucket_0/qihang/gui_agent/images/ui_tars_zh_simulator/device1/instruction_6/sample_0/step_9.png' does not exist. Sleeping for 1 seconds...
Path '/data/oss_bucket_0/qihang/gui_agent/images/ui_tars_zh_simulator/device1/instruction_6/sample_0/step_9.png' does not exist. Sleeping for 1 seconds...
Path '/data/oss_bucket_0/qihang/gui_agent/images/ui_tars_zh_simulator/device1/instruction_6/sample_0/step_9.png' does not exist. Sleeping for 1 seconds...
Path '/data/oss_bucket_0/qihang/gui_agent/images/ui_tars_zh_simulator/device1/instruction_6/sample_0/step_9.png' does not exist. Sleeping for 1 seconds...
Path '/data/oss_bucket_0/qihang/gui_agent/images/ui_tars_zh_simulator/device1/instruction_6/sample_0/step_9.png' does not exist. Sleeping for 1 seconds...
Path '/data/oss_bucket_0/qihang/gui_agent/images/ui_tars_zh_simulator/device1/instruction_6/sample_0/step_9.png' does not exist. Sleeping for 1 seconds...
Path '/data/oss_bucket_0/qihang/gui_agent/images/ui_tars_zh_simulator/device1/instruction_6/sample_0/step_9.png' exists! Reading the file...
Path '/data/oss_bucket_0/qihang/gui_agent/images/ui_tars_zh_simulator/device1/instruction_6/sample_0/step_8.png' exists! Reading the file...
Model Thought/Action: {'type': 'open', 'file': 'WPS Office'}
--- Step 10 ---
Path '/data/oss_bucket_0/qihang/gui_agent/images/ui_tars_zh_simulator/device1/instruction_6/sample_0/step_10.png' does not exist. Sleeping for 1 seconds...
Path '/data/oss_bucket_0/qihang/gui_agent/images/ui_tars_zh_simulator/device1/instruction_6/sample_0/step_10.png' does not exist. Sleeping for 1 seconds...
Path '/data/oss_bucket_0/qihang/gui_agent/images/ui_tars_zh_simulator/device1/instruction_6/sample_0/step_10.png' does not exist. Sleeping for 1 seconds...
Path '/data/oss_bucket_0/qihang/gui_agent/images/ui_tars_zh_simulator/device1/instruction_6/sample_0/step_10.png' does not exist. Sleeping for 1 seconds...
Path '/data/oss_bucket_0/qihang/gui_agent/images/ui_tars_zh_simulator/device1/instruction_6/sample_0/step_10.png' does not exist. Sleeping for 1 seconds...
Path '/data/oss_bucket_0/qihang/gui_agent/images/ui_tars_zh_simulator/device1/instruction_6/sample_0/step_10.png' does not exist. Sleeping for 1 seconds...
Path '/data/oss_bucket_0/qihang/gui_agent/images/ui_tars_zh_simulator/device1/instruction_6/sample_0/step_10.png' exists! Reading the file...
Path '/data/oss_bucket_0/qihang/gui_agent/images/ui_tars_zh_simulator/device1/instruction_6/sample_0/step_9.png' exists! Reading the file...
Model Thought/Action: {'type': 'open', 'file': 'WPS Office'}
--- Step 11 ---
Path '/data/oss_bucket_0/qihang/gui_agent/images/ui_tars_zh_simulator/device1/instruction_6/sample_0/step_11.png' does not exist. Sleeping for 1 seconds...
Path '/data/oss_bucket_0/qihang/gui_agent/images/ui_tars_zh_simulator/device1/instruction_6/sample_0/step_11.png' does not exist. Sleeping for 1 seconds...
Path '/data/oss_bucket_0/qihang/gui_agent/images/ui_tars_zh_simulator/device1/instruction_6/sample_0/step_11.png' does not exist. Sleeping for 1 seconds...
Path '/data/oss_bucket_0/qihang/gui_agent/images/ui_tars_zh_simulator/device1/instruction_6/sample_0/step_11.png' does not exist. Sleeping for 1 seconds...
Path '/data/oss_bucket_0/qihang/gui_agent/images/ui_tars_zh_simulator/device1/instruction_6/sample_0/step_11.png' does not exist. Sleeping for 1 seconds...
Path '/data/oss_bucket_0/qihang/gui_agent/images/ui_tars_zh_simulator/device1/instruction_6/sample_0/step_11.png' does not exist. Sleeping for 1 seconds...
Path '/data/oss_bucket_0/qihang/gui_agent/images/ui_tars_zh_simulator/device1/instruction_6/sample_0/step_11.png' exists! Reading the file...
Path '/data/oss_bucket_0/qihang/gui_agent/images/ui_tars_zh_simulator/device1/instruction_6/sample_0/step_10.png' exists! Reading the file...
Model Thought/Action: {'type': 'open', 'file': 'WPS Office'}
--- Step 12 ---
Path '/data/oss_bucket_0/qihang/gui_agent/images/ui_tars_zh_simulator/device1/instruction_6/sample_0/step_12.png' does not exist. Sleeping for 1 seconds...
Path '/data/oss_bucket_0/qihang/gui_agent/images/ui_tars_zh_simulator/device1/instruction_6/sample_0/step_12.png' does not exist. Sleeping for 1 seconds...
Path '/data/oss_bucket_0/qihang/gui_agent/images/ui_tars_zh_simulator/device1/instruction_6/sample_0/step_12.png' does not exist. Sleeping for 1 seconds...
Path '/data/oss_bucket_0/qihang/gui_agent/images/ui_tars_zh_simulator/device1/instruction_6/sample_0/step_12.png' does not exist. Sleeping for 1 seconds...
Path '/data/oss_bucket_0/qihang/gui_agent/images/ui_tars_zh_simulator/device1/instruction_6/sample_0/step_12.png' does not exist. Sleeping for 1 seconds...
Path '/data/oss_bucket_0/qihang/gui_agent/images/ui_tars_zh_simulator/device1/instruction_6/sample_0/step_12.png' does not exist. Sleeping for 1 seconds...
Path '/data/oss_bucket_0/qihang/gui_agent/images/ui_tars_zh_simulator/device1/instruction_6/sample_0/step_12.png' exists! Reading the file...
Path '/data/oss_bucket_0/qihang/gui_agent/images/ui_tars_zh_simulator/device1/instruction_6/sample_0/step_11.png' exists! Reading the file...
Model Thought/Action: {'type': 'open', 'file': 'WPS Office'}
--- Step 13 ---
Path '/data/oss_bucket_0/qihang/gui_agent/images/ui_tars_zh_simulator/device1/instruction_6/sample_0/step_13.png' does not exist. Sleeping for 1 seconds...
Path '/data/oss_bucket_0/qihang/gui_agent/images/ui_tars_zh_simulator/device1/instruction_6/sample_0/step_13.png' does not exist. Sleeping for 1 seconds...
Path '/data/oss_bucket_0/qihang/gui_agent/images/ui_tars_zh_simulator/device1/instruction_6/sample_0/step_13.png' does not exist. Sleeping for 1 seconds...
Path '/data/oss_bucket_0/qihang/gui_agent/images/ui_tars_zh_simulator/device1/instruction_6/sample_0/step_13.png' does not exist. Sleeping for 1 seconds...
Path '/data/oss_bucket_0/qihang/gui_agent/images/ui_tars_zh_simulator/device1/instruction_6/sample_0/step_13.png' does not exist. Sleeping for 1 seconds...
Path '/data/oss_bucket_0/qihang/gui_agent/images/ui_tars_zh_simulator/device1/instruction_6/sample_0/step_13.png' does not exist. Sleeping for 1 seconds...
Path '/data/oss_bucket_0/qihang/gui_agent/images/ui_tars_zh_simulator/device1/instruction_6/sample_0/step_13.png' exists! Reading the file...
Path '/data/oss_bucket_0/qihang/gui_agent/images/ui_tars_zh_simulator/device1/instruction_6/sample_0/step_12.png' exists! Reading the file...
Model Thought/Action: {'type': 'open', 'file': 'WPS Office'}
--- Step 14 ---
Path '/data/oss_bucket_0/qihang/gui_agent/images/ui_tars_zh_simulator/device1/instruction_6/sample_0/step_14.png' does not exist. Sleeping for 1 seconds...
Path '/data/oss_bucket_0/qihang/gui_agent/images/ui_tars_zh_simulator/device1/instruction_6/sample_0/step_14.png' does not exist. Sleeping for 1 seconds...
Path '/data/oss_bucket_0/qihang/gui_agent/images/ui_tars_zh_simulator/device1/instruction_6/sample_0/step_14.png' does not exist. Sleeping for 1 seconds...
Path '/data/oss_bucket_0/qihang/gui_agent/images/ui_tars_zh_simulator/device1/instruction_6/sample_0/step_14.png' does not exist. Sleeping for 1 seconds...
Path '/data/oss_bucket_0/qihang/gui_agent/images/ui_tars_zh_simulator/device1/instruction_6/sample_0/step_14.png' does not exist. Sleeping for 1 seconds...
Path '/data/oss_bucket_0/qihang/gui_agent/images/ui_tars_zh_simulator/device1/instruction_6/sample_0/step_14.png' does not exist. Sleeping for 1 seconds...
Path '/data/oss_bucket_0/qihang/gui_agent/images/ui_tars_zh_simulator/device1/instruction_6/sample_0/step_14.png' exists! Reading the file...
Path '/data/oss_bucket_0/qihang/gui_agent/images/ui_tars_zh_simulator/device1/instruction_6/sample_0/step_13.png' exists! Reading the file...
Model Thought/Action: {'type': 'open', 'file': 'WPS Office'}
--- Judging with GPT-4o ---
GPT-4o Evaluation Response: {'reason': 'The agent repeatedly attempted to open WPS Office but failed to make any progress. The same action was repeated multiple times without any change in the outcome, indicating a lack of effective strategy or adaptation to the situation. The task was not completed, and there was no attempt to seek user interaction or troubleshoot the issue.', 'reward': 0, 'status': 'failure', 'inquiry': 'failure'}
Evaluating Instructions:  15%|█▍        | 6/41 [17:50<1:40:16, 171.90s/it]
===== Evaluating Instruction 7/41 =====
Instruction: 使用wps创建一个包含'欢迎使用自动化工具'的表格，并将文件保存为xlsx格式。
--- Step 0 ---
Path '/data/oss_bucket_0/qihang/gui_agent/images/ui_tars_zh_simulator/device1/instruction_7/sample_0/step_0.png' exists! Reading the file...
Model Thought/Action: {'type': 'open_app', 'url': 'com.wps.wps'}
--- Step 1 ---
Path '/data/oss_bucket_0/qihang/gui_agent/images/ui_tars_zh_simulator/device1/instruction_7/sample_0/step_1.png' does not exist. Sleeping for 1 seconds...
Path '/data/oss_bucket_0/qihang/gui_agent/images/ui_tars_zh_simulator/device1/instruction_7/sample_0/step_1.png' does not exist. Sleeping for 1 seconds...
Path '/data/oss_bucket_0/qihang/gui_agent/images/ui_tars_zh_simulator/device1/instruction_7/sample_0/step_1.png' does not exist. Sleeping for 1 seconds...
Path '/data/oss_bucket_0/qihang/gui_agent/images/ui_tars_zh_simulator/device1/instruction_7/sample_0/step_1.png' does not exist. Sleeping for 1 seconds...
Path '/data/oss_bucket_0/qihang/gui_agent/images/ui_tars_zh_simulator/device1/instruction_7/sample_0/step_1.png' does not exist. Sleeping for 1 seconds...
Path '/data/oss_bucket_0/qihang/gui_agent/images/ui_tars_zh_simulator/device1/instruction_7/sample_0/step_1.png' does not exist. Sleeping for 1 seconds...
Path '/data/oss_bucket_0/qihang/gui_agent/images/ui_tars_zh_simulator/device1/instruction_7/sample_0/step_1.png' does not exist. Sleeping for 1 seconds...
Path '/data/oss_bucket_0/qihang/gui_agent/images/ui_tars_zh_simulator/device1/instruction_7/sample_0/step_1.png' does not exist. Sleeping for 1 seconds...
Path '/data/oss_bucket_0/qihang/gui_agent/images/ui_tars_zh_simulator/device1/instruction_7/sample_0/step_1.png' does not exist. Sleeping for 1 seconds...
Path '/data/oss_bucket_0/qihang/gui_agent/images/ui_tars_zh_simulator/device1/instruction_7/sample_0/step_1.png' does not exist. Sleeping for 1 seconds...
Path '/data/oss_bucket_0/qihang/gui_agent/images/ui_tars_zh_simulator/device1/instruction_7/sample_0/step_1.png' does not exist. Sleeping for 1 seconds...
Path '/data/oss_bucket_0/qihang/gui_agent/images/ui_tars_zh_simulator/device1/instruction_7/sample_0/step_1.png' does not exist. Sleeping for 1 seconds...
Path '/data/oss_bucket_0/qihang/gui_agent/images/ui_tars_zh_simulator/device1/instruction_7/sample_0/step_1.png' exists! Reading the file...
Path '/data/oss_bucket_0/qihang/gui_agent/images/ui_tars_zh_simulator/device1/instruction_7/sample_0/step_0.png' exists! Reading the file...
Model Thought/Action: {'type': 'open_app', 'url': 'com.wps.wps'}
--- Step 2 ---
Path '/data/oss_bucket_0/qihang/gui_agent/images/ui_tars_zh_simulator/device1/instruction_7/sample_0/step_2.png' does not exist. Sleeping for 1 seconds...
Path '/data/oss_bucket_0/qihang/gui_agent/images/ui_tars_zh_simulator/device1/instruction_7/sample_0/step_2.png' does not exist. Sleeping for 1 seconds...
Path '/data/oss_bucket_0/qihang/gui_agent/images/ui_tars_zh_simulator/device1/instruction_7/sample_0/step_2.png' does not exist. Sleeping for 1 seconds...
Path '/data/oss_bucket_0/qihang/gui_agent/images/ui_tars_zh_simulator/device1/instruction_7/sample_0/step_2.png' does not exist. Sleeping for 1 seconds...
Path '/data/oss_bucket_0/qihang/gui_agent/images/ui_tars_zh_simulator/device1/instruction_7/sample_0/step_2.png' does not exist. Sleeping for 1 seconds...
Path '/data/oss_bucket_0/qihang/gui_agent/images/ui_tars_zh_simulator/device1/instruction_7/sample_0/step_2.png' does not exist. Sleeping for 1 seconds...
Path '/data/oss_bucket_0/qihang/gui_agent/images/ui_tars_zh_simulator/device1/instruction_7/sample_0/step_2.png' exists! Reading the file...
Path '/data/oss_bucket_0/qihang/gui_agent/images/ui_tars_zh_simulator/device1/instruction_7/sample_0/step_1.png' exists! Reading the file...
Model Thought/Action: {'type': 'open_app', 'url': 'com.wps.wps'}
--- Step 3 ---
Path '/data/oss_bucket_0/qihang/gui_agent/images/ui_tars_zh_simulator/device1/instruction_7/sample_0/step_3.png' does not exist. Sleeping for 1 seconds...
Path '/data/oss_bucket_0/qihang/gui_agent/images/ui_tars_zh_simulator/device1/instruction_7/sample_0/step_3.png' does not exist. Sleeping for 1 seconds...
Path '/data/oss_bucket_0/qihang/gui_agent/images/ui_tars_zh_simulator/device1/instruction_7/sample_0/step_3.png' does not exist. Sleeping for 1 seconds...
Path '/data/oss_bucket_0/qihang/gui_agent/images/ui_tars_zh_simulator/device1/instruction_7/sample_0/step_3.png' does not exist. Sleeping for 1 seconds...
Path '/data/oss_bucket_0/qihang/gui_agent/images/ui_tars_zh_simulator/device1/instruction_7/sample_0/step_3.png' does not exist. Sleeping for 1 seconds...
Path '/data/oss_bucket_0/qihang/gui_agent/images/ui_tars_zh_simulator/device1/instruction_7/sample_0/step_3.png' does not exist. Sleeping for 1 seconds...
Path '/data/oss_bucket_0/qihang/gui_agent/images/ui_tars_zh_simulator/device1/instruction_7/sample_0/step_3.png' exists! Reading the file...
Path '/data/oss_bucket_0/qihang/gui_agent/images/ui_tars_zh_simulator/device1/instruction_7/sample_0/step_2.png' exists! Reading the file...
Model Thought/Action: {'type': 'open_app', 'url': 'com.wps.wps'}
--- Step 4 ---
Path '/data/oss_bucket_0/qihang/gui_agent/images/ui_tars_zh_simulator/device1/instruction_7/sample_0/step_4.png' does not exist. Sleeping for 1 seconds...
Path '/data/oss_bucket_0/qihang/gui_agent/images/ui_tars_zh_simulator/device1/instruction_7/sample_0/step_4.png' does not exist. Sleeping for 1 seconds...
Path '/data/oss_bucket_0/qihang/gui_agent/images/ui_tars_zh_simulator/device1/instruction_7/sample_0/step_4.png' does not exist. Sleeping for 1 seconds...
Path '/data/oss_bucket_0/qihang/gui_agent/images/ui_tars_zh_simulator/device1/instruction_7/sample_0/step_4.png' does not exist. Sleeping for 1 seconds...
Path '/data/oss_bucket_0/qihang/gui_agent/images/ui_tars_zh_simulator/device1/instruction_7/sample_0/step_4.png' does not exist. Sleeping for 1 seconds...
Path '/data/oss_bucket_0/qihang/gui_agent/images/ui_tars_zh_simulator/device1/instruction_7/sample_0/step_4.png' does not exist. Sleeping for 1 seconds...
Path '/data/oss_bucket_0/qihang/gui_agent/images/ui_tars_zh_simulator/device1/instruction_7/sample_0/step_4.png' exists! Reading the file...
Path '/data/oss_bucket_0/qihang/gui_agent/images/ui_tars_zh_simulator/device1/instruction_7/sample_0/step_3.png' exists! Reading the file...
Model Thought/Action: {'type': 'open_app', 'url': 'com.wps.wps'}
--- Step 5 ---
Path '/data/oss_bucket_0/qihang/gui_agent/images/ui_tars_zh_simulator/device1/instruction_7/sample_0/step_5.png' does not exist. Sleeping for 1 seconds...
Path '/data/oss_bucket_0/qihang/gui_agent/images/ui_tars_zh_simulator/device1/instruction_7/sample_0/step_5.png' does not exist. Sleeping for 1 seconds...
Path '/data/oss_bucket_0/qihang/gui_agent/images/ui_tars_zh_simulator/device1/instruction_7/sample_0/step_5.png' does not exist. Sleeping for 1 seconds...
Path '/data/oss_bucket_0/qihang/gui_agent/images/ui_tars_zh_simulator/device1/instruction_7/sample_0/step_5.png' does not exist. Sleeping for 1 seconds...
Path '/data/oss_bucket_0/qihang/gui_agent/images/ui_tars_zh_simulator/device1/instruction_7/sample_0/step_5.png' does not exist. Sleeping for 1 seconds...
Path '/data/oss_bucket_0/qihang/gui_agent/images/ui_tars_zh_simulator/device1/instruction_7/sample_0/step_5.png' does not exist. Sleeping for 1 seconds...
Path '/data/oss_bucket_0/qihang/gui_agent/images/ui_tars_zh_simulator/device1/instruction_7/sample_0/step_5.png' exists! Reading the file...
Path '/data/oss_bucket_0/qihang/gui_agent/images/ui_tars_zh_simulator/device1/instruction_7/sample_0/step_4.png' exists! Reading the file...
Model Thought/Action: {'type': 'open_app', 'url': 'com.wps.wps'}
--- Step 6 ---
Path '/data/oss_bucket_0/qihang/gui_agent/images/ui_tars_zh_simulator/device1/instruction_7/sample_0/step_6.png' does not exist. Sleeping for 1 seconds...
Path '/data/oss_bucket_0/qihang/gui_agent/images/ui_tars_zh_simulator/device1/instruction_7/sample_0/step_6.png' does not exist. Sleeping for 1 seconds...
Path '/data/oss_bucket_0/qihang/gui_agent/images/ui_tars_zh_simulator/device1/instruction_7/sample_0/step_6.png' does not exist. Sleeping for 1 seconds...
Path '/data/oss_bucket_0/qihang/gui_agent/images/ui_tars_zh_simulator/device1/instruction_7/sample_0/step_6.png' does not exist. Sleeping for 1 seconds...
Path '/data/oss_bucket_0/qihang/gui_agent/images/ui_tars_zh_simulator/device1/instruction_7/sample_0/step_6.png' does not exist. Sleeping for 1 seconds...
Path '/data/oss_bucket_0/qihang/gui_agent/images/ui_tars_zh_simulator/device1/instruction_7/sample_0/step_6.png' does not exist. Sleeping for 1 seconds...
Path '/data/oss_bucket_0/qihang/gui_agent/images/ui_tars_zh_simulator/device1/instruction_7/sample_0/step_6.png' exists! Reading the file...
Path '/data/oss_bucket_0/qihang/gui_agent/images/ui_tars_zh_simulator/device1/instruction_7/sample_0/step_5.png' exists! Reading the file...
Model Thought/Action: {'type': 'open_app', 'url': 'com.wps.wps'}
--- Step 7 ---
Path '/data/oss_bucket_0/qihang/gui_agent/images/ui_tars_zh_simulator/device1/instruction_7/sample_0/step_7.png' does not exist. Sleeping for 1 seconds...
Path '/data/oss_bucket_0/qihang/gui_agent/images/ui_tars_zh_simulator/device1/instruction_7/sample_0/step_7.png' does not exist. Sleeping for 1 seconds...
Path '/data/oss_bucket_0/qihang/gui_agent/images/ui_tars_zh_simulator/device1/instruction_7/sample_0/step_7.png' does not exist. Sleeping for 1 seconds...
Path '/data/oss_bucket_0/qihang/gui_agent/images/ui_tars_zh_simulator/device1/instruction_7/sample_0/step_7.png' does not exist. Sleeping for 1 seconds...
Path '/data/oss_bucket_0/qihang/gui_agent/images/ui_tars_zh_simulator/device1/instruction_7/sample_0/step_7.png' does not exist. Sleeping for 1 seconds...
Path '/data/oss_bucket_0/qihang/gui_agent/images/ui_tars_zh_simulator/device1/instruction_7/sample_0/step_7.png' does not exist. Sleeping for 1 seconds...
Path '/data/oss_bucket_0/qihang/gui_agent/images/ui_tars_zh_simulator/device1/instruction_7/sample_0/step_7.png' exists! Reading the file...
Path '/data/oss_bucket_0/qihang/gui_agent/images/ui_tars_zh_simulator/device1/instruction_7/sample_0/step_6.png' exists! Reading the file...
Model Thought/Action: {'type': 'open_app', 'url': 'com.wps.wps'}
--- Step 8 ---
Path '/data/oss_bucket_0/qihang/gui_agent/images/ui_tars_zh_simulator/device1/instruction_7/sample_0/step_8.png' does not exist. Sleeping for 1 seconds...
Path '/data/oss_bucket_0/qihang/gui_agent/images/ui_tars_zh_simulator/device1/instruction_7/sample_0/step_8.png' does not exist. Sleeping for 1 seconds...
Path '/data/oss_bucket_0/qihang/gui_agent/images/ui_tars_zh_simulator/device1/instruction_7/sample_0/step_8.png' does not exist. Sleeping for 1 seconds...
Path '/data/oss_bucket_0/qihang/gui_agent/images/ui_tars_zh_simulator/device1/instruction_7/sample_0/step_8.png' does not exist. Sleeping for 1 seconds...
Path '/data/oss_bucket_0/qihang/gui_agent/images/ui_tars_zh_simulator/device1/instruction_7/sample_0/step_8.png' does not exist. Sleeping for 1 seconds...
Path '/data/oss_bucket_0/qihang/gui_agent/images/ui_tars_zh_simulator/device1/instruction_7/sample_0/step_8.png' does not exist. Sleeping for 1 seconds...
Path '/data/oss_bucket_0/qihang/gui_agent/images/ui_tars_zh_simulator/device1/instruction_7/sample_0/step_8.png' exists! Reading the file...
Path '/data/oss_bucket_0/qihang/gui_agent/images/ui_tars_zh_simulator/device1/instruction_7/sample_0/step_7.png' exists! Reading the file...
Model Thought/Action: {'type': 'open_app', 'url': 'com.wps.wps'}
--- Step 9 ---
Path '/data/oss_bucket_0/qihang/gui_agent/images/ui_tars_zh_simulator/device1/instruction_7/sample_0/step_9.png' does not exist. Sleeping for 1 seconds...
Path '/data/oss_bucket_0/qihang/gui_agent/images/ui_tars_zh_simulator/device1/instruction_7/sample_0/step_9.png' does not exist. Sleeping for 1 seconds...
Path '/data/oss_bucket_0/qihang/gui_agent/images/ui_tars_zh_simulator/device1/instruction_7/sample_0/step_9.png' does not exist. Sleeping for 1 seconds...
Path '/data/oss_bucket_0/qihang/gui_agent/images/ui_tars_zh_simulator/device1/instruction_7/sample_0/step_9.png' does not exist. Sleeping for 1 seconds...
Path '/data/oss_bucket_0/qihang/gui_agent/images/ui_tars_zh_simulator/device1/instruction_7/sample_0/step_9.png' does not exist. Sleeping for 1 seconds...
Path '/data/oss_bucket_0/qihang/gui_agent/images/ui_tars_zh_simulator/device1/instruction_7/sample_0/step_9.png' does not exist. Sleeping for 1 seconds...
Path '/data/oss_bucket_0/qihang/gui_agent/images/ui_tars_zh_simulator/device1/instruction_7/sample_0/step_9.png' exists! Reading the file...
Path '/data/oss_bucket_0/qihang/gui_agent/images/ui_tars_zh_simulator/device1/instruction_7/sample_0/step_8.png' exists! Reading the file...
Model Thought/Action: {'type': 'open_app', 'url': 'com.wps.wps'}
--- Step 10 ---
Path '/data/oss_bucket_0/qihang/gui_agent/images/ui_tars_zh_simulator/device1/instruction_7/sample_0/step_10.png' does not exist. Sleeping for 1 seconds...
Path '/data/oss_bucket_0/qihang/gui_agent/images/ui_tars_zh_simulator/device1/instruction_7/sample_0/step_10.png' does not exist. Sleeping for 1 seconds...
Path '/data/oss_bucket_0/qihang/gui_agent/images/ui_tars_zh_simulator/device1/instruction_7/sample_0/step_10.png' does not exist. Sleeping for 1 seconds...
Path '/data/oss_bucket_0/qihang/gui_agent/images/ui_tars_zh_simulator/device1/instruction_7/sample_0/step_10.png' does not exist. Sleeping for 1 seconds...
Path '/data/oss_bucket_0/qihang/gui_agent/images/ui_tars_zh_simulator/device1/instruction_7/sample_0/step_10.png' does not exist. Sleeping for 1 seconds...
Path '/data/oss_bucket_0/qihang/gui_agent/images/ui_tars_zh_simulator/device1/instruction_7/sample_0/step_10.png' does not exist. Sleeping for 1 seconds...
Path '/data/oss_bucket_0/qihang/gui_agent/images/ui_tars_zh_simulator/device1/instruction_7/sample_0/step_10.png' exists! Reading the file...
Path '/data/oss_bucket_0/qihang/gui_agent/images/ui_tars_zh_simulator/device1/instruction_7/sample_0/step_9.png' exists! Reading the file...
Model Thought/Action: {'type': 'open_app', 'url': 'com.wps.wps'}
--- Step 11 ---
Path '/data/oss_bucket_0/qihang/gui_agent/images/ui_tars_zh_simulator/device1/instruction_7/sample_0/step_11.png' does not exist. Sleeping for 1 seconds...
Path '/data/oss_bucket_0/qihang/gui_agent/images/ui_tars_zh_simulator/device1/instruction_7/sample_0/step_11.png' does not exist. Sleeping for 1 seconds...
Path '/data/oss_bucket_0/qihang/gui_agent/images/ui_tars_zh_simulator/device1/instruction_7/sample_0/step_11.png' does not exist. Sleeping for 1 seconds...
Path '/data/oss_bucket_0/qihang/gui_agent/images/ui_tars_zh_simulator/device1/instruction_7/sample_0/step_11.png' does not exist. Sleeping for 1 seconds...
Path '/data/oss_bucket_0/qihang/gui_agent/images/ui_tars_zh_simulator/device1/instruction_7/sample_0/step_11.png' does not exist. Sleeping for 1 seconds...
Path '/data/oss_bucket_0/qihang/gui_agent/images/ui_tars_zh_simulator/device1/instruction_7/sample_0/step_11.png' does not exist. Sleeping for 1 seconds...
Path '/data/oss_bucket_0/qihang/gui_agent/images/ui_tars_zh_simulator/device1/instruction_7/sample_0/step_11.png' exists! Reading the file...
Path '/data/oss_bucket_0/qihang/gui_agent/images/ui_tars_zh_simulator/device1/instruction_7/sample_0/step_10.png' exists! Reading the file...
Model Thought/Action: {'type': 'open_app', 'url': 'com.wps.wps'}
--- Step 12 ---
Path '/data/oss_bucket_0/qihang/gui_agent/images/ui_tars_zh_simulator/device1/instruction_7/sample_0/step_12.png' does not exist. Sleeping for 1 seconds...
Path '/data/oss_bucket_0/qihang/gui_agent/images/ui_tars_zh_simulator/device1/instruction_7/sample_0/step_12.png' does not exist. Sleeping for 1 seconds...
Path '/data/oss_bucket_0/qihang/gui_agent/images/ui_tars_zh_simulator/device1/instruction_7/sample_0/step_12.png' does not exist. Sleeping for 1 seconds...
Path '/data/oss_bucket_0/qihang/gui_agent/images/ui_tars_zh_simulator/device1/instruction_7/sample_0/step_12.png' does not exist. Sleeping for 1 seconds...
Path '/data/oss_bucket_0/qihang/gui_agent/images/ui_tars_zh_simulator/device1/instruction_7/sample_0/step_12.png' does not exist. Sleeping for 1 seconds...
Path '/data/oss_bucket_0/qihang/gui_agent/images/ui_tars_zh_simulator/device1/instruction_7/sample_0/step_12.png' does not exist. Sleeping for 1 seconds...
Path '/data/oss_bucket_0/qihang/gui_agent/images/ui_tars_zh_simulator/device1/instruction_7/sample_0/step_12.png' exists! Reading the file...
Path '/data/oss_bucket_0/qihang/gui_agent/images/ui_tars_zh_simulator/device1/instruction_7/sample_0/step_11.png' exists! Reading the file...
Model Thought/Action: {'type': 'open_app', 'url': 'com.wps.wps'}
--- Step 13 ---
Path '/data/oss_bucket_0/qihang/gui_agent/images/ui_tars_zh_simulator/device1/instruction_7/sample_0/step_13.png' does not exist. Sleeping for 1 seconds...
Path '/data/oss_bucket_0/qihang/gui_agent/images/ui_tars_zh_simulator/device1/instruction_7/sample_0/step_13.png' does not exist. Sleeping for 1 seconds...
Path '/data/oss_bucket_0/qihang/gui_agent/images/ui_tars_zh_simulator/device1/instruction_7/sample_0/step_13.png' does not exist. Sleeping for 1 seconds...
Path '/data/oss_bucket_0/qihang/gui_agent/images/ui_tars_zh_simulator/device1/instruction_7/sample_0/step_13.png' does not exist. Sleeping for 1 seconds...
Path '/data/oss_bucket_0/qihang/gui_agent/images/ui_tars_zh_simulator/device1/instruction_7/sample_0/step_13.png' does not exist. Sleeping for 1 seconds...
Path '/data/oss_bucket_0/qihang/gui_agent/images/ui_tars_zh_simulator/device1/instruction_7/sample_0/step_13.png' does not exist. Sleeping for 1 seconds...
Path '/data/oss_bucket_0/qihang/gui_agent/images/ui_tars_zh_simulator/device1/instruction_7/sample_0/step_13.png' exists! Reading the file...
Path '/data/oss_bucket_0/qihang/gui_agent/images/ui_tars_zh_simulator/device1/instruction_7/sample_0/step_12.png' exists! Reading the file...
Model Thought/Action: {'type': 'open_app', 'url': 'com.wps.wps'}
--- Step 14 ---
Path '/data/oss_bucket_0/qihang/gui_agent/images/ui_tars_zh_simulator/device1/instruction_7/sample_0/step_14.png' does not exist. Sleeping for 1 seconds...
Path '/data/oss_bucket_0/qihang/gui_agent/images/ui_tars_zh_simulator/device1/instruction_7/sample_0/step_14.png' does not exist. Sleeping for 1 seconds...
Path '/data/oss_bucket_0/qihang/gui_agent/images/ui_tars_zh_simulator/device1/instruction_7/sample_0/step_14.png' does not exist. Sleeping for 1 seconds...
Path '/data/oss_bucket_0/qihang/gui_agent/images/ui_tars_zh_simulator/device1/instruction_7/sample_0/step_14.png' does not exist. Sleeping for 1 seconds...
Path '/data/oss_bucket_0/qihang/gui_agent/images/ui_tars_zh_simulator/device1/instruction_7/sample_0/step_14.png' does not exist. Sleeping for 1 seconds...
Path '/data/oss_bucket_0/qihang/gui_agent/images/ui_tars_zh_simulator/device1/instruction_7/sample_0/step_14.png' does not exist. Sleeping for 1 seconds...
Path '/data/oss_bucket_0/qihang/gui_agent/images/ui_tars_zh_simulator/device1/instruction_7/sample_0/step_14.png' exists! Reading the file...
Path '/data/oss_bucket_0/qihang/gui_agent/images/ui_tars_zh_simulator/device1/instruction_7/sample_0/step_13.png' exists! Reading the file...
Model Thought/Action: {'type': 'open_app', 'url': 'com.wps.wps'}
--- Judging with GPT-4o ---
GPT-4o Evaluation Response: {'reason': 'The task was to open WPS Office and create a table with specific content, then save it as an xlsx file. However, the agent repeatedly attempted to open the WPS Office application without success, as evidenced by the repeated tool calls and unchanged screenshots. This indicates a failure to progress beyond the initial step of opening the application. There was no attempt to create the table or save the file, and no user interaction was sought to resolve the issue.', 'reward': 0, 'status': 'failure', 'inquiry': 'failure'}
Evaluating Instructions:  17%|█▋        | 7/41 [20:33<1:35:54, 169.24s/it]
===== Evaluating Instruction 8/41 =====
Instruction: 使用wps编写一个包含'任务清单：1. 完成报告 2. 提交审批'的文档，并设置字体为宋体，保存文件。
--- Step 0 ---
Path '/data/oss_bucket_0/qihang/gui_agent/images/ui_tars_zh_simulator/device1/instruction_8/sample_0/step_0.png' exists! Reading the file...
Model Thought/Action: {'type': 'open_app', 'url': 'com.wps.wps'}
--- Step 1 ---
Path '/data/oss_bucket_0/qihang/gui_agent/images/ui_tars_zh_simulator/device1/instruction_8/sample_0/step_1.png' does not exist. Sleeping for 1 seconds...
Path '/data/oss_bucket_0/qihang/gui_agent/images/ui_tars_zh_simulator/device1/instruction_8/sample_0/step_1.png' does not exist. Sleeping for 1 seconds...
Path '/data/oss_bucket_0/qihang/gui_agent/images/ui_tars_zh_simulator/device1/instruction_8/sample_0/step_1.png' does not exist. Sleeping for 1 seconds...
Path '/data/oss_bucket_0/qihang/gui_agent/images/ui_tars_zh_simulator/device1/instruction_8/sample_0/step_1.png' does not exist. Sleeping for 1 seconds...
Path '/data/oss_bucket_0/qihang/gui_agent/images/ui_tars_zh_simulator/device1/instruction_8/sample_0/step_1.png' does not exist. Sleeping for 1 seconds...
Path '/data/oss_bucket_0/qihang/gui_agent/images/ui_tars_zh_simulator/device1/instruction_8/sample_0/step_1.png' does not exist. Sleeping for 1 seconds...
Path '/data/oss_bucket_0/qihang/gui_agent/images/ui_tars_zh_simulator/device1/instruction_8/sample_0/step_1.png' does not exist. Sleeping for 1 seconds...
Path '/data/oss_bucket_0/qihang/gui_agent/images/ui_tars_zh_simulator/device1/instruction_8/sample_0/step_1.png' does not exist. Sleeping for 1 seconds...
Path '/data/oss_bucket_0/qihang/gui_agent/images/ui_tars_zh_simulator/device1/instruction_8/sample_0/step_1.png' does not exist. Sleeping for 1 seconds...
Path '/data/oss_bucket_0/qihang/gui_agent/images/ui_tars_zh_simulator/device1/instruction_8/sample_0/step_1.png' does not exist. Sleeping for 1 seconds...
Path '/data/oss_bucket_0/qihang/gui_agent/images/ui_tars_zh_simulator/device1/instruction_8/sample_0/step_1.png' does not exist. Sleeping for 1 seconds...
Path '/data/oss_bucket_0/qihang/gui_agent/images/ui_tars_zh_simulator/device1/instruction_8/sample_0/step_1.png' does not exist. Sleeping for 1 seconds...
Path '/data/oss_bucket_0/qihang/gui_agent/images/ui_tars_zh_simulator/device1/instruction_8/sample_0/step_1.png' does not exist. Sleeping for 1 seconds...
Path '/data/oss_bucket_0/qihang/gui_agent/images/ui_tars_zh_simulator/device1/instruction_8/sample_0/step_1.png' does not exist. Sleeping for 1 seconds...
Path '/data/oss_bucket_0/qihang/gui_agent/images/ui_tars_zh_simulator/device1/instruction_8/sample_0/step_1.png' does not exist. Sleeping for 1 seconds...
Path '/data/oss_bucket_0/qihang/gui_agent/images/ui_tars_zh_simulator/device1/instruction_8/sample_0/step_1.png' does not exist. Sleeping for 1 seconds...
Path '/data/oss_bucket_0/qihang/gui_agent/images/ui_tars_zh_simulator/device1/instruction_8/sample_0/step_1.png' does not exist. Sleeping for 1 seconds...
Path '/data/oss_bucket_0/qihang/gui_agent/images/ui_tars_zh_simulator/device1/instruction_8/sample_0/step_1.png' does not exist. Sleeping for 1 seconds...
Path '/data/oss_bucket_0/qihang/gui_agent/images/ui_tars_zh_simulator/device1/instruction_8/sample_0/step_1.png' exists! Reading the file...
Path '/data/oss_bucket_0/qihang/gui_agent/images/ui_tars_zh_simulator/device1/instruction_8/sample_0/step_0.png' exists! Reading the file...
Model Thought/Action: {'action': 'continue', 'thought': 'No tool call found.'}
--- Step 2 ---
Path '/data/oss_bucket_0/qihang/gui_agent/images/ui_tars_zh_simulator/device1/instruction_8/sample_0/step_2.png' does not exist. Sleeping for 1 seconds...
Path '/data/oss_bucket_0/qihang/gui_agent/images/ui_tars_zh_simulator/device1/instruction_8/sample_0/step_2.png' does not exist. Sleeping for 1 seconds...
Path '/data/oss_bucket_0/qihang/gui_agent/images/ui_tars_zh_simulator/device1/instruction_8/sample_0/step_2.png' does not exist. Sleeping for 1 seconds...
Path '/data/oss_bucket_0/qihang/gui_agent/images/ui_tars_zh_simulator/device1/instruction_8/sample_0/step_2.png' does not exist. Sleeping for 1 seconds...
Path '/data/oss_bucket_0/qihang/gui_agent/images/ui_tars_zh_simulator/device1/instruction_8/sample_0/step_2.png' does not exist. Sleeping for 1 seconds...
Path '/data/oss_bucket_0/qihang/gui_agent/images/ui_tars_zh_simulator/device1/instruction_8/sample_0/step_2.png' does not exist. Sleeping for 1 seconds...
Path '/data/oss_bucket_0/qihang/gui_agent/images/ui_tars_zh_simulator/device1/instruction_8/sample_0/step_2.png' exists! Reading the file...
Path '/data/oss_bucket_0/qihang/gui_agent/images/ui_tars_zh_simulator/device1/instruction_8/sample_0/step_1.png' exists! Reading the file...
Model Thought/Action: {'action': 'continue', 'thought': 'No tool call found.'}
--- Step 3 ---
Path '/data/oss_bucket_0/qihang/gui_agent/images/ui_tars_zh_simulator/device1/instruction_8/sample_0/step_3.png' does not exist. Sleeping for 1 seconds...
Path '/data/oss_bucket_0/qihang/gui_agent/images/ui_tars_zh_simulator/device1/instruction_8/sample_0/step_3.png' does not exist. Sleeping for 1 seconds...
Path '/data/oss_bucket_0/qihang/gui_agent/images/ui_tars_zh_simulator/device1/instruction_8/sample_0/step_3.png' does not exist. Sleeping for 1 seconds...
Path '/data/oss_bucket_0/qihang/gui_agent/images/ui_tars_zh_simulator/device1/instruction_8/sample_0/step_3.png' does not exist. Sleeping for 1 seconds...
Path '/data/oss_bucket_0/qihang/gui_agent/images/ui_tars_zh_simulator/device1/instruction_8/sample_0/step_3.png' does not exist. Sleeping for 1 seconds...
Path '/data/oss_bucket_0/qihang/gui_agent/images/ui_tars_zh_simulator/device1/instruction_8/sample_0/step_3.png' does not exist. Sleeping for 1 seconds...
Path '/data/oss_bucket_0/qihang/gui_agent/images/ui_tars_zh_simulator/device1/instruction_8/sample_0/step_3.png' exists! Reading the file...
Path '/data/oss_bucket_0/qihang/gui_agent/images/ui_tars_zh_simulator/device1/instruction_8/sample_0/step_2.png' exists! Reading the file...
Model Thought/Action: {'action': 'continue', 'thought': 'No tool call found.'}
--- Step 4 ---
Path '/data/oss_bucket_0/qihang/gui_agent/images/ui_tars_zh_simulator/device1/instruction_8/sample_0/step_4.png' does not exist. Sleeping for 1 seconds...
Path '/data/oss_bucket_0/qihang/gui_agent/images/ui_tars_zh_simulator/device1/instruction_8/sample_0/step_4.png' does not exist. Sleeping for 1 seconds...
Path '/data/oss_bucket_0/qihang/gui_agent/images/ui_tars_zh_simulator/device1/instruction_8/sample_0/step_4.png' does not exist. Sleeping for 1 seconds...
Path '/data/oss_bucket_0/qihang/gui_agent/images/ui_tars_zh_simulator/device1/instruction_8/sample_0/step_4.png' does not exist. Sleeping for 1 seconds...
Path '/data/oss_bucket_0/qihang/gui_agent/images/ui_tars_zh_simulator/device1/instruction_8/sample_0/step_4.png' does not exist. Sleeping for 1 seconds...
Path '/data/oss_bucket_0/qihang/gui_agent/images/ui_tars_zh_simulator/device1/instruction_8/sample_0/step_4.png' does not exist. Sleeping for 1 seconds...
Path '/data/oss_bucket_0/qihang/gui_agent/images/ui_tars_zh_simulator/device1/instruction_8/sample_0/step_4.png' exists! Reading the file...
Path '/data/oss_bucket_0/qihang/gui_agent/images/ui_tars_zh_simulator/device1/instruction_8/sample_0/step_3.png' exists! Reading the file...
Model Thought/Action: {'action': 'continue', 'thought': 'No tool call found.'}
--- Step 5 ---
Path '/data/oss_bucket_0/qihang/gui_agent/images/ui_tars_zh_simulator/device1/instruction_8/sample_0/step_5.png' does not exist. Sleeping for 1 seconds...
Path '/data/oss_bucket_0/qihang/gui_agent/images/ui_tars_zh_simulator/device1/instruction_8/sample_0/step_5.png' does not exist. Sleeping for 1 seconds...
Path '/data/oss_bucket_0/qihang/gui_agent/images/ui_tars_zh_simulator/device1/instruction_8/sample_0/step_5.png' does not exist. Sleeping for 1 seconds...
Path '/data/oss_bucket_0/qihang/gui_agent/images/ui_tars_zh_simulator/device1/instruction_8/sample_0/step_5.png' does not exist. Sleeping for 1 seconds...
Path '/data/oss_bucket_0/qihang/gui_agent/images/ui_tars_zh_simulator/device1/instruction_8/sample_0/step_5.png' does not exist. Sleeping for 1 seconds...
Path '/data/oss_bucket_0/qihang/gui_agent/images/ui_tars_zh_simulator/device1/instruction_8/sample_0/step_5.png' does not exist. Sleeping for 1 seconds...
Path '/data/oss_bucket_0/qihang/gui_agent/images/ui_tars_zh_simulator/device1/instruction_8/sample_0/step_5.png' exists! Reading the file...
Path '/data/oss_bucket_0/qihang/gui_agent/images/ui_tars_zh_simulator/device1/instruction_8/sample_0/step_4.png' exists! Reading the file...
Model Thought/Action: {'action': 'continue', 'thought': 'No tool call found.'}
--- Step 6 ---
Path '/data/oss_bucket_0/qihang/gui_agent/images/ui_tars_zh_simulator/device1/instruction_8/sample_0/step_6.png' does not exist. Sleeping for 1 seconds...
Path '/data/oss_bucket_0/qihang/gui_agent/images/ui_tars_zh_simulator/device1/instruction_8/sample_0/step_6.png' does not exist. Sleeping for 1 seconds...
Path '/data/oss_bucket_0/qihang/gui_agent/images/ui_tars_zh_simulator/device1/instruction_8/sample_0/step_6.png' does not exist. Sleeping for 1 seconds...
Path '/data/oss_bucket_0/qihang/gui_agent/images/ui_tars_zh_simulator/device1/instruction_8/sample_0/step_6.png' does not exist. Sleeping for 1 seconds...
Path '/data/oss_bucket_0/qihang/gui_agent/images/ui_tars_zh_simulator/device1/instruction_8/sample_0/step_6.png' does not exist. Sleeping for 1 seconds...
Path '/data/oss_bucket_0/qihang/gui_agent/images/ui_tars_zh_simulator/device1/instruction_8/sample_0/step_6.png' does not exist. Sleeping for 1 seconds...
Path '/data/oss_bucket_0/qihang/gui_agent/images/ui_tars_zh_simulator/device1/instruction_8/sample_0/step_6.png' exists! Reading the file...
Path '/data/oss_bucket_0/qihang/gui_agent/images/ui_tars_zh_simulator/device1/instruction_8/sample_0/step_5.png' exists! Reading the file...
Model Thought/Action: {'action': 'continue', 'thought': 'No tool call found.'}
--- Step 7 ---
Path '/data/oss_bucket_0/qihang/gui_agent/images/ui_tars_zh_simulator/device1/instruction_8/sample_0/step_7.png' does not exist. Sleeping for 1 seconds...
Path '/data/oss_bucket_0/qihang/gui_agent/images/ui_tars_zh_simulator/device1/instruction_8/sample_0/step_7.png' does not exist. Sleeping for 1 seconds...
Path '/data/oss_bucket_0/qihang/gui_agent/images/ui_tars_zh_simulator/device1/instruction_8/sample_0/step_7.png' does not exist. Sleeping for 1 seconds...
Path '/data/oss_bucket_0/qihang/gui_agent/images/ui_tars_zh_simulator/device1/instruction_8/sample_0/step_7.png' does not exist. Sleeping for 1 seconds...
Path '/data/oss_bucket_0/qihang/gui_agent/images/ui_tars_zh_simulator/device1/instruction_8/sample_0/step_7.png' does not exist. Sleeping for 1 seconds...
Path '/data/oss_bucket_0/qihang/gui_agent/images/ui_tars_zh_simulator/device1/instruction_8/sample_0/step_7.png' does not exist. Sleeping for 1 seconds...
Path '/data/oss_bucket_0/qihang/gui_agent/images/ui_tars_zh_simulator/device1/instruction_8/sample_0/step_7.png' exists! Reading the file...
Path '/data/oss_bucket_0/qihang/gui_agent/images/ui_tars_zh_simulator/device1/instruction_8/sample_0/step_6.png' exists! Reading the file...
Model Thought/Action: {'action': 'continue', 'thought': 'No tool call found.'}
--- Step 8 ---
Path '/data/oss_bucket_0/qihang/gui_agent/images/ui_tars_zh_simulator/device1/instruction_8/sample_0/step_8.png' does not exist. Sleeping for 1 seconds...
Path '/data/oss_bucket_0/qihang/gui_agent/images/ui_tars_zh_simulator/device1/instruction_8/sample_0/step_8.png' does not exist. Sleeping for 1 seconds...
Path '/data/oss_bucket_0/qihang/gui_agent/images/ui_tars_zh_simulator/device1/instruction_8/sample_0/step_8.png' does not exist. Sleeping for 1 seconds...
Path '/data/oss_bucket_0/qihang/gui_agent/images/ui_tars_zh_simulator/device1/instruction_8/sample_0/step_8.png' does not exist. Sleeping for 1 seconds...
Path '/data/oss_bucket_0/qihang/gui_agent/images/ui_tars_zh_simulator/device1/instruction_8/sample_0/step_8.png' does not exist. Sleeping for 1 seconds...
Path '/data/oss_bucket_0/qihang/gui_agent/images/ui_tars_zh_simulator/device1/instruction_8/sample_0/step_8.png' does not exist. Sleeping for 1 seconds...
Path '/data/oss_bucket_0/qihang/gui_agent/images/ui_tars_zh_simulator/device1/instruction_8/sample_0/step_8.png' exists! Reading the file...
Path '/data/oss_bucket_0/qihang/gui_agent/images/ui_tars_zh_simulator/device1/instruction_8/sample_0/step_7.png' exists! Reading the file...
Model Thought/Action: {'action': 'continue', 'thought': 'No tool call found.'}
--- Step 9 ---
Path '/data/oss_bucket_0/qihang/gui_agent/images/ui_tars_zh_simulator/device1/instruction_8/sample_0/step_9.png' does not exist. Sleeping for 1 seconds...
Path '/data/oss_bucket_0/qihang/gui_agent/images/ui_tars_zh_simulator/device1/instruction_8/sample_0/step_9.png' does not exist. Sleeping for 1 seconds...
Path '/data/oss_bucket_0/qihang/gui_agent/images/ui_tars_zh_simulator/device1/instruction_8/sample_0/step_9.png' does not exist. Sleeping for 1 seconds...
Path '/data/oss_bucket_0/qihang/gui_agent/images/ui_tars_zh_simulator/device1/instruction_8/sample_0/step_9.png' does not exist. Sleeping for 1 seconds...
Path '/data/oss_bucket_0/qihang/gui_agent/images/ui_tars_zh_simulator/device1/instruction_8/sample_0/step_9.png' does not exist. Sleeping for 1 seconds...
Path '/data/oss_bucket_0/qihang/gui_agent/images/ui_tars_zh_simulator/device1/instruction_8/sample_0/step_9.png' does not exist. Sleeping for 1 seconds...
Path '/data/oss_bucket_0/qihang/gui_agent/images/ui_tars_zh_simulator/device1/instruction_8/sample_0/step_9.png' exists! Reading the file...
Path '/data/oss_bucket_0/qihang/gui_agent/images/ui_tars_zh_simulator/device1/instruction_8/sample_0/step_8.png' exists! Reading the file...
Model Thought/Action: {'action': 'continue', 'thought': 'No tool call found.'}
--- Step 10 ---
Path '/data/oss_bucket_0/qihang/gui_agent/images/ui_tars_zh_simulator/device1/instruction_8/sample_0/step_10.png' does not exist. Sleeping for 1 seconds...
Path '/data/oss_bucket_0/qihang/gui_agent/images/ui_tars_zh_simulator/device1/instruction_8/sample_0/step_10.png' does not exist. Sleeping for 1 seconds...
Path '/data/oss_bucket_0/qihang/gui_agent/images/ui_tars_zh_simulator/device1/instruction_8/sample_0/step_10.png' does not exist. Sleeping for 1 seconds...
Path '/data/oss_bucket_0/qihang/gui_agent/images/ui_tars_zh_simulator/device1/instruction_8/sample_0/step_10.png' does not exist. Sleeping for 1 seconds...
Path '/data/oss_bucket_0/qihang/gui_agent/images/ui_tars_zh_simulator/device1/instruction_8/sample_0/step_10.png' does not exist. Sleeping for 1 seconds...
Path '/data/oss_bucket_0/qihang/gui_agent/images/ui_tars_zh_simulator/device1/instruction_8/sample_0/step_10.png' does not exist. Sleeping for 1 seconds...
Path '/data/oss_bucket_0/qihang/gui_agent/images/ui_tars_zh_simulator/device1/instruction_8/sample_0/step_10.png' exists! Reading the file...
Path '/data/oss_bucket_0/qihang/gui_agent/images/ui_tars_zh_simulator/device1/instruction_8/sample_0/step_9.png' exists! Reading the file...
Model Thought/Action: {'action': 'continue', 'thought': 'No tool call found.'}
--- Step 11 ---
Path '/data/oss_bucket_0/qihang/gui_agent/images/ui_tars_zh_simulator/device1/instruction_8/sample_0/step_11.png' does not exist. Sleeping for 1 seconds...
Path '/data/oss_bucket_0/qihang/gui_agent/images/ui_tars_zh_simulator/device1/instruction_8/sample_0/step_11.png' does not exist. Sleeping for 1 seconds...
Path '/data/oss_bucket_0/qihang/gui_agent/images/ui_tars_zh_simulator/device1/instruction_8/sample_0/step_11.png' does not exist. Sleeping for 1 seconds...
Path '/data/oss_bucket_0/qihang/gui_agent/images/ui_tars_zh_simulator/device1/instruction_8/sample_0/step_11.png' does not exist. Sleeping for 1 seconds...
Path '/data/oss_bucket_0/qihang/gui_agent/images/ui_tars_zh_simulator/device1/instruction_8/sample_0/step_11.png' does not exist. Sleeping for 1 seconds...
Path '/data/oss_bucket_0/qihang/gui_agent/images/ui_tars_zh_simulator/device1/instruction_8/sample_0/step_11.png' does not exist. Sleeping for 1 seconds...
Path '/data/oss_bucket_0/qihang/gui_agent/images/ui_tars_zh_simulator/device1/instruction_8/sample_0/step_11.png' exists! Reading the file...
Path '/data/oss_bucket_0/qihang/gui_agent/images/ui_tars_zh_simulator/device1/instruction_8/sample_0/step_10.png' exists! Reading the file...
Model Thought/Action: {'action': 'continue', 'thought': 'No tool call found.'}
--- Step 12 ---
Path '/data/oss_bucket_0/qihang/gui_agent/images/ui_tars_zh_simulator/device1/instruction_8/sample_0/step_12.png' does not exist. Sleeping for 1 seconds...
Path '/data/oss_bucket_0/qihang/gui_agent/images/ui_tars_zh_simulator/device1/instruction_8/sample_0/step_12.png' does not exist. Sleeping for 1 seconds...
Path '/data/oss_bucket_0/qihang/gui_agent/images/ui_tars_zh_simulator/device1/instruction_8/sample_0/step_12.png' does not exist. Sleeping for 1 seconds...
Path '/data/oss_bucket_0/qihang/gui_agent/images/ui_tars_zh_simulator/device1/instruction_8/sample_0/step_12.png' does not exist. Sleeping for 1 seconds...
Path '/data/oss_bucket_0/qihang/gui_agent/images/ui_tars_zh_simulator/device1/instruction_8/sample_0/step_12.png' does not exist. Sleeping for 1 seconds...
Path '/data/oss_bucket_0/qihang/gui_agent/images/ui_tars_zh_simulator/device1/instruction_8/sample_0/step_12.png' does not exist. Sleeping for 1 seconds...
Path '/data/oss_bucket_0/qihang/gui_agent/images/ui_tars_zh_simulator/device1/instruction_8/sample_0/step_12.png' exists! Reading the file...
Path '/data/oss_bucket_0/qihang/gui_agent/images/ui_tars_zh_simulator/device1/instruction_8/sample_0/step_11.png' exists! Reading the file...
Model Thought/Action: {'action': 'continue', 'thought': 'No tool call found.'}
--- Step 13 ---
Path '/data/oss_bucket_0/qihang/gui_agent/images/ui_tars_zh_simulator/device1/instruction_8/sample_0/step_13.png' does not exist. Sleeping for 1 seconds...
Path '/data/oss_bucket_0/qihang/gui_agent/images/ui_tars_zh_simulator/device1/instruction_8/sample_0/step_13.png' does not exist. Sleeping for 1 seconds...
Path '/data/oss_bucket_0/qihang/gui_agent/images/ui_tars_zh_simulator/device1/instruction_8/sample_0/step_13.png' does not exist. Sleeping for 1 seconds...
Path '/data/oss_bucket_0/qihang/gui_agent/images/ui_tars_zh_simulator/device1/instruction_8/sample_0/step_13.png' does not exist. Sleeping for 1 seconds...
Path '/data/oss_bucket_0/qihang/gui_agent/images/ui_tars_zh_simulator/device1/instruction_8/sample_0/step_13.png' does not exist. Sleeping for 1 seconds...
Path '/data/oss_bucket_0/qihang/gui_agent/images/ui_tars_zh_simulator/device1/instruction_8/sample_0/step_13.png' does not exist. Sleeping for 1 seconds...
Path '/data/oss_bucket_0/qihang/gui_agent/images/ui_tars_zh_simulator/device1/instruction_8/sample_0/step_13.png' exists! Reading the file...
Path '/data/oss_bucket_0/qihang/gui_agent/images/ui_tars_zh_simulator/device1/instruction_8/sample_0/step_12.png' exists! Reading the file...
Model Thought/Action: {'action': 'continue', 'thought': 'No tool call found.'}
--- Step 14 ---
Path '/data/oss_bucket_0/qihang/gui_agent/images/ui_tars_zh_simulator/device1/instruction_8/sample_0/step_14.png' does not exist. Sleeping for 1 seconds...
Path '/data/oss_bucket_0/qihang/gui_agent/images/ui_tars_zh_simulator/device1/instruction_8/sample_0/step_14.png' does not exist. Sleeping for 1 seconds...
Path '/data/oss_bucket_0/qihang/gui_agent/images/ui_tars_zh_simulator/device1/instruction_8/sample_0/step_14.png' does not exist. Sleeping for 1 seconds...
Path '/data/oss_bucket_0/qihang/gui_agent/images/ui_tars_zh_simulator/device1/instruction_8/sample_0/step_14.png' does not exist. Sleeping for 1 seconds...
Path '/data/oss_bucket_0/qihang/gui_agent/images/ui_tars_zh_simulator/device1/instruction_8/sample_0/step_14.png' does not exist. Sleeping for 1 seconds...
Path '/data/oss_bucket_0/qihang/gui_agent/images/ui_tars_zh_simulator/device1/instruction_8/sample_0/step_14.png' does not exist. Sleeping for 1 seconds...
Path '/data/oss_bucket_0/qihang/gui_agent/images/ui_tars_zh_simulator/device1/instruction_8/sample_0/step_14.png' exists! Reading the file...
Path '/data/oss_bucket_0/qihang/gui_agent/images/ui_tars_zh_simulator/device1/instruction_8/sample_0/step_13.png' exists! Reading the file...
Model Thought/Action: {'action': 'continue', 'thought': 'No tool call found.'}
--- Judging with GPT-4o ---
GPT-4o Evaluation Response: {'reason': 'The agent repeatedly attempted to open the WPS Office application but failed to make any progress beyond the initial step. The same action was repeated multiple times without any change in the outcome, indicating a lack of progress towards the task goal. There was no attempt to seek user interaction or troubleshoot the issue, leading to a complete failure in task execution.', 'reward': 0, 'status': 'failure', 'inquiry': 'failure'}
Evaluating Instructions:  20%|█▉        | 8/41 [23:24<1:33:24, 169.84s/it]
===== Evaluating Instruction 9/41 =====
Instruction: 使用wps制作一个包含'会议时间：下午3点'的演示文稿，并将文件保存为pptx格式。
--- Step 0 ---
Path '/data/oss_bucket_0/qihang/gui_agent/images/ui_tars_zh_simulator/device1/instruction_9/sample_0/step_0.png' exists! Reading the file...
Model Thought/Action: {'type': 'open', 'url': 'http://www.wps.com/'}
--- Step 1 ---
Path '/data/oss_bucket_0/qihang/gui_agent/images/ui_tars_zh_simulator/device1/instruction_9/sample_0/step_1.png' does not exist. Sleeping for 1 seconds...
Path '/data/oss_bucket_0/qihang/gui_agent/images/ui_tars_zh_simulator/device1/instruction_9/sample_0/step_1.png' does not exist. Sleeping for 1 seconds...
Path '/data/oss_bucket_0/qihang/gui_agent/images/ui_tars_zh_simulator/device1/instruction_9/sample_0/step_1.png' does not exist. Sleeping for 1 seconds...
Path '/data/oss_bucket_0/qihang/gui_agent/images/ui_tars_zh_simulator/device1/instruction_9/sample_0/step_1.png' does not exist. Sleeping for 1 seconds...
Path '/data/oss_bucket_0/qihang/gui_agent/images/ui_tars_zh_simulator/device1/instruction_9/sample_0/step_1.png' does not exist. Sleeping for 1 seconds...
Path '/data/oss_bucket_0/qihang/gui_agent/images/ui_tars_zh_simulator/device1/instruction_9/sample_0/step_1.png' does not exist. Sleeping for 1 seconds...
Path '/data/oss_bucket_0/qihang/gui_agent/images/ui_tars_zh_simulator/device1/instruction_9/sample_0/step_1.png' does not exist. Sleeping for 1 seconds...
Path '/data/oss_bucket_0/qihang/gui_agent/images/ui_tars_zh_simulator/device1/instruction_9/sample_0/step_1.png' does not exist. Sleeping for 1 seconds...
Path '/data/oss_bucket_0/qihang/gui_agent/images/ui_tars_zh_simulator/device1/instruction_9/sample_0/step_1.png' does not exist. Sleeping for 1 seconds...
Path '/data/oss_bucket_0/qihang/gui_agent/images/ui_tars_zh_simulator/device1/instruction_9/sample_0/step_1.png' does not exist. Sleeping for 1 seconds...
Path '/data/oss_bucket_0/qihang/gui_agent/images/ui_tars_zh_simulator/device1/instruction_9/sample_0/step_1.png' does not exist. Sleeping for 1 seconds...
Path '/data/oss_bucket_0/qihang/gui_agent/images/ui_tars_zh_simulator/device1/instruction_9/sample_0/step_1.png' does not exist. Sleeping for 1 seconds...
Path '/data/oss_bucket_0/qihang/gui_agent/images/ui_tars_zh_simulator/device1/instruction_9/sample_0/step_1.png' does not exist. Sleeping for 1 seconds...
Path '/data/oss_bucket_0/qihang/gui_agent/images/ui_tars_zh_simulator/device1/instruction_9/sample_0/step_1.png' does not exist. Sleeping for 1 seconds...
Path '/data/oss_bucket_0/qihang/gui_agent/images/ui_tars_zh_simulator/device1/instruction_9/sample_0/step_1.png' does not exist. Sleeping for 1 seconds...
Path '/data/oss_bucket_0/qihang/gui_agent/images/ui_tars_zh_simulator/device1/instruction_9/sample_0/step_1.png' does not exist. Sleeping for 1 seconds...
Path '/data/oss_bucket_0/qihang/gui_agent/images/ui_tars_zh_simulator/device1/instruction_9/sample_0/step_1.png' does not exist. Sleeping for 1 seconds...
Path '/data/oss_bucket_0/qihang/gui_agent/images/ui_tars_zh_simulator/device1/instruction_9/sample_0/step_1.png' does not exist. Sleeping for 1 seconds...
Path '/data/oss_bucket_0/qihang/gui_agent/images/ui_tars_zh_simulator/device1/instruction_9/sample_0/step_1.png' exists! Reading the file...
Path '/data/oss_bucket_0/qihang/gui_agent/images/ui_tars_zh_simulator/device1/instruction_9/sample_0/step_0.png' exists! Reading the file...
Model Thought/Action: {'type': 'open', 'url': 'http://www.wps.com/'}
--- Step 2 ---
Path '/data/oss_bucket_0/qihang/gui_agent/images/ui_tars_zh_simulator/device1/instruction_9/sample_0/step_2.png' does not exist. Sleeping for 1 seconds...
Path '/data/oss_bucket_0/qihang/gui_agent/images/ui_tars_zh_simulator/device1/instruction_9/sample_0/step_2.png' does not exist. Sleeping for 1 seconds...
Path '/data/oss_bucket_0/qihang/gui_agent/images/ui_tars_zh_simulator/device1/instruction_9/sample_0/step_2.png' does not exist. Sleeping for 1 seconds...
Path '/data/oss_bucket_0/qihang/gui_agent/images/ui_tars_zh_simulator/device1/instruction_9/sample_0/step_2.png' does not exist. Sleeping for 1 seconds...
Path '/data/oss_bucket_0/qihang/gui_agent/images/ui_tars_zh_simulator/device1/instruction_9/sample_0/step_2.png' does not exist. Sleeping for 1 seconds...
Path '/data/oss_bucket_0/qihang/gui_agent/images/ui_tars_zh_simulator/device1/instruction_9/sample_0/step_2.png' does not exist. Sleeping for 1 seconds...
Path '/data/oss_bucket_0/qihang/gui_agent/images/ui_tars_zh_simulator/device1/instruction_9/sample_0/step_2.png' exists! Reading the file...
Path '/data/oss_bucket_0/qihang/gui_agent/images/ui_tars_zh_simulator/device1/instruction_9/sample_0/step_1.png' exists! Reading the file...
Model Thought/Action: {'type': 'open', 'url': 'http://www.wps.com/'}
--- Step 3 ---
Path '/data/oss_bucket_0/qihang/gui_agent/images/ui_tars_zh_simulator/device1/instruction_9/sample_0/step_3.png' does not exist. Sleeping for 1 seconds...
Path '/data/oss_bucket_0/qihang/gui_agent/images/ui_tars_zh_simulator/device1/instruction_9/sample_0/step_3.png' does not exist. Sleeping for 1 seconds...
Path '/data/oss_bucket_0/qihang/gui_agent/images/ui_tars_zh_simulator/device1/instruction_9/sample_0/step_3.png' does not exist. Sleeping for 1 seconds...
Path '/data/oss_bucket_0/qihang/gui_agent/images/ui_tars_zh_simulator/device1/instruction_9/sample_0/step_3.png' does not exist. Sleeping for 1 seconds...
Path '/data/oss_bucket_0/qihang/gui_agent/images/ui_tars_zh_simulator/device1/instruction_9/sample_0/step_3.png' does not exist. Sleeping for 1 seconds...
Path '/data/oss_bucket_0/qihang/gui_agent/images/ui_tars_zh_simulator/device1/instruction_9/sample_0/step_3.png' does not exist. Sleeping for 1 seconds...
Path '/data/oss_bucket_0/qihang/gui_agent/images/ui_tars_zh_simulator/device1/instruction_9/sample_0/step_3.png' exists! Reading the file...
Path '/data/oss_bucket_0/qihang/gui_agent/images/ui_tars_zh_simulator/device1/instruction_9/sample_0/step_2.png' exists! Reading the file...
Model Thought/Action: {'type': 'open', 'url': 'http://www.wps.com/'}
--- Step 4 ---
Path '/data/oss_bucket_0/qihang/gui_agent/images/ui_tars_zh_simulator/device1/instruction_9/sample_0/step_4.png' does not exist. Sleeping for 1 seconds...
Path '/data/oss_bucket_0/qihang/gui_agent/images/ui_tars_zh_simulator/device1/instruction_9/sample_0/step_4.png' does not exist. Sleeping for 1 seconds...
Path '/data/oss_bucket_0/qihang/gui_agent/images/ui_tars_zh_simulator/device1/instruction_9/sample_0/step_4.png' does not exist. Sleeping for 1 seconds...
Path '/data/oss_bucket_0/qihang/gui_agent/images/ui_tars_zh_simulator/device1/instruction_9/sample_0/step_4.png' does not exist. Sleeping for 1 seconds...
Path '/data/oss_bucket_0/qihang/gui_agent/images/ui_tars_zh_simulator/device1/instruction_9/sample_0/step_4.png' does not exist. Sleeping for 1 seconds...
Path '/data/oss_bucket_0/qihang/gui_agent/images/ui_tars_zh_simulator/device1/instruction_9/sample_0/step_4.png' does not exist. Sleeping for 1 seconds...
Path '/data/oss_bucket_0/qihang/gui_agent/images/ui_tars_zh_simulator/device1/instruction_9/sample_0/step_4.png' exists! Reading the file...
Path '/data/oss_bucket_0/qihang/gui_agent/images/ui_tars_zh_simulator/device1/instruction_9/sample_0/step_3.png' exists! Reading the file...
Model Thought/Action: {'type': 'open', 'url': 'http://www.wps.com/'}
--- Step 5 ---
Path '/data/oss_bucket_0/qihang/gui_agent/images/ui_tars_zh_simulator/device1/instruction_9/sample_0/step_5.png' does not exist. Sleeping for 1 seconds...
Path '/data/oss_bucket_0/qihang/gui_agent/images/ui_tars_zh_simulator/device1/instruction_9/sample_0/step_5.png' does not exist. Sleeping for 1 seconds...
Path '/data/oss_bucket_0/qihang/gui_agent/images/ui_tars_zh_simulator/device1/instruction_9/sample_0/step_5.png' does not exist. Sleeping for 1 seconds...
Path '/data/oss_bucket_0/qihang/gui_agent/images/ui_tars_zh_simulator/device1/instruction_9/sample_0/step_5.png' does not exist. Sleeping for 1 seconds...
Path '/data/oss_bucket_0/qihang/gui_agent/images/ui_tars_zh_simulator/device1/instruction_9/sample_0/step_5.png' does not exist. Sleeping for 1 seconds...
Path '/data/oss_bucket_0/qihang/gui_agent/images/ui_tars_zh_simulator/device1/instruction_9/sample_0/step_5.png' does not exist. Sleeping for 1 seconds...
Path '/data/oss_bucket_0/qihang/gui_agent/images/ui_tars_zh_simulator/device1/instruction_9/sample_0/step_5.png' exists! Reading the file...
Path '/data/oss_bucket_0/qihang/gui_agent/images/ui_tars_zh_simulator/device1/instruction_9/sample_0/step_4.png' exists! Reading the file...
Model Thought/Action: {'type': 'open', 'url': 'http://www.wps.com/'}
--- Step 6 ---
Path '/data/oss_bucket_0/qihang/gui_agent/images/ui_tars_zh_simulator/device1/instruction_9/sample_0/step_6.png' does not exist. Sleeping for 1 seconds...
Path '/data/oss_bucket_0/qihang/gui_agent/images/ui_tars_zh_simulator/device1/instruction_9/sample_0/step_6.png' does not exist. Sleeping for 1 seconds...
Path '/data/oss_bucket_0/qihang/gui_agent/images/ui_tars_zh_simulator/device1/instruction_9/sample_0/step_6.png' does not exist. Sleeping for 1 seconds...
Path '/data/oss_bucket_0/qihang/gui_agent/images/ui_tars_zh_simulator/device1/instruction_9/sample_0/step_6.png' does not exist. Sleeping for 1 seconds...
Path '/data/oss_bucket_0/qihang/gui_agent/images/ui_tars_zh_simulator/device1/instruction_9/sample_0/step_6.png' does not exist. Sleeping for 1 seconds...
Path '/data/oss_bucket_0/qihang/gui_agent/images/ui_tars_zh_simulator/device1/instruction_9/sample_0/step_6.png' does not exist. Sleeping for 1 seconds...
Path '/data/oss_bucket_0/qihang/gui_agent/images/ui_tars_zh_simulator/device1/instruction_9/sample_0/step_6.png' exists! Reading the file...
Path '/data/oss_bucket_0/qihang/gui_agent/images/ui_tars_zh_simulator/device1/instruction_9/sample_0/step_5.png' exists! Reading the file...
Model Thought/Action: {'type': 'open', 'url': 'http://www.wps.com/'}
--- Step 7 ---
Path '/data/oss_bucket_0/qihang/gui_agent/images/ui_tars_zh_simulator/device1/instruction_9/sample_0/step_7.png' does not exist. Sleeping for 1 seconds...
Path '/data/oss_bucket_0/qihang/gui_agent/images/ui_tars_zh_simulator/device1/instruction_9/sample_0/step_7.png' does not exist. Sleeping for 1 seconds...
Path '/data/oss_bucket_0/qihang/gui_agent/images/ui_tars_zh_simulator/device1/instruction_9/sample_0/step_7.png' does not exist. Sleeping for 1 seconds...
Path '/data/oss_bucket_0/qihang/gui_agent/images/ui_tars_zh_simulator/device1/instruction_9/sample_0/step_7.png' does not exist. Sleeping for 1 seconds...
Path '/data/oss_bucket_0/qihang/gui_agent/images/ui_tars_zh_simulator/device1/instruction_9/sample_0/step_7.png' does not exist. Sleeping for 1 seconds...
Path '/data/oss_bucket_0/qihang/gui_agent/images/ui_tars_zh_simulator/device1/instruction_9/sample_0/step_7.png' does not exist. Sleeping for 1 seconds...
Path '/data/oss_bucket_0/qihang/gui_agent/images/ui_tars_zh_simulator/device1/instruction_9/sample_0/step_7.png' exists! Reading the file...
Path '/data/oss_bucket_0/qihang/gui_agent/images/ui_tars_zh_simulator/device1/instruction_9/sample_0/step_6.png' exists! Reading the file...
Model Thought/Action: {'type': 'open', 'url': 'http://www.wps.com/'}
--- Step 8 ---
Path '/data/oss_bucket_0/qihang/gui_agent/images/ui_tars_zh_simulator/device1/instruction_9/sample_0/step_8.png' does not exist. Sleeping for 1 seconds...
Path '/data/oss_bucket_0/qihang/gui_agent/images/ui_tars_zh_simulator/device1/instruction_9/sample_0/step_8.png' does not exist. Sleeping for 1 seconds...
Path '/data/oss_bucket_0/qihang/gui_agent/images/ui_tars_zh_simulator/device1/instruction_9/sample_0/step_8.png' does not exist. Sleeping for 1 seconds...
Path '/data/oss_bucket_0/qihang/gui_agent/images/ui_tars_zh_simulator/device1/instruction_9/sample_0/step_8.png' does not exist. Sleeping for 1 seconds...
Path '/data/oss_bucket_0/qihang/gui_agent/images/ui_tars_zh_simulator/device1/instruction_9/sample_0/step_8.png' does not exist. Sleeping for 1 seconds...
Path '/data/oss_bucket_0/qihang/gui_agent/images/ui_tars_zh_simulator/device1/instruction_9/sample_0/step_8.png' does not exist. Sleeping for 1 seconds...
Path '/data/oss_bucket_0/qihang/gui_agent/images/ui_tars_zh_simulator/device1/instruction_9/sample_0/step_8.png' exists! Reading the file...
Path '/data/oss_bucket_0/qihang/gui_agent/images/ui_tars_zh_simulator/device1/instruction_9/sample_0/step_7.png' exists! Reading the file...
Model Thought/Action: {'type': 'open', 'url': 'http://www.wps.com/'}
--- Step 9 ---
Path '/data/oss_bucket_0/qihang/gui_agent/images/ui_tars_zh_simulator/device1/instruction_9/sample_0/step_9.png' does not exist. Sleeping for 1 seconds...
Path '/data/oss_bucket_0/qihang/gui_agent/images/ui_tars_zh_simulator/device1/instruction_9/sample_0/step_9.png' does not exist. Sleeping for 1 seconds...
Path '/data/oss_bucket_0/qihang/gui_agent/images/ui_tars_zh_simulator/device1/instruction_9/sample_0/step_9.png' does not exist. Sleeping for 1 seconds...
Path '/data/oss_bucket_0/qihang/gui_agent/images/ui_tars_zh_simulator/device1/instruction_9/sample_0/step_9.png' does not exist. Sleeping for 1 seconds...
Path '/data/oss_bucket_0/qihang/gui_agent/images/ui_tars_zh_simulator/device1/instruction_9/sample_0/step_9.png' does not exist. Sleeping for 1 seconds...
Path '/data/oss_bucket_0/qihang/gui_agent/images/ui_tars_zh_simulator/device1/instruction_9/sample_0/step_9.png' does not exist. Sleeping for 1 seconds...
Path '/data/oss_bucket_0/qihang/gui_agent/images/ui_tars_zh_simulator/device1/instruction_9/sample_0/step_9.png' exists! Reading the file...
Path '/data/oss_bucket_0/qihang/gui_agent/images/ui_tars_zh_simulator/device1/instruction_9/sample_0/step_8.png' exists! Reading the file...
Model Thought/Action: {'type': 'open', 'url': 'http://www.wps.com/'}
--- Step 10 ---
Path '/data/oss_bucket_0/qihang/gui_agent/images/ui_tars_zh_simulator/device1/instruction_9/sample_0/step_10.png' does not exist. Sleeping for 1 seconds...
Path '/data/oss_bucket_0/qihang/gui_agent/images/ui_tars_zh_simulator/device1/instruction_9/sample_0/step_10.png' does not exist. Sleeping for 1 seconds...
Path '/data/oss_bucket_0/qihang/gui_agent/images/ui_tars_zh_simulator/device1/instruction_9/sample_0/step_10.png' does not exist. Sleeping for 1 seconds...
Path '/data/oss_bucket_0/qihang/gui_agent/images/ui_tars_zh_simulator/device1/instruction_9/sample_0/step_10.png' does not exist. Sleeping for 1 seconds...
Path '/data/oss_bucket_0/qihang/gui_agent/images/ui_tars_zh_simulator/device1/instruction_9/sample_0/step_10.png' does not exist. Sleeping for 1 seconds...
Path '/data/oss_bucket_0/qihang/gui_agent/images/ui_tars_zh_simulator/device1/instruction_9/sample_0/step_10.png' does not exist. Sleeping for 1 seconds...
Path '/data/oss_bucket_0/qihang/gui_agent/images/ui_tars_zh_simulator/device1/instruction_9/sample_0/step_10.png' exists! Reading the file...
Path '/data/oss_bucket_0/qihang/gui_agent/images/ui_tars_zh_simulator/device1/instruction_9/sample_0/step_9.png' exists! Reading the file...
Model Thought/Action: {'type': 'open', 'url': 'http://www.wps.com/'}
--- Step 11 ---
Path '/data/oss_bucket_0/qihang/gui_agent/images/ui_tars_zh_simulator/device1/instruction_9/sample_0/step_11.png' does not exist. Sleeping for 1 seconds...
Path '/data/oss_bucket_0/qihang/gui_agent/images/ui_tars_zh_simulator/device1/instruction_9/sample_0/step_11.png' does not exist. Sleeping for 1 seconds...
Path '/data/oss_bucket_0/qihang/gui_agent/images/ui_tars_zh_simulator/device1/instruction_9/sample_0/step_11.png' does not exist. Sleeping for 1 seconds...
Path '/data/oss_bucket_0/qihang/gui_agent/images/ui_tars_zh_simulator/device1/instruction_9/sample_0/step_11.png' does not exist. Sleeping for 1 seconds...
Path '/data/oss_bucket_0/qihang/gui_agent/images/ui_tars_zh_simulator/device1/instruction_9/sample_0/step_11.png' does not exist. Sleeping for 1 seconds...
Path '/data/oss_bucket_0/qihang/gui_agent/images/ui_tars_zh_simulator/device1/instruction_9/sample_0/step_11.png' does not exist. Sleeping for 1 seconds...
Path '/data/oss_bucket_0/qihang/gui_agent/images/ui_tars_zh_simulator/device1/instruction_9/sample_0/step_11.png' exists! Reading the file...
Path '/data/oss_bucket_0/qihang/gui_agent/images/ui_tars_zh_simulator/device1/instruction_9/sample_0/step_10.png' exists! Reading the file...
Model Thought/Action: {'type': 'open', 'url': 'http://www.wps.com/'}
--- Step 12 ---
Path '/data/oss_bucket_0/qihang/gui_agent/images/ui_tars_zh_simulator/device1/instruction_9/sample_0/step_12.png' does not exist. Sleeping for 1 seconds...
Path '/data/oss_bucket_0/qihang/gui_agent/images/ui_tars_zh_simulator/device1/instruction_9/sample_0/step_12.png' does not exist. Sleeping for 1 seconds...
Path '/data/oss_bucket_0/qihang/gui_agent/images/ui_tars_zh_simulator/device1/instruction_9/sample_0/step_12.png' does not exist. Sleeping for 1 seconds...
Path '/data/oss_bucket_0/qihang/gui_agent/images/ui_tars_zh_simulator/device1/instruction_9/sample_0/step_12.png' does not exist. Sleeping for 1 seconds...
Path '/data/oss_bucket_0/qihang/gui_agent/images/ui_tars_zh_simulator/device1/instruction_9/sample_0/step_12.png' does not exist. Sleeping for 1 seconds...
Path '/data/oss_bucket_0/qihang/gui_agent/images/ui_tars_zh_simulator/device1/instruction_9/sample_0/step_12.png' does not exist. Sleeping for 1 seconds...
Path '/data/oss_bucket_0/qihang/gui_agent/images/ui_tars_zh_simulator/device1/instruction_9/sample_0/step_12.png' exists! Reading the file...
Path '/data/oss_bucket_0/qihang/gui_agent/images/ui_tars_zh_simulator/device1/instruction_9/sample_0/step_11.png' exists! Reading the file...
Model Thought/Action: {'type': 'open', 'url': 'http://www.wps.com/'}
--- Step 13 ---
Path '/data/oss_bucket_0/qihang/gui_agent/images/ui_tars_zh_simulator/device1/instruction_9/sample_0/step_13.png' does not exist. Sleeping for 1 seconds...
Path '/data/oss_bucket_0/qihang/gui_agent/images/ui_tars_zh_simulator/device1/instruction_9/sample_0/step_13.png' does not exist. Sleeping for 1 seconds...
Path '/data/oss_bucket_0/qihang/gui_agent/images/ui_tars_zh_simulator/device1/instruction_9/sample_0/step_13.png' does not exist. Sleeping for 1 seconds...
Path '/data/oss_bucket_0/qihang/gui_agent/images/ui_tars_zh_simulator/device1/instruction_9/sample_0/step_13.png' does not exist. Sleeping for 1 seconds...
Path '/data/oss_bucket_0/qihang/gui_agent/images/ui_tars_zh_simulator/device1/instruction_9/sample_0/step_13.png' does not exist. Sleeping for 1 seconds...
Path '/data/oss_bucket_0/qihang/gui_agent/images/ui_tars_zh_simulator/device1/instruction_9/sample_0/step_13.png' does not exist. Sleeping for 1 seconds...
Path '/data/oss_bucket_0/qihang/gui_agent/images/ui_tars_zh_simulator/device1/instruction_9/sample_0/step_13.png' exists! Reading the file...
Path '/data/oss_bucket_0/qihang/gui_agent/images/ui_tars_zh_simulator/device1/instruction_9/sample_0/step_12.png' exists! Reading the file...
Model Thought/Action: {'type': 'open', 'url': 'http://www.wps.com/'}
--- Step 14 ---
Path '/data/oss_bucket_0/qihang/gui_agent/images/ui_tars_zh_simulator/device1/instruction_9/sample_0/step_14.png' does not exist. Sleeping for 1 seconds...
Path '/data/oss_bucket_0/qihang/gui_agent/images/ui_tars_zh_simulator/device1/instruction_9/sample_0/step_14.png' does not exist. Sleeping for 1 seconds...
Path '/data/oss_bucket_0/qihang/gui_agent/images/ui_tars_zh_simulator/device1/instruction_9/sample_0/step_14.png' does not exist. Sleeping for 1 seconds...
Path '/data/oss_bucket_0/qihang/gui_agent/images/ui_tars_zh_simulator/device1/instruction_9/sample_0/step_14.png' does not exist. Sleeping for 1 seconds...
Path '/data/oss_bucket_0/qihang/gui_agent/images/ui_tars_zh_simulator/device1/instruction_9/sample_0/step_14.png' does not exist. Sleeping for 1 seconds...
Path '/data/oss_bucket_0/qihang/gui_agent/images/ui_tars_zh_simulator/device1/instruction_9/sample_0/step_14.png' does not exist. Sleeping for 1 seconds...
Path '/data/oss_bucket_0/qihang/gui_agent/images/ui_tars_zh_simulator/device1/instruction_9/sample_0/step_14.png' exists! Reading the file...
Path '/data/oss_bucket_0/qihang/gui_agent/images/ui_tars_zh_simulator/device1/instruction_9/sample_0/step_13.png' exists! Reading the file...
Model Thought/Action: {'type': 'open', 'url': 'http://www.wps.com/'}
--- Judging with GPT-4o ---
GPT-4o Evaluation Response: {'reason': 'The agent repeatedly attempts to open the WPS Office application but fails to make any progress beyond this initial step. The same action is repeated multiple times without any change in the outcome, indicating a lack of progress towards the task goal. There is no evidence of the agent attempting to create a presentation or save it in the required format. Additionally, there is no user interaction to resolve any potential issues or seek guidance.', 'reward': 0, 'status': 'failure', 'inquiry': 'failure'}
Evaluating Instructions:  22%|██▏       | 9/41 [26:14<1:30:34, 169.83s/it]
===== Evaluating Instruction 10/41 =====
Instruction: 使用wps编写一个标题为'项目进度报告'的文档，并在正文中写入'当前进度已完成80%'，然后保存文件。
--- Step 0 ---
Path '/data/oss_bucket_0/qihang/gui_agent/images/ui_tars_zh_simulator/device1/instruction_10/sample_0/step_0.png' exists! Reading the file...
Model Thought/Action: {'action': 'continue', 'thought': 'No tool call found.'}
--- Step 1 ---
Path '/data/oss_bucket_0/qihang/gui_agent/images/ui_tars_zh_simulator/device1/instruction_10/sample_0/step_1.png' does not exist. Sleeping for 1 seconds...
Path '/data/oss_bucket_0/qihang/gui_agent/images/ui_tars_zh_simulator/device1/instruction_10/sample_0/step_1.png' does not exist. Sleeping for 1 seconds...
Path '/data/oss_bucket_0/qihang/gui_agent/images/ui_tars_zh_simulator/device1/instruction_10/sample_0/step_1.png' does not exist. Sleeping for 1 seconds...
Path '/data/oss_bucket_0/qihang/gui_agent/images/ui_tars_zh_simulator/device1/instruction_10/sample_0/step_1.png' does not exist. Sleeping for 1 seconds...
Path '/data/oss_bucket_0/qihang/gui_agent/images/ui_tars_zh_simulator/device1/instruction_10/sample_0/step_1.png' does not exist. Sleeping for 1 seconds...
Path '/data/oss_bucket_0/qihang/gui_agent/images/ui_tars_zh_simulator/device1/instruction_10/sample_0/step_1.png' does not exist. Sleeping for 1 seconds...
Path '/data/oss_bucket_0/qihang/gui_agent/images/ui_tars_zh_simulator/device1/instruction_10/sample_0/step_1.png' does not exist. Sleeping for 1 seconds...
Path '/data/oss_bucket_0/qihang/gui_agent/images/ui_tars_zh_simulator/device1/instruction_10/sample_0/step_1.png' does not exist. Sleeping for 1 seconds...
Path '/data/oss_bucket_0/qihang/gui_agent/images/ui_tars_zh_simulator/device1/instruction_10/sample_0/step_1.png' does not exist. Sleeping for 1 seconds...
Path '/data/oss_bucket_0/qihang/gui_agent/images/ui_tars_zh_simulator/device1/instruction_10/sample_0/step_1.png' does not exist. Sleeping for 1 seconds...
Path '/data/oss_bucket_0/qihang/gui_agent/images/ui_tars_zh_simulator/device1/instruction_10/sample_0/step_1.png' does not exist. Sleeping for 1 seconds...
Path '/data/oss_bucket_0/qihang/gui_agent/images/ui_tars_zh_simulator/device1/instruction_10/sample_0/step_1.png' does not exist. Sleeping for 1 seconds...
Path '/data/oss_bucket_0/qihang/gui_agent/images/ui_tars_zh_simulator/device1/instruction_10/sample_0/step_1.png' exists! Reading the file...
Path '/data/oss_bucket_0/qihang/gui_agent/images/ui_tars_zh_simulator/device1/instruction_10/sample_0/step_0.png' exists! Reading the file...
Model Thought/Action: {'action': 'continue', 'thought': 'No tool call found.'}
--- Step 2 ---
Path '/data/oss_bucket_0/qihang/gui_agent/images/ui_tars_zh_simulator/device1/instruction_10/sample_0/step_2.png' does not exist. Sleeping for 1 seconds...
Path '/data/oss_bucket_0/qihang/gui_agent/images/ui_tars_zh_simulator/device1/instruction_10/sample_0/step_2.png' does not exist. Sleeping for 1 seconds...
Path '/data/oss_bucket_0/qihang/gui_agent/images/ui_tars_zh_simulator/device1/instruction_10/sample_0/step_2.png' does not exist. Sleeping for 1 seconds...
Path '/data/oss_bucket_0/qihang/gui_agent/images/ui_tars_zh_simulator/device1/instruction_10/sample_0/step_2.png' does not exist. Sleeping for 1 seconds...
Path '/data/oss_bucket_0/qihang/gui_agent/images/ui_tars_zh_simulator/device1/instruction_10/sample_0/step_2.png' does not exist. Sleeping for 1 seconds...
Path '/data/oss_bucket_0/qihang/gui_agent/images/ui_tars_zh_simulator/device1/instruction_10/sample_0/step_2.png' does not exist. Sleeping for 1 seconds...
Path '/data/oss_bucket_0/qihang/gui_agent/images/ui_tars_zh_simulator/device1/instruction_10/sample_0/step_2.png' exists! Reading the file...
Path '/data/oss_bucket_0/qihang/gui_agent/images/ui_tars_zh_simulator/device1/instruction_10/sample_0/step_1.png' exists! Reading the file...
Model Thought/Action: {'action': 'continue', 'thought': 'No tool call found.'}
--- Step 3 ---
Path '/data/oss_bucket_0/qihang/gui_agent/images/ui_tars_zh_simulator/device1/instruction_10/sample_0/step_3.png' does not exist. Sleeping for 1 seconds...
Path '/data/oss_bucket_0/qihang/gui_agent/images/ui_tars_zh_simulator/device1/instruction_10/sample_0/step_3.png' does not exist. Sleeping for 1 seconds...
Path '/data/oss_bucket_0/qihang/gui_agent/images/ui_tars_zh_simulator/device1/instruction_10/sample_0/step_3.png' does not exist. Sleeping for 1 seconds...
Path '/data/oss_bucket_0/qihang/gui_agent/images/ui_tars_zh_simulator/device1/instruction_10/sample_0/step_3.png' does not exist. Sleeping for 1 seconds...
Path '/data/oss_bucket_0/qihang/gui_agent/images/ui_tars_zh_simulator/device1/instruction_10/sample_0/step_3.png' does not exist. Sleeping for 1 seconds...
Path '/data/oss_bucket_0/qihang/gui_agent/images/ui_tars_zh_simulator/device1/instruction_10/sample_0/step_3.png' does not exist. Sleeping for 1 seconds...
Path '/data/oss_bucket_0/qihang/gui_agent/images/ui_tars_zh_simulator/device1/instruction_10/sample_0/step_3.png' exists! Reading the file...
Path '/data/oss_bucket_0/qihang/gui_agent/images/ui_tars_zh_simulator/device1/instruction_10/sample_0/step_2.png' exists! Reading the file...
Model Thought/Action: {'action': 'continue', 'thought': 'No tool call found.'}
--- Step 4 ---
Path '/data/oss_bucket_0/qihang/gui_agent/images/ui_tars_zh_simulator/device1/instruction_10/sample_0/step_4.png' does not exist. Sleeping for 1 seconds...
Path '/data/oss_bucket_0/qihang/gui_agent/images/ui_tars_zh_simulator/device1/instruction_10/sample_0/step_4.png' does not exist. Sleeping for 1 seconds...
Path '/data/oss_bucket_0/qihang/gui_agent/images/ui_tars_zh_simulator/device1/instruction_10/sample_0/step_4.png' does not exist. Sleeping for 1 seconds...
Path '/data/oss_bucket_0/qihang/gui_agent/images/ui_tars_zh_simulator/device1/instruction_10/sample_0/step_4.png' does not exist. Sleeping for 1 seconds...
Path '/data/oss_bucket_0/qihang/gui_agent/images/ui_tars_zh_simulator/device1/instruction_10/sample_0/step_4.png' does not exist. Sleeping for 1 seconds...
Path '/data/oss_bucket_0/qihang/gui_agent/images/ui_tars_zh_simulator/device1/instruction_10/sample_0/step_4.png' does not exist. Sleeping for 1 seconds...
Path '/data/oss_bucket_0/qihang/gui_agent/images/ui_tars_zh_simulator/device1/instruction_10/sample_0/step_4.png' exists! Reading the file...
Path '/data/oss_bucket_0/qihang/gui_agent/images/ui_tars_zh_simulator/device1/instruction_10/sample_0/step_3.png' exists! Reading the file...
Model Thought/Action: {'action': 'continue', 'thought': 'No tool call found.'}
--- Step 5 ---
Path '/data/oss_bucket_0/qihang/gui_agent/images/ui_tars_zh_simulator/device1/instruction_10/sample_0/step_5.png' does not exist. Sleeping for 1 seconds...
Path '/data/oss_bucket_0/qihang/gui_agent/images/ui_tars_zh_simulator/device1/instruction_10/sample_0/step_5.png' does not exist. Sleeping for 1 seconds...
Path '/data/oss_bucket_0/qihang/gui_agent/images/ui_tars_zh_simulator/device1/instruction_10/sample_0/step_5.png' does not exist. Sleeping for 1 seconds...
Path '/data/oss_bucket_0/qihang/gui_agent/images/ui_tars_zh_simulator/device1/instruction_10/sample_0/step_5.png' does not exist. Sleeping for 1 seconds...
Path '/data/oss_bucket_0/qihang/gui_agent/images/ui_tars_zh_simulator/device1/instruction_10/sample_0/step_5.png' does not exist. Sleeping for 1 seconds...
Path '/data/oss_bucket_0/qihang/gui_agent/images/ui_tars_zh_simulator/device1/instruction_10/sample_0/step_5.png' does not exist. Sleeping for 1 seconds...
Path '/data/oss_bucket_0/qihang/gui_agent/images/ui_tars_zh_simulator/device1/instruction_10/sample_0/step_5.png' exists! Reading the file...
Path '/data/oss_bucket_0/qihang/gui_agent/images/ui_tars_zh_simulator/device1/instruction_10/sample_0/step_4.png' exists! Reading the file...
Model Thought/Action: {'action': 'continue', 'thought': 'No tool call found.'}
--- Step 6 ---
Path '/data/oss_bucket_0/qihang/gui_agent/images/ui_tars_zh_simulator/device1/instruction_10/sample_0/step_6.png' does not exist. Sleeping for 1 seconds...
Path '/data/oss_bucket_0/qihang/gui_agent/images/ui_tars_zh_simulator/device1/instruction_10/sample_0/step_6.png' does not exist. Sleeping for 1 seconds...
Path '/data/oss_bucket_0/qihang/gui_agent/images/ui_tars_zh_simulator/device1/instruction_10/sample_0/step_6.png' does not exist. Sleeping for 1 seconds...
Path '/data/oss_bucket_0/qihang/gui_agent/images/ui_tars_zh_simulator/device1/instruction_10/sample_0/step_6.png' does not exist. Sleeping for 1 seconds...
Path '/data/oss_bucket_0/qihang/gui_agent/images/ui_tars_zh_simulator/device1/instruction_10/sample_0/step_6.png' does not exist. Sleeping for 1 seconds...
Path '/data/oss_bucket_0/qihang/gui_agent/images/ui_tars_zh_simulator/device1/instruction_10/sample_0/step_6.png' does not exist. Sleeping for 1 seconds...
Path '/data/oss_bucket_0/qihang/gui_agent/images/ui_tars_zh_simulator/device1/instruction_10/sample_0/step_6.png' exists! Reading the file...
Path '/data/oss_bucket_0/qihang/gui_agent/images/ui_tars_zh_simulator/device1/instruction_10/sample_0/step_5.png' exists! Reading the file...
Model Thought/Action: {'action': 'continue', 'thought': 'No tool call found.'}
--- Step 7 ---
Path '/data/oss_bucket_0/qihang/gui_agent/images/ui_tars_zh_simulator/device1/instruction_10/sample_0/step_7.png' does not exist. Sleeping for 1 seconds...
Path '/data/oss_bucket_0/qihang/gui_agent/images/ui_tars_zh_simulator/device1/instruction_10/sample_0/step_7.png' does not exist. Sleeping for 1 seconds...
Path '/data/oss_bucket_0/qihang/gui_agent/images/ui_tars_zh_simulator/device1/instruction_10/sample_0/step_7.png' does not exist. Sleeping for 1 seconds...
Path '/data/oss_bucket_0/qihang/gui_agent/images/ui_tars_zh_simulator/device1/instruction_10/sample_0/step_7.png' does not exist. Sleeping for 1 seconds...
Path '/data/oss_bucket_0/qihang/gui_agent/images/ui_tars_zh_simulator/device1/instruction_10/sample_0/step_7.png' does not exist. Sleeping for 1 seconds...
Path '/data/oss_bucket_0/qihang/gui_agent/images/ui_tars_zh_simulator/device1/instruction_10/sample_0/step_7.png' does not exist. Sleeping for 1 seconds...
Path '/data/oss_bucket_0/qihang/gui_agent/images/ui_tars_zh_simulator/device1/instruction_10/sample_0/step_7.png' exists! Reading the file...
Path '/data/oss_bucket_0/qihang/gui_agent/images/ui_tars_zh_simulator/device1/instruction_10/sample_0/step_6.png' exists! Reading the file...
Model Thought/Action: {'action': 'continue', 'thought': 'No tool call found.'}
--- Step 8 ---
Path '/data/oss_bucket_0/qihang/gui_agent/images/ui_tars_zh_simulator/device1/instruction_10/sample_0/step_8.png' does not exist. Sleeping for 1 seconds...
Path '/data/oss_bucket_0/qihang/gui_agent/images/ui_tars_zh_simulator/device1/instruction_10/sample_0/step_8.png' does not exist. Sleeping for 1 seconds...
Path '/data/oss_bucket_0/qihang/gui_agent/images/ui_tars_zh_simulator/device1/instruction_10/sample_0/step_8.png' does not exist. Sleeping for 1 seconds...
Path '/data/oss_bucket_0/qihang/gui_agent/images/ui_tars_zh_simulator/device1/instruction_10/sample_0/step_8.png' does not exist. Sleeping for 1 seconds...
Path '/data/oss_bucket_0/qihang/gui_agent/images/ui_tars_zh_simulator/device1/instruction_10/sample_0/step_8.png' does not exist. Sleeping for 1 seconds...
Path '/data/oss_bucket_0/qihang/gui_agent/images/ui_tars_zh_simulator/device1/instruction_10/sample_0/step_8.png' does not exist. Sleeping for 1 seconds...
Path '/data/oss_bucket_0/qihang/gui_agent/images/ui_tars_zh_simulator/device1/instruction_10/sample_0/step_8.png' exists! Reading the file...
Path '/data/oss_bucket_0/qihang/gui_agent/images/ui_tars_zh_simulator/device1/instruction_10/sample_0/step_7.png' exists! Reading the file...
Model Thought/Action: {'action': 'continue', 'thought': 'No tool call found.'}
--- Step 9 ---
Path '/data/oss_bucket_0/qihang/gui_agent/images/ui_tars_zh_simulator/device1/instruction_10/sample_0/step_9.png' does not exist. Sleeping for 1 seconds...
Path '/data/oss_bucket_0/qihang/gui_agent/images/ui_tars_zh_simulator/device1/instruction_10/sample_0/step_9.png' does not exist. Sleeping for 1 seconds...
Path '/data/oss_bucket_0/qihang/gui_agent/images/ui_tars_zh_simulator/device1/instruction_10/sample_0/step_9.png' does not exist. Sleeping for 1 seconds...
Path '/data/oss_bucket_0/qihang/gui_agent/images/ui_tars_zh_simulator/device1/instruction_10/sample_0/step_9.png' does not exist. Sleeping for 1 seconds...
Path '/data/oss_bucket_0/qihang/gui_agent/images/ui_tars_zh_simulator/device1/instruction_10/sample_0/step_9.png' does not exist. Sleeping for 1 seconds...
Path '/data/oss_bucket_0/qihang/gui_agent/images/ui_tars_zh_simulator/device1/instruction_10/sample_0/step_9.png' does not exist. Sleeping for 1 seconds...
Path '/data/oss_bucket_0/qihang/gui_agent/images/ui_tars_zh_simulator/device1/instruction_10/sample_0/step_9.png' exists! Reading the file...
Path '/data/oss_bucket_0/qihang/gui_agent/images/ui_tars_zh_simulator/device1/instruction_10/sample_0/step_8.png' exists! Reading the file...
Model Thought/Action: {'action': 'continue', 'thought': 'No tool call found.'}
--- Step 10 ---
Path '/data/oss_bucket_0/qihang/gui_agent/images/ui_tars_zh_simulator/device1/instruction_10/sample_0/step_10.png' does not exist. Sleeping for 1 seconds...
Path '/data/oss_bucket_0/qihang/gui_agent/images/ui_tars_zh_simulator/device1/instruction_10/sample_0/step_10.png' does not exist. Sleeping for 1 seconds...
Path '/data/oss_bucket_0/qihang/gui_agent/images/ui_tars_zh_simulator/device1/instruction_10/sample_0/step_10.png' does not exist. Sleeping for 1 seconds...
Path '/data/oss_bucket_0/qihang/gui_agent/images/ui_tars_zh_simulator/device1/instruction_10/sample_0/step_10.png' does not exist. Sleeping for 1 seconds...
Path '/data/oss_bucket_0/qihang/gui_agent/images/ui_tars_zh_simulator/device1/instruction_10/sample_0/step_10.png' does not exist. Sleeping for 1 seconds...
Path '/data/oss_bucket_0/qihang/gui_agent/images/ui_tars_zh_simulator/device1/instruction_10/sample_0/step_10.png' does not exist. Sleeping for 1 seconds...
Path '/data/oss_bucket_0/qihang/gui_agent/images/ui_tars_zh_simulator/device1/instruction_10/sample_0/step_10.png' exists! Reading the file...
Path '/data/oss_bucket_0/qihang/gui_agent/images/ui_tars_zh_simulator/device1/instruction_10/sample_0/step_9.png' exists! Reading the file...
Model Thought/Action: {'action': 'continue', 'thought': 'No tool call found.'}
--- Step 11 ---
Path '/data/oss_bucket_0/qihang/gui_agent/images/ui_tars_zh_simulator/device1/instruction_10/sample_0/step_11.png' does not exist. Sleeping for 1 seconds...
Path '/data/oss_bucket_0/qihang/gui_agent/images/ui_tars_zh_simulator/device1/instruction_10/sample_0/step_11.png' does not exist. Sleeping for 1 seconds...
Path '/data/oss_bucket_0/qihang/gui_agent/images/ui_tars_zh_simulator/device1/instruction_10/sample_0/step_11.png' does not exist. Sleeping for 1 seconds...
Path '/data/oss_bucket_0/qihang/gui_agent/images/ui_tars_zh_simulator/device1/instruction_10/sample_0/step_11.png' does not exist. Sleeping for 1 seconds...
Path '/data/oss_bucket_0/qihang/gui_agent/images/ui_tars_zh_simulator/device1/instruction_10/sample_0/step_11.png' does not exist. Sleeping for 1 seconds...
Path '/data/oss_bucket_0/qihang/gui_agent/images/ui_tars_zh_simulator/device1/instruction_10/sample_0/step_11.png' does not exist. Sleeping for 1 seconds...
Path '/data/oss_bucket_0/qihang/gui_agent/images/ui_tars_zh_simulator/device1/instruction_10/sample_0/step_11.png' exists! Reading the file...
Path '/data/oss_bucket_0/qihang/gui_agent/images/ui_tars_zh_simulator/device1/instruction_10/sample_0/step_10.png' exists! Reading the file...
Model Thought/Action: {'action': 'continue', 'thought': 'No tool call found.'}
--- Step 12 ---
Path '/data/oss_bucket_0/qihang/gui_agent/images/ui_tars_zh_simulator/device1/instruction_10/sample_0/step_12.png' does not exist. Sleeping for 1 seconds...
Path '/data/oss_bucket_0/qihang/gui_agent/images/ui_tars_zh_simulator/device1/instruction_10/sample_0/step_12.png' does not exist. Sleeping for 1 seconds...
Path '/data/oss_bucket_0/qihang/gui_agent/images/ui_tars_zh_simulator/device1/instruction_10/sample_0/step_12.png' does not exist. Sleeping for 1 seconds...
Path '/data/oss_bucket_0/qihang/gui_agent/images/ui_tars_zh_simulator/device1/instruction_10/sample_0/step_12.png' does not exist. Sleeping for 1 seconds...
Path '/data/oss_bucket_0/qihang/gui_agent/images/ui_tars_zh_simulator/device1/instruction_10/sample_0/step_12.png' does not exist. Sleeping for 1 seconds...
Path '/data/oss_bucket_0/qihang/gui_agent/images/ui_tars_zh_simulator/device1/instruction_10/sample_0/step_12.png' does not exist. Sleeping for 1 seconds...
Path '/data/oss_bucket_0/qihang/gui_agent/images/ui_tars_zh_simulator/device1/instruction_10/sample_0/step_12.png' exists! Reading the file...
Path '/data/oss_bucket_0/qihang/gui_agent/images/ui_tars_zh_simulator/device1/instruction_10/sample_0/step_11.png' exists! Reading the file...
Model Thought/Action: {'action': 'continue', 'thought': 'No tool call found.'}
--- Step 13 ---
Path '/data/oss_bucket_0/qihang/gui_agent/images/ui_tars_zh_simulator/device1/instruction_10/sample_0/step_13.png' does not exist. Sleeping for 1 seconds...
Path '/data/oss_bucket_0/qihang/gui_agent/images/ui_tars_zh_simulator/device1/instruction_10/sample_0/step_13.png' does not exist. Sleeping for 1 seconds...
Path '/data/oss_bucket_0/qihang/gui_agent/images/ui_tars_zh_simulator/device1/instruction_10/sample_0/step_13.png' does not exist. Sleeping for 1 seconds...
Path '/data/oss_bucket_0/qihang/gui_agent/images/ui_tars_zh_simulator/device1/instruction_10/sample_0/step_13.png' does not exist. Sleeping for 1 seconds...
Path '/data/oss_bucket_0/qihang/gui_agent/images/ui_tars_zh_simulator/device1/instruction_10/sample_0/step_13.png' does not exist. Sleeping for 1 seconds...
Path '/data/oss_bucket_0/qihang/gui_agent/images/ui_tars_zh_simulator/device1/instruction_10/sample_0/step_13.png' does not exist. Sleeping for 1 seconds...
Path '/data/oss_bucket_0/qihang/gui_agent/images/ui_tars_zh_simulator/device1/instruction_10/sample_0/step_13.png' exists! Reading the file...
Path '/data/oss_bucket_0/qihang/gui_agent/images/ui_tars_zh_simulator/device1/instruction_10/sample_0/step_12.png' exists! Reading the file...
Model Thought/Action: {'action': 'continue', 'thought': 'No tool call found.'}
--- Step 14 ---
Path '/data/oss_bucket_0/qihang/gui_agent/images/ui_tars_zh_simulator/device1/instruction_10/sample_0/step_14.png' does not exist. Sleeping for 1 seconds...
Path '/data/oss_bucket_0/qihang/gui_agent/images/ui_tars_zh_simulator/device1/instruction_10/sample_0/step_14.png' does not exist. Sleeping for 1 seconds...
Path '/data/oss_bucket_0/qihang/gui_agent/images/ui_tars_zh_simulator/device1/instruction_10/sample_0/step_14.png' does not exist. Sleeping for 1 seconds...
Path '/data/oss_bucket_0/qihang/gui_agent/images/ui_tars_zh_simulator/device1/instruction_10/sample_0/step_14.png' does not exist. Sleeping for 1 seconds...
Path '/data/oss_bucket_0/qihang/gui_agent/images/ui_tars_zh_simulator/device1/instruction_10/sample_0/step_14.png' does not exist. Sleeping for 1 seconds...
Path '/data/oss_bucket_0/qihang/gui_agent/images/ui_tars_zh_simulator/device1/instruction_10/sample_0/step_14.png' does not exist. Sleeping for 1 seconds...
Path '/data/oss_bucket_0/qihang/gui_agent/images/ui_tars_zh_simulator/device1/instruction_10/sample_0/step_14.png' exists! Reading the file...
Path '/data/oss_bucket_0/qihang/gui_agent/images/ui_tars_zh_simulator/device1/instruction_10/sample_0/step_13.png' exists! Reading the file...
Model Thought/Action: {'action': 'continue', 'thought': 'No tool call found.'}
--- Judging with GPT-4o ---
GPT-4o Evaluation Response: {'reason': 'The agent repeatedly attempted to open the WPS Office application but failed to make any progress beyond this initial step. The sequence is stuck in a loop, with no meaningful actions taken towards completing the task of creating and saving a document. There is no evidence of any user interaction being sought or any error handling. The task was not completed, and the agent did not progress beyond the first step.', 'reward': 0, 'status': 'failure', 'inquiry': 'failure'}
Evaluating Instructions:  24%|██▍       | 10/41 [28:51<1:25:37, 165.72s/it]
===== Evaluating Instruction 11/41 =====
Instruction: 播放b站的每周必看的TOP1。
--- Step 0 ---
Path '/data/oss_bucket_0/qihang/gui_agent/images/ui_tars_zh_simulator/device1/instruction_11/sample_0/step_0.png' exists! Reading the file...
Model Thought/Action: {'action': 'continue', 'thought': 'No tool call found.'}
--- Step 1 ---
Path '/data/oss_bucket_0/qihang/gui_agent/images/ui_tars_zh_simulator/device1/instruction_11/sample_0/step_1.png' does not exist. Sleeping for 1 seconds...
Path '/data/oss_bucket_0/qihang/gui_agent/images/ui_tars_zh_simulator/device1/instruction_11/sample_0/step_1.png' does not exist. Sleeping for 1 seconds...
Path '/data/oss_bucket_0/qihang/gui_agent/images/ui_tars_zh_simulator/device1/instruction_11/sample_0/step_1.png' does not exist. Sleeping for 1 seconds...
Path '/data/oss_bucket_0/qihang/gui_agent/images/ui_tars_zh_simulator/device1/instruction_11/sample_0/step_1.png' does not exist. Sleeping for 1 seconds...
Path '/data/oss_bucket_0/qihang/gui_agent/images/ui_tars_zh_simulator/device1/instruction_11/sample_0/step_1.png' does not exist. Sleeping for 1 seconds...
Path '/data/oss_bucket_0/qihang/gui_agent/images/ui_tars_zh_simulator/device1/instruction_11/sample_0/step_1.png' does not exist. Sleeping for 1 seconds...
Path '/data/oss_bucket_0/qihang/gui_agent/images/ui_tars_zh_simulator/device1/instruction_11/sample_0/step_1.png' does not exist. Sleeping for 1 seconds...
Path '/data/oss_bucket_0/qihang/gui_agent/images/ui_tars_zh_simulator/device1/instruction_11/sample_0/step_1.png' does not exist. Sleeping for 1 seconds...
Path '/data/oss_bucket_0/qihang/gui_agent/images/ui_tars_zh_simulator/device1/instruction_11/sample_0/step_1.png' does not exist. Sleeping for 1 seconds...
Path '/data/oss_bucket_0/qihang/gui_agent/images/ui_tars_zh_simulator/device1/instruction_11/sample_0/step_1.png' does not exist. Sleeping for 1 seconds...
Path '/data/oss_bucket_0/qihang/gui_agent/images/ui_tars_zh_simulator/device1/instruction_11/sample_0/step_1.png' does not exist. Sleeping for 1 seconds...
Path '/data/oss_bucket_0/qihang/gui_agent/images/ui_tars_zh_simulator/device1/instruction_11/sample_0/step_1.png' does not exist. Sleeping for 1 seconds...
Path '/data/oss_bucket_0/qihang/gui_agent/images/ui_tars_zh_simulator/device1/instruction_11/sample_0/step_1.png' does not exist. Sleeping for 1 seconds...
Path '/data/oss_bucket_0/qihang/gui_agent/images/ui_tars_zh_simulator/device1/instruction_11/sample_0/step_1.png' does not exist. Sleeping for 1 seconds...
Path '/data/oss_bucket_0/qihang/gui_agent/images/ui_tars_zh_simulator/device1/instruction_11/sample_0/step_1.png' does not exist. Sleeping for 1 seconds...
Path '/data/oss_bucket_0/qihang/gui_agent/images/ui_tars_zh_simulator/device1/instruction_11/sample_0/step_1.png' does not exist. Sleeping for 1 seconds...
Path '/data/oss_bucket_0/qihang/gui_agent/images/ui_tars_zh_simulator/device1/instruction_11/sample_0/step_1.png' does not exist. Sleeping for 1 seconds...
Path '/data/oss_bucket_0/qihang/gui_agent/images/ui_tars_zh_simulator/device1/instruction_11/sample_0/step_1.png' does not exist. Sleeping for 1 seconds...
Path '/data/oss_bucket_0/qihang/gui_agent/images/ui_tars_zh_simulator/device1/instruction_11/sample_0/step_1.png' exists! Reading the file...
Path '/data/oss_bucket_0/qihang/gui_agent/images/ui_tars_zh_simulator/device1/instruction_11/sample_0/step_0.png' exists! Reading the file...
Model Thought/Action: {'action': 'continue', 'thought': 'No tool call found.'}
--- Step 2 ---
Path '/data/oss_bucket_0/qihang/gui_agent/images/ui_tars_zh_simulator/device1/instruction_11/sample_0/step_2.png' does not exist. Sleeping for 1 seconds...
Path '/data/oss_bucket_0/qihang/gui_agent/images/ui_tars_zh_simulator/device1/instruction_11/sample_0/step_2.png' does not exist. Sleeping for 1 seconds...
Path '/data/oss_bucket_0/qihang/gui_agent/images/ui_tars_zh_simulator/device1/instruction_11/sample_0/step_2.png' does not exist. Sleeping for 1 seconds...
Path '/data/oss_bucket_0/qihang/gui_agent/images/ui_tars_zh_simulator/device1/instruction_11/sample_0/step_2.png' does not exist. Sleeping for 1 seconds...
Path '/data/oss_bucket_0/qihang/gui_agent/images/ui_tars_zh_simulator/device1/instruction_11/sample_0/step_2.png' does not exist. Sleeping for 1 seconds...
Path '/data/oss_bucket_0/qihang/gui_agent/images/ui_tars_zh_simulator/device1/instruction_11/sample_0/step_2.png' does not exist. Sleeping for 1 seconds...
Path '/data/oss_bucket_0/qihang/gui_agent/images/ui_tars_zh_simulator/device1/instruction_11/sample_0/step_2.png' exists! Reading the file...
Path '/data/oss_bucket_0/qihang/gui_agent/images/ui_tars_zh_simulator/device1/instruction_11/sample_0/step_1.png' exists! Reading the file...
Model Thought/Action: {'action': 'continue', 'thought': 'No tool call found.'}
--- Step 3 ---
Path '/data/oss_bucket_0/qihang/gui_agent/images/ui_tars_zh_simulator/device1/instruction_11/sample_0/step_3.png' does not exist. Sleeping for 1 seconds...
Path '/data/oss_bucket_0/qihang/gui_agent/images/ui_tars_zh_simulator/device1/instruction_11/sample_0/step_3.png' does not exist. Sleeping for 1 seconds...
Path '/data/oss_bucket_0/qihang/gui_agent/images/ui_tars_zh_simulator/device1/instruction_11/sample_0/step_3.png' does not exist. Sleeping for 1 seconds...
Path '/data/oss_bucket_0/qihang/gui_agent/images/ui_tars_zh_simulator/device1/instruction_11/sample_0/step_3.png' does not exist. Sleeping for 1 seconds...
Path '/data/oss_bucket_0/qihang/gui_agent/images/ui_tars_zh_simulator/device1/instruction_11/sample_0/step_3.png' does not exist. Sleeping for 1 seconds...
Path '/data/oss_bucket_0/qihang/gui_agent/images/ui_tars_zh_simulator/device1/instruction_11/sample_0/step_3.png' does not exist. Sleeping for 1 seconds...
Path '/data/oss_bucket_0/qihang/gui_agent/images/ui_tars_zh_simulator/device1/instruction_11/sample_0/step_3.png' exists! Reading the file...
Path '/data/oss_bucket_0/qihang/gui_agent/images/ui_tars_zh_simulator/device1/instruction_11/sample_0/step_2.png' exists! Reading the file...
Model Thought/Action: {'action': 'continue', 'thought': 'No tool call found.'}
--- Step 4 ---
Path '/data/oss_bucket_0/qihang/gui_agent/images/ui_tars_zh_simulator/device1/instruction_11/sample_0/step_4.png' does not exist. Sleeping for 1 seconds...
Path '/data/oss_bucket_0/qihang/gui_agent/images/ui_tars_zh_simulator/device1/instruction_11/sample_0/step_4.png' does not exist. Sleeping for 1 seconds...
Path '/data/oss_bucket_0/qihang/gui_agent/images/ui_tars_zh_simulator/device1/instruction_11/sample_0/step_4.png' does not exist. Sleeping for 1 seconds...
Path '/data/oss_bucket_0/qihang/gui_agent/images/ui_tars_zh_simulator/device1/instruction_11/sample_0/step_4.png' does not exist. Sleeping for 1 seconds...
Path '/data/oss_bucket_0/qihang/gui_agent/images/ui_tars_zh_simulator/device1/instruction_11/sample_0/step_4.png' does not exist. Sleeping for 1 seconds...
Path '/data/oss_bucket_0/qihang/gui_agent/images/ui_tars_zh_simulator/device1/instruction_11/sample_0/step_4.png' does not exist. Sleeping for 1 seconds...
Path '/data/oss_bucket_0/qihang/gui_agent/images/ui_tars_zh_simulator/device1/instruction_11/sample_0/step_4.png' exists! Reading the file...
Path '/data/oss_bucket_0/qihang/gui_agent/images/ui_tars_zh_simulator/device1/instruction_11/sample_0/step_3.png' exists! Reading the file...
Model Thought/Action: {'action': 'continue', 'thought': 'No tool call found.'}
--- Step 5 ---
Path '/data/oss_bucket_0/qihang/gui_agent/images/ui_tars_zh_simulator/device1/instruction_11/sample_0/step_5.png' does not exist. Sleeping for 1 seconds...
Path '/data/oss_bucket_0/qihang/gui_agent/images/ui_tars_zh_simulator/device1/instruction_11/sample_0/step_5.png' does not exist. Sleeping for 1 seconds...
Path '/data/oss_bucket_0/qihang/gui_agent/images/ui_tars_zh_simulator/device1/instruction_11/sample_0/step_5.png' does not exist. Sleeping for 1 seconds...
Path '/data/oss_bucket_0/qihang/gui_agent/images/ui_tars_zh_simulator/device1/instruction_11/sample_0/step_5.png' does not exist. Sleeping for 1 seconds...
Path '/data/oss_bucket_0/qihang/gui_agent/images/ui_tars_zh_simulator/device1/instruction_11/sample_0/step_5.png' does not exist. Sleeping for 1 seconds...
Path '/data/oss_bucket_0/qihang/gui_agent/images/ui_tars_zh_simulator/device1/instruction_11/sample_0/step_5.png' does not exist. Sleeping for 1 seconds...
Path '/data/oss_bucket_0/qihang/gui_agent/images/ui_tars_zh_simulator/device1/instruction_11/sample_0/step_5.png' exists! Reading the file...
Path '/data/oss_bucket_0/qihang/gui_agent/images/ui_tars_zh_simulator/device1/instruction_11/sample_0/step_4.png' exists! Reading the file...
Model Thought/Action: {'action': 'continue', 'thought': 'No tool call found.'}
--- Step 6 ---
Path '/data/oss_bucket_0/qihang/gui_agent/images/ui_tars_zh_simulator/device1/instruction_11/sample_0/step_6.png' does not exist. Sleeping for 1 seconds...
Path '/data/oss_bucket_0/qihang/gui_agent/images/ui_tars_zh_simulator/device1/instruction_11/sample_0/step_6.png' does not exist. Sleeping for 1 seconds...
Path '/data/oss_bucket_0/qihang/gui_agent/images/ui_tars_zh_simulator/device1/instruction_11/sample_0/step_6.png' does not exist. Sleeping for 1 seconds...
Path '/data/oss_bucket_0/qihang/gui_agent/images/ui_tars_zh_simulator/device1/instruction_11/sample_0/step_6.png' does not exist. Sleeping for 1 seconds...
Path '/data/oss_bucket_0/qihang/gui_agent/images/ui_tars_zh_simulator/device1/instruction_11/sample_0/step_6.png' does not exist. Sleeping for 1 seconds...
Path '/data/oss_bucket_0/qihang/gui_agent/images/ui_tars_zh_simulator/device1/instruction_11/sample_0/step_6.png' does not exist. Sleeping for 1 seconds...
Path '/data/oss_bucket_0/qihang/gui_agent/images/ui_tars_zh_simulator/device1/instruction_11/sample_0/step_6.png' exists! Reading the file...
Path '/data/oss_bucket_0/qihang/gui_agent/images/ui_tars_zh_simulator/device1/instruction_11/sample_0/step_5.png' exists! Reading the file...
Model Thought/Action: {'action': 'continue', 'thought': 'No tool call found.'}
--- Step 7 ---
Path '/data/oss_bucket_0/qihang/gui_agent/images/ui_tars_zh_simulator/device1/instruction_11/sample_0/step_7.png' does not exist. Sleeping for 1 seconds...
Path '/data/oss_bucket_0/qihang/gui_agent/images/ui_tars_zh_simulator/device1/instruction_11/sample_0/step_7.png' does not exist. Sleeping for 1 seconds...
Path '/data/oss_bucket_0/qihang/gui_agent/images/ui_tars_zh_simulator/device1/instruction_11/sample_0/step_7.png' does not exist. Sleeping for 1 seconds...
Path '/data/oss_bucket_0/qihang/gui_agent/images/ui_tars_zh_simulator/device1/instruction_11/sample_0/step_7.png' does not exist. Sleeping for 1 seconds...
Path '/data/oss_bucket_0/qihang/gui_agent/images/ui_tars_zh_simulator/device1/instruction_11/sample_0/step_7.png' does not exist. Sleeping for 1 seconds...
Path '/data/oss_bucket_0/qihang/gui_agent/images/ui_tars_zh_simulator/device1/instruction_11/sample_0/step_7.png' does not exist. Sleeping for 1 seconds...
Path '/data/oss_bucket_0/qihang/gui_agent/images/ui_tars_zh_simulator/device1/instruction_11/sample_0/step_7.png' exists! Reading the file...
Path '/data/oss_bucket_0/qihang/gui_agent/images/ui_tars_zh_simulator/device1/instruction_11/sample_0/step_6.png' exists! Reading the file...
Model Thought/Action: {'action': 'continue', 'thought': 'No tool call found.'}
--- Step 8 ---
Path '/data/oss_bucket_0/qihang/gui_agent/images/ui_tars_zh_simulator/device1/instruction_11/sample_0/step_8.png' does not exist. Sleeping for 1 seconds...
Path '/data/oss_bucket_0/qihang/gui_agent/images/ui_tars_zh_simulator/device1/instruction_11/sample_0/step_8.png' does not exist. Sleeping for 1 seconds...
Path '/data/oss_bucket_0/qihang/gui_agent/images/ui_tars_zh_simulator/device1/instruction_11/sample_0/step_8.png' does not exist. Sleeping for 1 seconds...
Path '/data/oss_bucket_0/qihang/gui_agent/images/ui_tars_zh_simulator/device1/instruction_11/sample_0/step_8.png' does not exist. Sleeping for 1 seconds...
Path '/data/oss_bucket_0/qihang/gui_agent/images/ui_tars_zh_simulator/device1/instruction_11/sample_0/step_8.png' does not exist. Sleeping for 1 seconds...
Path '/data/oss_bucket_0/qihang/gui_agent/images/ui_tars_zh_simulator/device1/instruction_11/sample_0/step_8.png' does not exist. Sleeping for 1 seconds...
Path '/data/oss_bucket_0/qihang/gui_agent/images/ui_tars_zh_simulator/device1/instruction_11/sample_0/step_8.png' exists! Reading the file...
Path '/data/oss_bucket_0/qihang/gui_agent/images/ui_tars_zh_simulator/device1/instruction_11/sample_0/step_7.png' exists! Reading the file...
Model Thought/Action: {'action': 'continue', 'thought': 'No tool call found.'}
--- Step 9 ---
Path '/data/oss_bucket_0/qihang/gui_agent/images/ui_tars_zh_simulator/device1/instruction_11/sample_0/step_9.png' does not exist. Sleeping for 1 seconds...
Path '/data/oss_bucket_0/qihang/gui_agent/images/ui_tars_zh_simulator/device1/instruction_11/sample_0/step_9.png' does not exist. Sleeping for 1 seconds...
Path '/data/oss_bucket_0/qihang/gui_agent/images/ui_tars_zh_simulator/device1/instruction_11/sample_0/step_9.png' does not exist. Sleeping for 1 seconds...
Path '/data/oss_bucket_0/qihang/gui_agent/images/ui_tars_zh_simulator/device1/instruction_11/sample_0/step_9.png' does not exist. Sleeping for 1 seconds...
Path '/data/oss_bucket_0/qihang/gui_agent/images/ui_tars_zh_simulator/device1/instruction_11/sample_0/step_9.png' does not exist. Sleeping for 1 seconds...
Path '/data/oss_bucket_0/qihang/gui_agent/images/ui_tars_zh_simulator/device1/instruction_11/sample_0/step_9.png' does not exist. Sleeping for 1 seconds...
Path '/data/oss_bucket_0/qihang/gui_agent/images/ui_tars_zh_simulator/device1/instruction_11/sample_0/step_9.png' exists! Reading the file...
Path '/data/oss_bucket_0/qihang/gui_agent/images/ui_tars_zh_simulator/device1/instruction_11/sample_0/step_8.png' exists! Reading the file...
Model Thought/Action: {'action': 'continue', 'thought': 'No tool call found.'}
--- Step 10 ---
Path '/data/oss_bucket_0/qihang/gui_agent/images/ui_tars_zh_simulator/device1/instruction_11/sample_0/step_10.png' does not exist. Sleeping for 1 seconds...
Path '/data/oss_bucket_0/qihang/gui_agent/images/ui_tars_zh_simulator/device1/instruction_11/sample_0/step_10.png' does not exist. Sleeping for 1 seconds...
Path '/data/oss_bucket_0/qihang/gui_agent/images/ui_tars_zh_simulator/device1/instruction_11/sample_0/step_10.png' does not exist. Sleeping for 1 seconds...
Path '/data/oss_bucket_0/qihang/gui_agent/images/ui_tars_zh_simulator/device1/instruction_11/sample_0/step_10.png' does not exist. Sleeping for 1 seconds...
Path '/data/oss_bucket_0/qihang/gui_agent/images/ui_tars_zh_simulator/device1/instruction_11/sample_0/step_10.png' does not exist. Sleeping for 1 seconds...
Path '/data/oss_bucket_0/qihang/gui_agent/images/ui_tars_zh_simulator/device1/instruction_11/sample_0/step_10.png' does not exist. Sleeping for 1 seconds...
Path '/data/oss_bucket_0/qihang/gui_agent/images/ui_tars_zh_simulator/device1/instruction_11/sample_0/step_10.png' exists! Reading the file...
Path '/data/oss_bucket_0/qihang/gui_agent/images/ui_tars_zh_simulator/device1/instruction_11/sample_0/step_9.png' exists! Reading the file...
Model Thought/Action: {'action': 'continue', 'thought': 'No tool call found.'}
--- Step 11 ---
Path '/data/oss_bucket_0/qihang/gui_agent/images/ui_tars_zh_simulator/device1/instruction_11/sample_0/step_11.png' does not exist. Sleeping for 1 seconds...
Path '/data/oss_bucket_0/qihang/gui_agent/images/ui_tars_zh_simulator/device1/instruction_11/sample_0/step_11.png' does not exist. Sleeping for 1 seconds...
Path '/data/oss_bucket_0/qihang/gui_agent/images/ui_tars_zh_simulator/device1/instruction_11/sample_0/step_11.png' does not exist. Sleeping for 1 seconds...
Path '/data/oss_bucket_0/qihang/gui_agent/images/ui_tars_zh_simulator/device1/instruction_11/sample_0/step_11.png' does not exist. Sleeping for 1 seconds...
Path '/data/oss_bucket_0/qihang/gui_agent/images/ui_tars_zh_simulator/device1/instruction_11/sample_0/step_11.png' does not exist. Sleeping for 1 seconds...
Path '/data/oss_bucket_0/qihang/gui_agent/images/ui_tars_zh_simulator/device1/instruction_11/sample_0/step_11.png' does not exist. Sleeping for 1 seconds...
Path '/data/oss_bucket_0/qihang/gui_agent/images/ui_tars_zh_simulator/device1/instruction_11/sample_0/step_11.png' exists! Reading the file...
Path '/data/oss_bucket_0/qihang/gui_agent/images/ui_tars_zh_simulator/device1/instruction_11/sample_0/step_10.png' exists! Reading the file...
Model Thought/Action: {'action': 'continue', 'thought': 'No tool call found.'}
--- Step 12 ---
Path '/data/oss_bucket_0/qihang/gui_agent/images/ui_tars_zh_simulator/device1/instruction_11/sample_0/step_12.png' does not exist. Sleeping for 1 seconds...
Path '/data/oss_bucket_0/qihang/gui_agent/images/ui_tars_zh_simulator/device1/instruction_11/sample_0/step_12.png' does not exist. Sleeping for 1 seconds...
Path '/data/oss_bucket_0/qihang/gui_agent/images/ui_tars_zh_simulator/device1/instruction_11/sample_0/step_12.png' does not exist. Sleeping for 1 seconds...
Path '/data/oss_bucket_0/qihang/gui_agent/images/ui_tars_zh_simulator/device1/instruction_11/sample_0/step_12.png' does not exist. Sleeping for 1 seconds...
Path '/data/oss_bucket_0/qihang/gui_agent/images/ui_tars_zh_simulator/device1/instruction_11/sample_0/step_12.png' does not exist. Sleeping for 1 seconds...
Path '/data/oss_bucket_0/qihang/gui_agent/images/ui_tars_zh_simulator/device1/instruction_11/sample_0/step_12.png' does not exist. Sleeping for 1 seconds...
Path '/data/oss_bucket_0/qihang/gui_agent/images/ui_tars_zh_simulator/device1/instruction_11/sample_0/step_12.png' exists! Reading the file...
Path '/data/oss_bucket_0/qihang/gui_agent/images/ui_tars_zh_simulator/device1/instruction_11/sample_0/step_11.png' exists! Reading the file...
Model Thought/Action: {'action': 'continue', 'thought': 'No tool call found.'}
--- Step 13 ---
Path '/data/oss_bucket_0/qihang/gui_agent/images/ui_tars_zh_simulator/device1/instruction_11/sample_0/step_13.png' does not exist. Sleeping for 1 seconds...
Path '/data/oss_bucket_0/qihang/gui_agent/images/ui_tars_zh_simulator/device1/instruction_11/sample_0/step_13.png' does not exist. Sleeping for 1 seconds...
Path '/data/oss_bucket_0/qihang/gui_agent/images/ui_tars_zh_simulator/device1/instruction_11/sample_0/step_13.png' does not exist. Sleeping for 1 seconds...
Path '/data/oss_bucket_0/qihang/gui_agent/images/ui_tars_zh_simulator/device1/instruction_11/sample_0/step_13.png' does not exist. Sleeping for 1 seconds...
Path '/data/oss_bucket_0/qihang/gui_agent/images/ui_tars_zh_simulator/device1/instruction_11/sample_0/step_13.png' does not exist. Sleeping for 1 seconds...
Path '/data/oss_bucket_0/qihang/gui_agent/images/ui_tars_zh_simulator/device1/instruction_11/sample_0/step_13.png' does not exist. Sleeping for 1 seconds...
Path '/data/oss_bucket_0/qihang/gui_agent/images/ui_tars_zh_simulator/device1/instruction_11/sample_0/step_13.png' exists! Reading the file...
Path '/data/oss_bucket_0/qihang/gui_agent/images/ui_tars_zh_simulator/device1/instruction_11/sample_0/step_12.png' exists! Reading the file...
Model Thought/Action: {'action': 'continue', 'thought': 'No tool call found.'}
--- Step 14 ---
Path '/data/oss_bucket_0/qihang/gui_agent/images/ui_tars_zh_simulator/device1/instruction_11/sample_0/step_14.png' does not exist. Sleeping for 1 seconds...
Path '/data/oss_bucket_0/qihang/gui_agent/images/ui_tars_zh_simulator/device1/instruction_11/sample_0/step_14.png' does not exist. Sleeping for 1 seconds...
Path '/data/oss_bucket_0/qihang/gui_agent/images/ui_tars_zh_simulator/device1/instruction_11/sample_0/step_14.png' does not exist. Sleeping for 1 seconds...
Path '/data/oss_bucket_0/qihang/gui_agent/images/ui_tars_zh_simulator/device1/instruction_11/sample_0/step_14.png' does not exist. Sleeping for 1 seconds...
Path '/data/oss_bucket_0/qihang/gui_agent/images/ui_tars_zh_simulator/device1/instruction_11/sample_0/step_14.png' does not exist. Sleeping for 1 seconds...
Path '/data/oss_bucket_0/qihang/gui_agent/images/ui_tars_zh_simulator/device1/instruction_11/sample_0/step_14.png' does not exist. Sleeping for 1 seconds...
Path '/data/oss_bucket_0/qihang/gui_agent/images/ui_tars_zh_simulator/device1/instruction_11/sample_0/step_14.png' exists! Reading the file...
Path '/data/oss_bucket_0/qihang/gui_agent/images/ui_tars_zh_simulator/device1/instruction_11/sample_0/step_13.png' exists! Reading the file...
Model Thought/Action: {'action': 'continue', 'thought': 'No tool call found.'}
--- Judging with GPT-4o ---
GPT-4o Evaluation Response: {'reason': 'The agent repeatedly attempted to click the home button without making any progress towards the task of opening the Bilibili app and playing the weekly top video. The actions were redundant and did not contribute to achieving the task. There was no attempt to seek user interaction or to address the absence of the Bilibili app on the home screen.', 'reward': 0, 'status': 'failure', 'inquiry': 'failure'}
Evaluating Instructions:  27%|██▋       | 11/41 [33:10<1:37:10, 194.35s/it]
===== Evaluating Instruction 12/41 =====
Instruction: 在b站搜索'搞笑视频合集'并播放播放量最高的视频。
--- Step 0 ---
Path '/data/oss_bucket_0/qihang/gui_agent/images/ui_tars_zh_simulator/device1/instruction_12/sample_0/step_0.png' exists! Reading the file...
Model Thought/Action: {'action': 'continue', 'thought': 'No tool call found.'}
--- Step 1 ---
Path '/data/oss_bucket_0/qihang/gui_agent/images/ui_tars_zh_simulator/device1/instruction_12/sample_0/step_1.png' does not exist. Sleeping for 1 seconds...
Path '/data/oss_bucket_0/qihang/gui_agent/images/ui_tars_zh_simulator/device1/instruction_12/sample_0/step_1.png' does not exist. Sleeping for 1 seconds...
Path '/data/oss_bucket_0/qihang/gui_agent/images/ui_tars_zh_simulator/device1/instruction_12/sample_0/step_1.png' does not exist. Sleeping for 1 seconds...
Path '/data/oss_bucket_0/qihang/gui_agent/images/ui_tars_zh_simulator/device1/instruction_12/sample_0/step_1.png' does not exist. Sleeping for 1 seconds...
Path '/data/oss_bucket_0/qihang/gui_agent/images/ui_tars_zh_simulator/device1/instruction_12/sample_0/step_1.png' does not exist. Sleeping for 1 seconds...
Path '/data/oss_bucket_0/qihang/gui_agent/images/ui_tars_zh_simulator/device1/instruction_12/sample_0/step_1.png' does not exist. Sleeping for 1 seconds...
Path '/data/oss_bucket_0/qihang/gui_agent/images/ui_tars_zh_simulator/device1/instruction_12/sample_0/step_1.png' does not exist. Sleeping for 1 seconds...
Path '/data/oss_bucket_0/qihang/gui_agent/images/ui_tars_zh_simulator/device1/instruction_12/sample_0/step_1.png' does not exist. Sleeping for 1 seconds...
Path '/data/oss_bucket_0/qihang/gui_agent/images/ui_tars_zh_simulator/device1/instruction_12/sample_0/step_1.png' does not exist. Sleeping for 1 seconds...
Path '/data/oss_bucket_0/qihang/gui_agent/images/ui_tars_zh_simulator/device1/instruction_12/sample_0/step_1.png' does not exist. Sleeping for 1 seconds...
Path '/data/oss_bucket_0/qihang/gui_agent/images/ui_tars_zh_simulator/device1/instruction_12/sample_0/step_1.png' does not exist. Sleeping for 1 seconds...
Path '/data/oss_bucket_0/qihang/gui_agent/images/ui_tars_zh_simulator/device1/instruction_12/sample_0/step_1.png' does not exist. Sleeping for 1 seconds...
Path '/data/oss_bucket_0/qihang/gui_agent/images/ui_tars_zh_simulator/device1/instruction_12/sample_0/step_1.png' does not exist. Sleeping for 1 seconds...
Path '/data/oss_bucket_0/qihang/gui_agent/images/ui_tars_zh_simulator/device1/instruction_12/sample_0/step_1.png' does not exist. Sleeping for 1 seconds...
Path '/data/oss_bucket_0/qihang/gui_agent/images/ui_tars_zh_simulator/device1/instruction_12/sample_0/step_1.png' does not exist. Sleeping for 1 seconds...
Path '/data/oss_bucket_0/qihang/gui_agent/images/ui_tars_zh_simulator/device1/instruction_12/sample_0/step_1.png' does not exist. Sleeping for 1 seconds...
Path '/data/oss_bucket_0/qihang/gui_agent/images/ui_tars_zh_simulator/device1/instruction_12/sample_0/step_1.png' does not exist. Sleeping for 1 seconds...
Path '/data/oss_bucket_0/qihang/gui_agent/images/ui_tars_zh_simulator/device1/instruction_12/sample_0/step_1.png' does not exist. Sleeping for 1 seconds...
Path '/data/oss_bucket_0/qihang/gui_agent/images/ui_tars_zh_simulator/device1/instruction_12/sample_0/step_1.png' exists! Reading the file...
Path '/data/oss_bucket_0/qihang/gui_agent/images/ui_tars_zh_simulator/device1/instruction_12/sample_0/step_0.png' exists! Reading the file...
Model Thought/Action: {'action': 'continue', 'thought': 'No tool call found.'}
--- Step 2 ---
Path '/data/oss_bucket_0/qihang/gui_agent/images/ui_tars_zh_simulator/device1/instruction_12/sample_0/step_2.png' does not exist. Sleeping for 1 seconds...
Path '/data/oss_bucket_0/qihang/gui_agent/images/ui_tars_zh_simulator/device1/instruction_12/sample_0/step_2.png' does not exist. Sleeping for 1 seconds...
Path '/data/oss_bucket_0/qihang/gui_agent/images/ui_tars_zh_simulator/device1/instruction_12/sample_0/step_2.png' does not exist. Sleeping for 1 seconds...
Path '/data/oss_bucket_0/qihang/gui_agent/images/ui_tars_zh_simulator/device1/instruction_12/sample_0/step_2.png' does not exist. Sleeping for 1 seconds...
Path '/data/oss_bucket_0/qihang/gui_agent/images/ui_tars_zh_simulator/device1/instruction_12/sample_0/step_2.png' does not exist. Sleeping for 1 seconds...
Path '/data/oss_bucket_0/qihang/gui_agent/images/ui_tars_zh_simulator/device1/instruction_12/sample_0/step_2.png' does not exist. Sleeping for 1 seconds...
Path '/data/oss_bucket_0/qihang/gui_agent/images/ui_tars_zh_simulator/device1/instruction_12/sample_0/step_2.png' exists! Reading the file...
Path '/data/oss_bucket_0/qihang/gui_agent/images/ui_tars_zh_simulator/device1/instruction_12/sample_0/step_1.png' exists! Reading the file...
Model Thought/Action: {'action': 'continue', 'thought': 'No tool call found.'}
--- Step 3 ---
Path '/data/oss_bucket_0/qihang/gui_agent/images/ui_tars_zh_simulator/device1/instruction_12/sample_0/step_3.png' does not exist. Sleeping for 1 seconds...
Path '/data/oss_bucket_0/qihang/gui_agent/images/ui_tars_zh_simulator/device1/instruction_12/sample_0/step_3.png' does not exist. Sleeping for 1 seconds...
Path '/data/oss_bucket_0/qihang/gui_agent/images/ui_tars_zh_simulator/device1/instruction_12/sample_0/step_3.png' does not exist. Sleeping for 1 seconds...
Path '/data/oss_bucket_0/qihang/gui_agent/images/ui_tars_zh_simulator/device1/instruction_12/sample_0/step_3.png' does not exist. Sleeping for 1 seconds...
Path '/data/oss_bucket_0/qihang/gui_agent/images/ui_tars_zh_simulator/device1/instruction_12/sample_0/step_3.png' does not exist. Sleeping for 1 seconds...
Path '/data/oss_bucket_0/qihang/gui_agent/images/ui_tars_zh_simulator/device1/instruction_12/sample_0/step_3.png' does not exist. Sleeping for 1 seconds...
Path '/data/oss_bucket_0/qihang/gui_agent/images/ui_tars_zh_simulator/device1/instruction_12/sample_0/step_3.png' exists! Reading the file...
Path '/data/oss_bucket_0/qihang/gui_agent/images/ui_tars_zh_simulator/device1/instruction_12/sample_0/step_2.png' exists! Reading the file...
Model Thought/Action: {'action': 'continue', 'thought': 'No tool call found.'}
--- Step 4 ---
Path '/data/oss_bucket_0/qihang/gui_agent/images/ui_tars_zh_simulator/device1/instruction_12/sample_0/step_4.png' does not exist. Sleeping for 1 seconds...
Path '/data/oss_bucket_0/qihang/gui_agent/images/ui_tars_zh_simulator/device1/instruction_12/sample_0/step_4.png' does not exist. Sleeping for 1 seconds...
Path '/data/oss_bucket_0/qihang/gui_agent/images/ui_tars_zh_simulator/device1/instruction_12/sample_0/step_4.png' does not exist. Sleeping for 1 seconds...
Path '/data/oss_bucket_0/qihang/gui_agent/images/ui_tars_zh_simulator/device1/instruction_12/sample_0/step_4.png' does not exist. Sleeping for 1 seconds...
Path '/data/oss_bucket_0/qihang/gui_agent/images/ui_tars_zh_simulator/device1/instruction_12/sample_0/step_4.png' does not exist. Sleeping for 1 seconds...
Path '/data/oss_bucket_0/qihang/gui_agent/images/ui_tars_zh_simulator/device1/instruction_12/sample_0/step_4.png' does not exist. Sleeping for 1 seconds...
Path '/data/oss_bucket_0/qihang/gui_agent/images/ui_tars_zh_simulator/device1/instruction_12/sample_0/step_4.png' exists! Reading the file...
Path '/data/oss_bucket_0/qihang/gui_agent/images/ui_tars_zh_simulator/device1/instruction_12/sample_0/step_3.png' exists! Reading the file...
Model Thought/Action: {'action': 'continue', 'thought': 'No tool call found.'}
--- Step 5 ---
Path '/data/oss_bucket_0/qihang/gui_agent/images/ui_tars_zh_simulator/device1/instruction_12/sample_0/step_5.png' does not exist. Sleeping for 1 seconds...
Path '/data/oss_bucket_0/qihang/gui_agent/images/ui_tars_zh_simulator/device1/instruction_12/sample_0/step_5.png' does not exist. Sleeping for 1 seconds...
Path '/data/oss_bucket_0/qihang/gui_agent/images/ui_tars_zh_simulator/device1/instruction_12/sample_0/step_5.png' does not exist. Sleeping for 1 seconds...
Path '/data/oss_bucket_0/qihang/gui_agent/images/ui_tars_zh_simulator/device1/instruction_12/sample_0/step_5.png' does not exist. Sleeping for 1 seconds...
Path '/data/oss_bucket_0/qihang/gui_agent/images/ui_tars_zh_simulator/device1/instruction_12/sample_0/step_5.png' does not exist. Sleeping for 1 seconds...
Path '/data/oss_bucket_0/qihang/gui_agent/images/ui_tars_zh_simulator/device1/instruction_12/sample_0/step_5.png' does not exist. Sleeping for 1 seconds...
Path '/data/oss_bucket_0/qihang/gui_agent/images/ui_tars_zh_simulator/device1/instruction_12/sample_0/step_5.png' exists! Reading the file...
Path '/data/oss_bucket_0/qihang/gui_agent/images/ui_tars_zh_simulator/device1/instruction_12/sample_0/step_4.png' exists! Reading the file...
Model Thought/Action: {'action': 'continue', 'thought': 'No tool call found.'}
--- Step 6 ---
Path '/data/oss_bucket_0/qihang/gui_agent/images/ui_tars_zh_simulator/device1/instruction_12/sample_0/step_6.png' does not exist. Sleeping for 1 seconds...
Path '/data/oss_bucket_0/qihang/gui_agent/images/ui_tars_zh_simulator/device1/instruction_12/sample_0/step_6.png' does not exist. Sleeping for 1 seconds...
Path '/data/oss_bucket_0/qihang/gui_agent/images/ui_tars_zh_simulator/device1/instruction_12/sample_0/step_6.png' does not exist. Sleeping for 1 seconds...
Path '/data/oss_bucket_0/qihang/gui_agent/images/ui_tars_zh_simulator/device1/instruction_12/sample_0/step_6.png' does not exist. Sleeping for 1 seconds...
Path '/data/oss_bucket_0/qihang/gui_agent/images/ui_tars_zh_simulator/device1/instruction_12/sample_0/step_6.png' does not exist. Sleeping for 1 seconds...
Path '/data/oss_bucket_0/qihang/gui_agent/images/ui_tars_zh_simulator/device1/instruction_12/sample_0/step_6.png' does not exist. Sleeping for 1 seconds...
Path '/data/oss_bucket_0/qihang/gui_agent/images/ui_tars_zh_simulator/device1/instruction_12/sample_0/step_6.png' exists! Reading the file...
Path '/data/oss_bucket_0/qihang/gui_agent/images/ui_tars_zh_simulator/device1/instruction_12/sample_0/step_5.png' exists! Reading the file...
Model Thought/Action: {'action': 'continue', 'thought': 'No tool call found.'}
--- Step 7 ---
Path '/data/oss_bucket_0/qihang/gui_agent/images/ui_tars_zh_simulator/device1/instruction_12/sample_0/step_7.png' does not exist. Sleeping for 1 seconds...
Path '/data/oss_bucket_0/qihang/gui_agent/images/ui_tars_zh_simulator/device1/instruction_12/sample_0/step_7.png' does not exist. Sleeping for 1 seconds...
Path '/data/oss_bucket_0/qihang/gui_agent/images/ui_tars_zh_simulator/device1/instruction_12/sample_0/step_7.png' does not exist. Sleeping for 1 seconds...
Path '/data/oss_bucket_0/qihang/gui_agent/images/ui_tars_zh_simulator/device1/instruction_12/sample_0/step_7.png' does not exist. Sleeping for 1 seconds...
Path '/data/oss_bucket_0/qihang/gui_agent/images/ui_tars_zh_simulator/device1/instruction_12/sample_0/step_7.png' does not exist. Sleeping for 1 seconds...
Path '/data/oss_bucket_0/qihang/gui_agent/images/ui_tars_zh_simulator/device1/instruction_12/sample_0/step_7.png' does not exist. Sleeping for 1 seconds...
Path '/data/oss_bucket_0/qihang/gui_agent/images/ui_tars_zh_simulator/device1/instruction_12/sample_0/step_7.png' exists! Reading the file...
Path '/data/oss_bucket_0/qihang/gui_agent/images/ui_tars_zh_simulator/device1/instruction_12/sample_0/step_6.png' exists! Reading the file...
Model Thought/Action: {'action': 'continue', 'thought': 'No tool call found.'}
--- Step 8 ---
Path '/data/oss_bucket_0/qihang/gui_agent/images/ui_tars_zh_simulator/device1/instruction_12/sample_0/step_8.png' does not exist. Sleeping for 1 seconds...
Path '/data/oss_bucket_0/qihang/gui_agent/images/ui_tars_zh_simulator/device1/instruction_12/sample_0/step_8.png' does not exist. Sleeping for 1 seconds...
Path '/data/oss_bucket_0/qihang/gui_agent/images/ui_tars_zh_simulator/device1/instruction_12/sample_0/step_8.png' does not exist. Sleeping for 1 seconds...
Path '/data/oss_bucket_0/qihang/gui_agent/images/ui_tars_zh_simulator/device1/instruction_12/sample_0/step_8.png' does not exist. Sleeping for 1 seconds...
Path '/data/oss_bucket_0/qihang/gui_agent/images/ui_tars_zh_simulator/device1/instruction_12/sample_0/step_8.png' does not exist. Sleeping for 1 seconds...
Path '/data/oss_bucket_0/qihang/gui_agent/images/ui_tars_zh_simulator/device1/instruction_12/sample_0/step_8.png' does not exist. Sleeping for 1 seconds...
Path '/data/oss_bucket_0/qihang/gui_agent/images/ui_tars_zh_simulator/device1/instruction_12/sample_0/step_8.png' exists! Reading the file...
Path '/data/oss_bucket_0/qihang/gui_agent/images/ui_tars_zh_simulator/device1/instruction_12/sample_0/step_7.png' exists! Reading the file...
Model Thought/Action: {'action': 'continue', 'thought': 'No tool call found.'}
--- Step 9 ---
Path '/data/oss_bucket_0/qihang/gui_agent/images/ui_tars_zh_simulator/device1/instruction_12/sample_0/step_9.png' does not exist. Sleeping for 1 seconds...
Path '/data/oss_bucket_0/qihang/gui_agent/images/ui_tars_zh_simulator/device1/instruction_12/sample_0/step_9.png' does not exist. Sleeping for 1 seconds...
Path '/data/oss_bucket_0/qihang/gui_agent/images/ui_tars_zh_simulator/device1/instruction_12/sample_0/step_9.png' does not exist. Sleeping for 1 seconds...
Path '/data/oss_bucket_0/qihang/gui_agent/images/ui_tars_zh_simulator/device1/instruction_12/sample_0/step_9.png' does not exist. Sleeping for 1 seconds...
Path '/data/oss_bucket_0/qihang/gui_agent/images/ui_tars_zh_simulator/device1/instruction_12/sample_0/step_9.png' does not exist. Sleeping for 1 seconds...
Path '/data/oss_bucket_0/qihang/gui_agent/images/ui_tars_zh_simulator/device1/instruction_12/sample_0/step_9.png' does not exist. Sleeping for 1 seconds...
Path '/data/oss_bucket_0/qihang/gui_agent/images/ui_tars_zh_simulator/device1/instruction_12/sample_0/step_9.png' exists! Reading the file...
Path '/data/oss_bucket_0/qihang/gui_agent/images/ui_tars_zh_simulator/device1/instruction_12/sample_0/step_8.png' exists! Reading the file...
Model Thought/Action: {'action': 'continue', 'thought': 'No tool call found.'}
--- Step 10 ---
Path '/data/oss_bucket_0/qihang/gui_agent/images/ui_tars_zh_simulator/device1/instruction_12/sample_0/step_10.png' does not exist. Sleeping for 1 seconds...
Path '/data/oss_bucket_0/qihang/gui_agent/images/ui_tars_zh_simulator/device1/instruction_12/sample_0/step_10.png' does not exist. Sleeping for 1 seconds...
Path '/data/oss_bucket_0/qihang/gui_agent/images/ui_tars_zh_simulator/device1/instruction_12/sample_0/step_10.png' does not exist. Sleeping for 1 seconds...
Path '/data/oss_bucket_0/qihang/gui_agent/images/ui_tars_zh_simulator/device1/instruction_12/sample_0/step_10.png' does not exist. Sleeping for 1 seconds...
Path '/data/oss_bucket_0/qihang/gui_agent/images/ui_tars_zh_simulator/device1/instruction_12/sample_0/step_10.png' does not exist. Sleeping for 1 seconds...
Path '/data/oss_bucket_0/qihang/gui_agent/images/ui_tars_zh_simulator/device1/instruction_12/sample_0/step_10.png' does not exist. Sleeping for 1 seconds...
Path '/data/oss_bucket_0/qihang/gui_agent/images/ui_tars_zh_simulator/device1/instruction_12/sample_0/step_10.png' exists! Reading the file...
Path '/data/oss_bucket_0/qihang/gui_agent/images/ui_tars_zh_simulator/device1/instruction_12/sample_0/step_9.png' exists! Reading the file...
Model Thought/Action: {'action': 'continue', 'thought': 'No tool call found.'}
--- Step 11 ---
Path '/data/oss_bucket_0/qihang/gui_agent/images/ui_tars_zh_simulator/device1/instruction_12/sample_0/step_11.png' does not exist. Sleeping for 1 seconds...
Path '/data/oss_bucket_0/qihang/gui_agent/images/ui_tars_zh_simulator/device1/instruction_12/sample_0/step_11.png' does not exist. Sleeping for 1 seconds...
Path '/data/oss_bucket_0/qihang/gui_agent/images/ui_tars_zh_simulator/device1/instruction_12/sample_0/step_11.png' does not exist. Sleeping for 1 seconds...
Path '/data/oss_bucket_0/qihang/gui_agent/images/ui_tars_zh_simulator/device1/instruction_12/sample_0/step_11.png' does not exist. Sleeping for 1 seconds...
Path '/data/oss_bucket_0/qihang/gui_agent/images/ui_tars_zh_simulator/device1/instruction_12/sample_0/step_11.png' does not exist. Sleeping for 1 seconds...
Path '/data/oss_bucket_0/qihang/gui_agent/images/ui_tars_zh_simulator/device1/instruction_12/sample_0/step_11.png' does not exist. Sleeping for 1 seconds...
Path '/data/oss_bucket_0/qihang/gui_agent/images/ui_tars_zh_simulator/device1/instruction_12/sample_0/step_11.png' exists! Reading the file...
Path '/data/oss_bucket_0/qihang/gui_agent/images/ui_tars_zh_simulator/device1/instruction_12/sample_0/step_10.png' exists! Reading the file...
Model Thought/Action: {'action': 'continue', 'thought': 'No tool call found.'}
--- Step 12 ---
Path '/data/oss_bucket_0/qihang/gui_agent/images/ui_tars_zh_simulator/device1/instruction_12/sample_0/step_12.png' does not exist. Sleeping for 1 seconds...
Path '/data/oss_bucket_0/qihang/gui_agent/images/ui_tars_zh_simulator/device1/instruction_12/sample_0/step_12.png' does not exist. Sleeping for 1 seconds...
Path '/data/oss_bucket_0/qihang/gui_agent/images/ui_tars_zh_simulator/device1/instruction_12/sample_0/step_12.png' does not exist. Sleeping for 1 seconds...
Path '/data/oss_bucket_0/qihang/gui_agent/images/ui_tars_zh_simulator/device1/instruction_12/sample_0/step_12.png' does not exist. Sleeping for 1 seconds...
Path '/data/oss_bucket_0/qihang/gui_agent/images/ui_tars_zh_simulator/device1/instruction_12/sample_0/step_12.png' does not exist. Sleeping for 1 seconds...
Path '/data/oss_bucket_0/qihang/gui_agent/images/ui_tars_zh_simulator/device1/instruction_12/sample_0/step_12.png' does not exist. Sleeping for 1 seconds...
Path '/data/oss_bucket_0/qihang/gui_agent/images/ui_tars_zh_simulator/device1/instruction_12/sample_0/step_12.png' exists! Reading the file...
Path '/data/oss_bucket_0/qihang/gui_agent/images/ui_tars_zh_simulator/device1/instruction_12/sample_0/step_11.png' exists! Reading the file...
Model Thought/Action: {'action': 'continue', 'thought': 'No tool call found.'}
--- Step 13 ---
Path '/data/oss_bucket_0/qihang/gui_agent/images/ui_tars_zh_simulator/device1/instruction_12/sample_0/step_13.png' does not exist. Sleeping for 1 seconds...
Path '/data/oss_bucket_0/qihang/gui_agent/images/ui_tars_zh_simulator/device1/instruction_12/sample_0/step_13.png' does not exist. Sleeping for 1 seconds...
Path '/data/oss_bucket_0/qihang/gui_agent/images/ui_tars_zh_simulator/device1/instruction_12/sample_0/step_13.png' does not exist. Sleeping for 1 seconds...
Path '/data/oss_bucket_0/qihang/gui_agent/images/ui_tars_zh_simulator/device1/instruction_12/sample_0/step_13.png' does not exist. Sleeping for 1 seconds...
Path '/data/oss_bucket_0/qihang/gui_agent/images/ui_tars_zh_simulator/device1/instruction_12/sample_0/step_13.png' does not exist. Sleeping for 1 seconds...
Path '/data/oss_bucket_0/qihang/gui_agent/images/ui_tars_zh_simulator/device1/instruction_12/sample_0/step_13.png' does not exist. Sleeping for 1 seconds...
Path '/data/oss_bucket_0/qihang/gui_agent/images/ui_tars_zh_simulator/device1/instruction_12/sample_0/step_13.png' exists! Reading the file...
Path '/data/oss_bucket_0/qihang/gui_agent/images/ui_tars_zh_simulator/device1/instruction_12/sample_0/step_12.png' exists! Reading the file...
Model Thought/Action: {'action': 'continue', 'thought': 'No tool call found.'}
--- Step 14 ---
Path '/data/oss_bucket_0/qihang/gui_agent/images/ui_tars_zh_simulator/device1/instruction_12/sample_0/step_14.png' does not exist. Sleeping for 1 seconds...
Path '/data/oss_bucket_0/qihang/gui_agent/images/ui_tars_zh_simulator/device1/instruction_12/sample_0/step_14.png' does not exist. Sleeping for 1 seconds...
Path '/data/oss_bucket_0/qihang/gui_agent/images/ui_tars_zh_simulator/device1/instruction_12/sample_0/step_14.png' does not exist. Sleeping for 1 seconds...
Path '/data/oss_bucket_0/qihang/gui_agent/images/ui_tars_zh_simulator/device1/instruction_12/sample_0/step_14.png' does not exist. Sleeping for 1 seconds...
Path '/data/oss_bucket_0/qihang/gui_agent/images/ui_tars_zh_simulator/device1/instruction_12/sample_0/step_14.png' does not exist. Sleeping for 1 seconds...
Path '/data/oss_bucket_0/qihang/gui_agent/images/ui_tars_zh_simulator/device1/instruction_12/sample_0/step_14.png' does not exist. Sleeping for 1 seconds...
Path '/data/oss_bucket_0/qihang/gui_agent/images/ui_tars_zh_simulator/device1/instruction_12/sample_0/step_14.png' exists! Reading the file...
Path '/data/oss_bucket_0/qihang/gui_agent/images/ui_tars_zh_simulator/device1/instruction_12/sample_0/step_13.png' exists! Reading the file...
Model Thought/Action: {'action': 'continue', 'thought': 'No tool call found.'}
--- Judging with GPT-4o ---
GPT-4o Evaluation Response: {'reason': "The agent repeatedly attempts to click the home button without making any progress towards the task of opening the Bilibili app, searching for '搞笑视频合集', and playing the video with the highest views. The sequence is stuck in a loop, showing no meaningful actions towards completing the task. There is no attempt to interact with the user for any necessary input or clarification.", 'reward': 0, 'status': 'failure', 'inquiry': 'failure'}
Evaluating Instructions:  29%|██▉       | 12/41 [36:02<1:30:41, 187.64s/it]
===== Evaluating Instruction 13/41 =====
Instruction: 打开b站的首页，找到排行榜中点赞数最多的视频并播放。
--- Step 0 ---
Path '/data/oss_bucket_0/qihang/gui_agent/images/ui_tars_zh_simulator/device1/instruction_13/sample_0/step_0.png' exists! Reading the file...
Model Thought/Action: {'left': True}
--- Step 1 ---
Path '/data/oss_bucket_0/qihang/gui_agent/images/ui_tars_zh_simulator/device1/instruction_13/sample_0/step_1.png' does not exist. Sleeping for 1 seconds...
Path '/data/oss_bucket_0/qihang/gui_agent/images/ui_tars_zh_simulator/device1/instruction_13/sample_0/step_1.png' does not exist. Sleeping for 1 seconds...
Path '/data/oss_bucket_0/qihang/gui_agent/images/ui_tars_zh_simulator/device1/instruction_13/sample_0/step_1.png' does not exist. Sleeping for 1 seconds...
Path '/data/oss_bucket_0/qihang/gui_agent/images/ui_tars_zh_simulator/device1/instruction_13/sample_0/step_1.png' does not exist. Sleeping for 1 seconds...
Path '/data/oss_bucket_0/qihang/gui_agent/images/ui_tars_zh_simulator/device1/instruction_13/sample_0/step_1.png' does not exist. Sleeping for 1 seconds...
Path '/data/oss_bucket_0/qihang/gui_agent/images/ui_tars_zh_simulator/device1/instruction_13/sample_0/step_1.png' does not exist. Sleeping for 1 seconds...
Path '/data/oss_bucket_0/qihang/gui_agent/images/ui_tars_zh_simulator/device1/instruction_13/sample_0/step_1.png' does not exist. Sleeping for 1 seconds...
Path '/data/oss_bucket_0/qihang/gui_agent/images/ui_tars_zh_simulator/device1/instruction_13/sample_0/step_1.png' does not exist. Sleeping for 1 seconds...
Path '/data/oss_bucket_0/qihang/gui_agent/images/ui_tars_zh_simulator/device1/instruction_13/sample_0/step_1.png' does not exist. Sleeping for 1 seconds...
Path '/data/oss_bucket_0/qihang/gui_agent/images/ui_tars_zh_simulator/device1/instruction_13/sample_0/step_1.png' does not exist. Sleeping for 1 seconds...
Path '/data/oss_bucket_0/qihang/gui_agent/images/ui_tars_zh_simulator/device1/instruction_13/sample_0/step_1.png' does not exist. Sleeping for 1 seconds...
Path '/data/oss_bucket_0/qihang/gui_agent/images/ui_tars_zh_simulator/device1/instruction_13/sample_0/step_1.png' does not exist. Sleeping for 1 seconds...
Path '/data/oss_bucket_0/qihang/gui_agent/images/ui_tars_zh_simulator/device1/instruction_13/sample_0/step_1.png' does not exist. Sleeping for 1 seconds...
Path '/data/oss_bucket_0/qihang/gui_agent/images/ui_tars_zh_simulator/device1/instruction_13/sample_0/step_1.png' does not exist. Sleeping for 1 seconds...
Path '/data/oss_bucket_0/qihang/gui_agent/images/ui_tars_zh_simulator/device1/instruction_13/sample_0/step_1.png' does not exist. Sleeping for 1 seconds...
Path '/data/oss_bucket_0/qihang/gui_agent/images/ui_tars_zh_simulator/device1/instruction_13/sample_0/step_1.png' does not exist. Sleeping for 1 seconds...
Path '/data/oss_bucket_0/qihang/gui_agent/images/ui_tars_zh_simulator/device1/instruction_13/sample_0/step_1.png' does not exist. Sleeping for 1 seconds...
Path '/data/oss_bucket_0/qihang/gui_agent/images/ui_tars_zh_simulator/device1/instruction_13/sample_0/step_1.png' does not exist. Sleeping for 1 seconds...
Path '/data/oss_bucket_0/qihang/gui_agent/images/ui_tars_zh_simulator/device1/instruction_13/sample_0/step_1.png' exists! Reading the file...
Path '/data/oss_bucket_0/qihang/gui_agent/images/ui_tars_zh_simulator/device1/instruction_13/sample_0/step_0.png' exists! Reading the file...
Model Thought/Action: {'left': True}
--- Step 2 ---
Path '/data/oss_bucket_0/qihang/gui_agent/images/ui_tars_zh_simulator/device1/instruction_13/sample_0/step_2.png' does not exist. Sleeping for 1 seconds...
Path '/data/oss_bucket_0/qihang/gui_agent/images/ui_tars_zh_simulator/device1/instruction_13/sample_0/step_2.png' does not exist. Sleeping for 1 seconds...
Path '/data/oss_bucket_0/qihang/gui_agent/images/ui_tars_zh_simulator/device1/instruction_13/sample_0/step_2.png' does not exist. Sleeping for 1 seconds...
Path '/data/oss_bucket_0/qihang/gui_agent/images/ui_tars_zh_simulator/device1/instruction_13/sample_0/step_2.png' does not exist. Sleeping for 1 seconds...
Path '/data/oss_bucket_0/qihang/gui_agent/images/ui_tars_zh_simulator/device1/instruction_13/sample_0/step_2.png' does not exist. Sleeping for 1 seconds...
Path '/data/oss_bucket_0/qihang/gui_agent/images/ui_tars_zh_simulator/device1/instruction_13/sample_0/step_2.png' does not exist. Sleeping for 1 seconds...
Path '/data/oss_bucket_0/qihang/gui_agent/images/ui_tars_zh_simulator/device1/instruction_13/sample_0/step_2.png' exists! Reading the file...
Path '/data/oss_bucket_0/qihang/gui_agent/images/ui_tars_zh_simulator/device1/instruction_13/sample_0/step_1.png' exists! Reading the file...
Model Thought/Action: {'left': True}
--- Step 3 ---
Path '/data/oss_bucket_0/qihang/gui_agent/images/ui_tars_zh_simulator/device1/instruction_13/sample_0/step_3.png' does not exist. Sleeping for 1 seconds...
Path '/data/oss_bucket_0/qihang/gui_agent/images/ui_tars_zh_simulator/device1/instruction_13/sample_0/step_3.png' does not exist. Sleeping for 1 seconds...
Path '/data/oss_bucket_0/qihang/gui_agent/images/ui_tars_zh_simulator/device1/instruction_13/sample_0/step_3.png' does not exist. Sleeping for 1 seconds...
Path '/data/oss_bucket_0/qihang/gui_agent/images/ui_tars_zh_simulator/device1/instruction_13/sample_0/step_3.png' does not exist. Sleeping for 1 seconds...
Path '/data/oss_bucket_0/qihang/gui_agent/images/ui_tars_zh_simulator/device1/instruction_13/sample_0/step_3.png' does not exist. Sleeping for 1 seconds...
Path '/data/oss_bucket_0/qihang/gui_agent/images/ui_tars_zh_simulator/device1/instruction_13/sample_0/step_3.png' does not exist. Sleeping for 1 seconds...
Path '/data/oss_bucket_0/qihang/gui_agent/images/ui_tars_zh_simulator/device1/instruction_13/sample_0/step_3.png' exists! Reading the file...
Path '/data/oss_bucket_0/qihang/gui_agent/images/ui_tars_zh_simulator/device1/instruction_13/sample_0/step_2.png' exists! Reading the file...
Model Thought/Action: {'left': True}
--- Step 4 ---
Path '/data/oss_bucket_0/qihang/gui_agent/images/ui_tars_zh_simulator/device1/instruction_13/sample_0/step_4.png' does not exist. Sleeping for 1 seconds...
Path '/data/oss_bucket_0/qihang/gui_agent/images/ui_tars_zh_simulator/device1/instruction_13/sample_0/step_4.png' does not exist. Sleeping for 1 seconds...
Path '/data/oss_bucket_0/qihang/gui_agent/images/ui_tars_zh_simulator/device1/instruction_13/sample_0/step_4.png' does not exist. Sleeping for 1 seconds...
Path '/data/oss_bucket_0/qihang/gui_agent/images/ui_tars_zh_simulator/device1/instruction_13/sample_0/step_4.png' does not exist. Sleeping for 1 seconds...
Path '/data/oss_bucket_0/qihang/gui_agent/images/ui_tars_zh_simulator/device1/instruction_13/sample_0/step_4.png' does not exist. Sleeping for 1 seconds...
Path '/data/oss_bucket_0/qihang/gui_agent/images/ui_tars_zh_simulator/device1/instruction_13/sample_0/step_4.png' does not exist. Sleeping for 1 seconds...
Path '/data/oss_bucket_0/qihang/gui_agent/images/ui_tars_zh_simulator/device1/instruction_13/sample_0/step_4.png' exists! Reading the file...
Path '/data/oss_bucket_0/qihang/gui_agent/images/ui_tars_zh_simulator/device1/instruction_13/sample_0/step_3.png' exists! Reading the file...
Model Thought/Action: {'left': True}
--- Step 5 ---
Path '/data/oss_bucket_0/qihang/gui_agent/images/ui_tars_zh_simulator/device1/instruction_13/sample_0/step_5.png' does not exist. Sleeping for 1 seconds...
Path '/data/oss_bucket_0/qihang/gui_agent/images/ui_tars_zh_simulator/device1/instruction_13/sample_0/step_5.png' does not exist. Sleeping for 1 seconds...
Path '/data/oss_bucket_0/qihang/gui_agent/images/ui_tars_zh_simulator/device1/instruction_13/sample_0/step_5.png' does not exist. Sleeping for 1 seconds...
Path '/data/oss_bucket_0/qihang/gui_agent/images/ui_tars_zh_simulator/device1/instruction_13/sample_0/step_5.png' does not exist. Sleeping for 1 seconds...
Path '/data/oss_bucket_0/qihang/gui_agent/images/ui_tars_zh_simulator/device1/instruction_13/sample_0/step_5.png' does not exist. Sleeping for 1 seconds...
Path '/data/oss_bucket_0/qihang/gui_agent/images/ui_tars_zh_simulator/device1/instruction_13/sample_0/step_5.png' does not exist. Sleeping for 1 seconds...
Path '/data/oss_bucket_0/qihang/gui_agent/images/ui_tars_zh_simulator/device1/instruction_13/sample_0/step_5.png' exists! Reading the file...
Path '/data/oss_bucket_0/qihang/gui_agent/images/ui_tars_zh_simulator/device1/instruction_13/sample_0/step_4.png' exists! Reading the file...
Model Thought/Action: {'left': True}
--- Step 6 ---
Path '/data/oss_bucket_0/qihang/gui_agent/images/ui_tars_zh_simulator/device1/instruction_13/sample_0/step_6.png' does not exist. Sleeping for 1 seconds...
Path '/data/oss_bucket_0/qihang/gui_agent/images/ui_tars_zh_simulator/device1/instruction_13/sample_0/step_6.png' does not exist. Sleeping for 1 seconds...
Path '/data/oss_bucket_0/qihang/gui_agent/images/ui_tars_zh_simulator/device1/instruction_13/sample_0/step_6.png' does not exist. Sleeping for 1 seconds...
Path '/data/oss_bucket_0/qihang/gui_agent/images/ui_tars_zh_simulator/device1/instruction_13/sample_0/step_6.png' does not exist. Sleeping for 1 seconds...
Path '/data/oss_bucket_0/qihang/gui_agent/images/ui_tars_zh_simulator/device1/instruction_13/sample_0/step_6.png' does not exist. Sleeping for 1 seconds...
Path '/data/oss_bucket_0/qihang/gui_agent/images/ui_tars_zh_simulator/device1/instruction_13/sample_0/step_6.png' does not exist. Sleeping for 1 seconds...
Path '/data/oss_bucket_0/qihang/gui_agent/images/ui_tars_zh_simulator/device1/instruction_13/sample_0/step_6.png' exists! Reading the file...
Path '/data/oss_bucket_0/qihang/gui_agent/images/ui_tars_zh_simulator/device1/instruction_13/sample_0/step_5.png' exists! Reading the file...
Model Thought/Action: {'left': True}
--- Step 7 ---
Path '/data/oss_bucket_0/qihang/gui_agent/images/ui_tars_zh_simulator/device1/instruction_13/sample_0/step_7.png' does not exist. Sleeping for 1 seconds...
Path '/data/oss_bucket_0/qihang/gui_agent/images/ui_tars_zh_simulator/device1/instruction_13/sample_0/step_7.png' does not exist. Sleeping for 1 seconds...
Path '/data/oss_bucket_0/qihang/gui_agent/images/ui_tars_zh_simulator/device1/instruction_13/sample_0/step_7.png' does not exist. Sleeping for 1 seconds...
Path '/data/oss_bucket_0/qihang/gui_agent/images/ui_tars_zh_simulator/device1/instruction_13/sample_0/step_7.png' does not exist. Sleeping for 1 seconds...
Path '/data/oss_bucket_0/qihang/gui_agent/images/ui_tars_zh_simulator/device1/instruction_13/sample_0/step_7.png' does not exist. Sleeping for 1 seconds...
Path '/data/oss_bucket_0/qihang/gui_agent/images/ui_tars_zh_simulator/device1/instruction_13/sample_0/step_7.png' does not exist. Sleeping for 1 seconds...
Path '/data/oss_bucket_0/qihang/gui_agent/images/ui_tars_zh_simulator/device1/instruction_13/sample_0/step_7.png' exists! Reading the file...
Path '/data/oss_bucket_0/qihang/gui_agent/images/ui_tars_zh_simulator/device1/instruction_13/sample_0/step_6.png' exists! Reading the file...
Model Thought/Action: {'left': True}
--- Step 8 ---
Path '/data/oss_bucket_0/qihang/gui_agent/images/ui_tars_zh_simulator/device1/instruction_13/sample_0/step_8.png' does not exist. Sleeping for 1 seconds...
Path '/data/oss_bucket_0/qihang/gui_agent/images/ui_tars_zh_simulator/device1/instruction_13/sample_0/step_8.png' does not exist. Sleeping for 1 seconds...
Path '/data/oss_bucket_0/qihang/gui_agent/images/ui_tars_zh_simulator/device1/instruction_13/sample_0/step_8.png' does not exist. Sleeping for 1 seconds...
Path '/data/oss_bucket_0/qihang/gui_agent/images/ui_tars_zh_simulator/device1/instruction_13/sample_0/step_8.png' does not exist. Sleeping for 1 seconds...
Path '/data/oss_bucket_0/qihang/gui_agent/images/ui_tars_zh_simulator/device1/instruction_13/sample_0/step_8.png' does not exist. Sleeping for 1 seconds...
Path '/data/oss_bucket_0/qihang/gui_agent/images/ui_tars_zh_simulator/device1/instruction_13/sample_0/step_8.png' does not exist. Sleeping for 1 seconds...
Path '/data/oss_bucket_0/qihang/gui_agent/images/ui_tars_zh_simulator/device1/instruction_13/sample_0/step_8.png' exists! Reading the file...
Path '/data/oss_bucket_0/qihang/gui_agent/images/ui_tars_zh_simulator/device1/instruction_13/sample_0/step_7.png' exists! Reading the file...
Model Thought/Action: {'left': True}
--- Step 9 ---
Path '/data/oss_bucket_0/qihang/gui_agent/images/ui_tars_zh_simulator/device1/instruction_13/sample_0/step_9.png' does not exist. Sleeping for 1 seconds...
Path '/data/oss_bucket_0/qihang/gui_agent/images/ui_tars_zh_simulator/device1/instruction_13/sample_0/step_9.png' does not exist. Sleeping for 1 seconds...
Path '/data/oss_bucket_0/qihang/gui_agent/images/ui_tars_zh_simulator/device1/instruction_13/sample_0/step_9.png' does not exist. Sleeping for 1 seconds...
Path '/data/oss_bucket_0/qihang/gui_agent/images/ui_tars_zh_simulator/device1/instruction_13/sample_0/step_9.png' does not exist. Sleeping for 1 seconds...
Path '/data/oss_bucket_0/qihang/gui_agent/images/ui_tars_zh_simulator/device1/instruction_13/sample_0/step_9.png' does not exist. Sleeping for 1 seconds...
Path '/data/oss_bucket_0/qihang/gui_agent/images/ui_tars_zh_simulator/device1/instruction_13/sample_0/step_9.png' does not exist. Sleeping for 1 seconds...
Path '/data/oss_bucket_0/qihang/gui_agent/images/ui_tars_zh_simulator/device1/instruction_13/sample_0/step_9.png' exists! Reading the file...
Path '/data/oss_bucket_0/qihang/gui_agent/images/ui_tars_zh_simulator/device1/instruction_13/sample_0/step_8.png' exists! Reading the file...
Model Thought/Action: {'left': True}
--- Step 10 ---
Path '/data/oss_bucket_0/qihang/gui_agent/images/ui_tars_zh_simulator/device1/instruction_13/sample_0/step_10.png' does not exist. Sleeping for 1 seconds...
Path '/data/oss_bucket_0/qihang/gui_agent/images/ui_tars_zh_simulator/device1/instruction_13/sample_0/step_10.png' does not exist. Sleeping for 1 seconds...
Path '/data/oss_bucket_0/qihang/gui_agent/images/ui_tars_zh_simulator/device1/instruction_13/sample_0/step_10.png' does not exist. Sleeping for 1 seconds...
Path '/data/oss_bucket_0/qihang/gui_agent/images/ui_tars_zh_simulator/device1/instruction_13/sample_0/step_10.png' does not exist. Sleeping for 1 seconds...
Path '/data/oss_bucket_0/qihang/gui_agent/images/ui_tars_zh_simulator/device1/instruction_13/sample_0/step_10.png' does not exist. Sleeping for 1 seconds...
Path '/data/oss_bucket_0/qihang/gui_agent/images/ui_tars_zh_simulator/device1/instruction_13/sample_0/step_10.png' does not exist. Sleeping for 1 seconds...
Path '/data/oss_bucket_0/qihang/gui_agent/images/ui_tars_zh_simulator/device1/instruction_13/sample_0/step_10.png' exists! Reading the file...
Path '/data/oss_bucket_0/qihang/gui_agent/images/ui_tars_zh_simulator/device1/instruction_13/sample_0/step_9.png' exists! Reading the file...
Model Thought/Action: {'left': True}
--- Step 11 ---
Path '/data/oss_bucket_0/qihang/gui_agent/images/ui_tars_zh_simulator/device1/instruction_13/sample_0/step_11.png' does not exist. Sleeping for 1 seconds...
Path '/data/oss_bucket_0/qihang/gui_agent/images/ui_tars_zh_simulator/device1/instruction_13/sample_0/step_11.png' does not exist. Sleeping for 1 seconds...
Path '/data/oss_bucket_0/qihang/gui_agent/images/ui_tars_zh_simulator/device1/instruction_13/sample_0/step_11.png' does not exist. Sleeping for 1 seconds...
Path '/data/oss_bucket_0/qihang/gui_agent/images/ui_tars_zh_simulator/device1/instruction_13/sample_0/step_11.png' does not exist. Sleeping for 1 seconds...
Path '/data/oss_bucket_0/qihang/gui_agent/images/ui_tars_zh_simulator/device1/instruction_13/sample_0/step_11.png' does not exist. Sleeping for 1 seconds...
Path '/data/oss_bucket_0/qihang/gui_agent/images/ui_tars_zh_simulator/device1/instruction_13/sample_0/step_11.png' does not exist. Sleeping for 1 seconds...
Path '/data/oss_bucket_0/qihang/gui_agent/images/ui_tars_zh_simulator/device1/instruction_13/sample_0/step_11.png' exists! Reading the file...
Path '/data/oss_bucket_0/qihang/gui_agent/images/ui_tars_zh_simulator/device1/instruction_13/sample_0/step_10.png' exists! Reading the file...
Model Thought/Action: {'left': True}
--- Step 12 ---
Path '/data/oss_bucket_0/qihang/gui_agent/images/ui_tars_zh_simulator/device1/instruction_13/sample_0/step_12.png' does not exist. Sleeping for 1 seconds...
Path '/data/oss_bucket_0/qihang/gui_agent/images/ui_tars_zh_simulator/device1/instruction_13/sample_0/step_12.png' does not exist. Sleeping for 1 seconds...
Path '/data/oss_bucket_0/qihang/gui_agent/images/ui_tars_zh_simulator/device1/instruction_13/sample_0/step_12.png' does not exist. Sleeping for 1 seconds...
Path '/data/oss_bucket_0/qihang/gui_agent/images/ui_tars_zh_simulator/device1/instruction_13/sample_0/step_12.png' does not exist. Sleeping for 1 seconds...
Path '/data/oss_bucket_0/qihang/gui_agent/images/ui_tars_zh_simulator/device1/instruction_13/sample_0/step_12.png' does not exist. Sleeping for 1 seconds...
Path '/data/oss_bucket_0/qihang/gui_agent/images/ui_tars_zh_simulator/device1/instruction_13/sample_0/step_12.png' does not exist. Sleeping for 1 seconds...
Path '/data/oss_bucket_0/qihang/gui_agent/images/ui_tars_zh_simulator/device1/instruction_13/sample_0/step_12.png' exists! Reading the file...
Path '/data/oss_bucket_0/qihang/gui_agent/images/ui_tars_zh_simulator/device1/instruction_13/sample_0/step_11.png' exists! Reading the file...
Model Thought/Action: {'left': True}
--- Step 13 ---
Path '/data/oss_bucket_0/qihang/gui_agent/images/ui_tars_zh_simulator/device1/instruction_13/sample_0/step_13.png' does not exist. Sleeping for 1 seconds...
Path '/data/oss_bucket_0/qihang/gui_agent/images/ui_tars_zh_simulator/device1/instruction_13/sample_0/step_13.png' does not exist. Sleeping for 1 seconds...
Path '/data/oss_bucket_0/qihang/gui_agent/images/ui_tars_zh_simulator/device1/instruction_13/sample_0/step_13.png' does not exist. Sleeping for 1 seconds...
Path '/data/oss_bucket_0/qihang/gui_agent/images/ui_tars_zh_simulator/device1/instruction_13/sample_0/step_13.png' does not exist. Sleeping for 1 seconds...
Path '/data/oss_bucket_0/qihang/gui_agent/images/ui_tars_zh_simulator/device1/instruction_13/sample_0/step_13.png' does not exist. Sleeping for 1 seconds...
Path '/data/oss_bucket_0/qihang/gui_agent/images/ui_tars_zh_simulator/device1/instruction_13/sample_0/step_13.png' does not exist. Sleeping for 1 seconds...
Path '/data/oss_bucket_0/qihang/gui_agent/images/ui_tars_zh_simulator/device1/instruction_13/sample_0/step_13.png' exists! Reading the file...
Path '/data/oss_bucket_0/qihang/gui_agent/images/ui_tars_zh_simulator/device1/instruction_13/sample_0/step_12.png' exists! Reading the file...
Model Thought/Action: {'left': True}
--- Step 14 ---
Path '/data/oss_bucket_0/qihang/gui_agent/images/ui_tars_zh_simulator/device1/instruction_13/sample_0/step_14.png' does not exist. Sleeping for 1 seconds...
Path '/data/oss_bucket_0/qihang/gui_agent/images/ui_tars_zh_simulator/device1/instruction_13/sample_0/step_14.png' does not exist. Sleeping for 1 seconds...
Path '/data/oss_bucket_0/qihang/gui_agent/images/ui_tars_zh_simulator/device1/instruction_13/sample_0/step_14.png' does not exist. Sleeping for 1 seconds...
Path '/data/oss_bucket_0/qihang/gui_agent/images/ui_tars_zh_simulator/device1/instruction_13/sample_0/step_14.png' does not exist. Sleeping for 1 seconds...
Path '/data/oss_bucket_0/qihang/gui_agent/images/ui_tars_zh_simulator/device1/instruction_13/sample_0/step_14.png' does not exist. Sleeping for 1 seconds...
Path '/data/oss_bucket_0/qihang/gui_agent/images/ui_tars_zh_simulator/device1/instruction_13/sample_0/step_14.png' does not exist. Sleeping for 1 seconds...
Path '/data/oss_bucket_0/qihang/gui_agent/images/ui_tars_zh_simulator/device1/instruction_13/sample_0/step_14.png' exists! Reading the file...
Path '/data/oss_bucket_0/qihang/gui_agent/images/ui_tars_zh_simulator/device1/instruction_13/sample_0/step_13.png' exists! Reading the file...
Model Thought/Action: {'left': True}
--- Judging with GPT-4o ---
GPT-4o Evaluation Response: {'reason': 'The agent repeatedly attempted to find and open the Bilibili app by swiping left on the home screen, but it did not make any progress towards the task. The actions were redundant and did not bring the agent closer to completing the task. The task was not completed as the agent never found or opened the Bilibili app, let alone played the most liked video. There was no user interaction to assist in finding the app or resolving the issue.', 'reward': 0, 'status': 'failure', 'inquiry': 'failure'}
Evaluating Instructions:  32%|███▏      | 13/41 [38:47<1:24:22, 180.81s/it]
===== Evaluating Instruction 14/41 =====
Instruction: 打开b站播放博主'帅soserious'发布的关于腹肌训练的视频。
--- Step 0 ---
Path '/data/oss_bucket_0/qihang/gui_agent/images/ui_tars_zh_simulator/device1/instruction_14/sample_0/step_0.png' exists! Reading the file...
Model Thought/Action: {'action': 'continue', 'thought': 'No tool call found.'}
--- Step 1 ---
Path '/data/oss_bucket_0/qihang/gui_agent/images/ui_tars_zh_simulator/device1/instruction_14/sample_0/step_1.png' does not exist. Sleeping for 1 seconds...
Path '/data/oss_bucket_0/qihang/gui_agent/images/ui_tars_zh_simulator/device1/instruction_14/sample_0/step_1.png' does not exist. Sleeping for 1 seconds...
Path '/data/oss_bucket_0/qihang/gui_agent/images/ui_tars_zh_simulator/device1/instruction_14/sample_0/step_1.png' does not exist. Sleeping for 1 seconds...
Path '/data/oss_bucket_0/qihang/gui_agent/images/ui_tars_zh_simulator/device1/instruction_14/sample_0/step_1.png' does not exist. Sleeping for 1 seconds...
Path '/data/oss_bucket_0/qihang/gui_agent/images/ui_tars_zh_simulator/device1/instruction_14/sample_0/step_1.png' does not exist. Sleeping for 1 seconds...
Path '/data/oss_bucket_0/qihang/gui_agent/images/ui_tars_zh_simulator/device1/instruction_14/sample_0/step_1.png' does not exist. Sleeping for 1 seconds...
Path '/data/oss_bucket_0/qihang/gui_agent/images/ui_tars_zh_simulator/device1/instruction_14/sample_0/step_1.png' does not exist. Sleeping for 1 seconds...
Path '/data/oss_bucket_0/qihang/gui_agent/images/ui_tars_zh_simulator/device1/instruction_14/sample_0/step_1.png' does not exist. Sleeping for 1 seconds...
Path '/data/oss_bucket_0/qihang/gui_agent/images/ui_tars_zh_simulator/device1/instruction_14/sample_0/step_1.png' does not exist. Sleeping for 1 seconds...
Path '/data/oss_bucket_0/qihang/gui_agent/images/ui_tars_zh_simulator/device1/instruction_14/sample_0/step_1.png' does not exist. Sleeping for 1 seconds...
Path '/data/oss_bucket_0/qihang/gui_agent/images/ui_tars_zh_simulator/device1/instruction_14/sample_0/step_1.png' does not exist. Sleeping for 1 seconds...
Path '/data/oss_bucket_0/qihang/gui_agent/images/ui_tars_zh_simulator/device1/instruction_14/sample_0/step_1.png' does not exist. Sleeping for 1 seconds...
Path '/data/oss_bucket_0/qihang/gui_agent/images/ui_tars_zh_simulator/device1/instruction_14/sample_0/step_1.png' exists! Reading the file...
Path '/data/oss_bucket_0/qihang/gui_agent/images/ui_tars_zh_simulator/device1/instruction_14/sample_0/step_0.png' exists! Reading the file...
Model Thought/Action: {'action': 'continue', 'thought': 'No tool call found.'}
--- Step 2 ---
Path '/data/oss_bucket_0/qihang/gui_agent/images/ui_tars_zh_simulator/device1/instruction_14/sample_0/step_2.png' does not exist. Sleeping for 1 seconds...
Path '/data/oss_bucket_0/qihang/gui_agent/images/ui_tars_zh_simulator/device1/instruction_14/sample_0/step_2.png' does not exist. Sleeping for 1 seconds...
Path '/data/oss_bucket_0/qihang/gui_agent/images/ui_tars_zh_simulator/device1/instruction_14/sample_0/step_2.png' does not exist. Sleeping for 1 seconds...
Path '/data/oss_bucket_0/qihang/gui_agent/images/ui_tars_zh_simulator/device1/instruction_14/sample_0/step_2.png' does not exist. Sleeping for 1 seconds...
Path '/data/oss_bucket_0/qihang/gui_agent/images/ui_tars_zh_simulator/device1/instruction_14/sample_0/step_2.png' does not exist. Sleeping for 1 seconds...
Path '/data/oss_bucket_0/qihang/gui_agent/images/ui_tars_zh_simulator/device1/instruction_14/sample_0/step_2.png' does not exist. Sleeping for 1 seconds...
Path '/data/oss_bucket_0/qihang/gui_agent/images/ui_tars_zh_simulator/device1/instruction_14/sample_0/step_2.png' exists! Reading the file...
Path '/data/oss_bucket_0/qihang/gui_agent/images/ui_tars_zh_simulator/device1/instruction_14/sample_0/step_1.png' exists! Reading the file...
Model Thought/Action: {'action': 'continue', 'thought': 'No tool call found.'}
--- Step 3 ---
Path '/data/oss_bucket_0/qihang/gui_agent/images/ui_tars_zh_simulator/device1/instruction_14/sample_0/step_3.png' does not exist. Sleeping for 1 seconds...
Path '/data/oss_bucket_0/qihang/gui_agent/images/ui_tars_zh_simulator/device1/instruction_14/sample_0/step_3.png' does not exist. Sleeping for 1 seconds...
Path '/data/oss_bucket_0/qihang/gui_agent/images/ui_tars_zh_simulator/device1/instruction_14/sample_0/step_3.png' does not exist. Sleeping for 1 seconds...
Path '/data/oss_bucket_0/qihang/gui_agent/images/ui_tars_zh_simulator/device1/instruction_14/sample_0/step_3.png' does not exist. Sleeping for 1 seconds...
Path '/data/oss_bucket_0/qihang/gui_agent/images/ui_tars_zh_simulator/device1/instruction_14/sample_0/step_3.png' does not exist. Sleeping for 1 seconds...
Path '/data/oss_bucket_0/qihang/gui_agent/images/ui_tars_zh_simulator/device1/instruction_14/sample_0/step_3.png' does not exist. Sleeping for 1 seconds...
Path '/data/oss_bucket_0/qihang/gui_agent/images/ui_tars_zh_simulator/device1/instruction_14/sample_0/step_3.png' exists! Reading the file...
Path '/data/oss_bucket_0/qihang/gui_agent/images/ui_tars_zh_simulator/device1/instruction_14/sample_0/step_2.png' exists! Reading the file...
Model Thought/Action: {'action': 'continue', 'thought': 'No tool call found.'}
--- Step 4 ---
Path '/data/oss_bucket_0/qihang/gui_agent/images/ui_tars_zh_simulator/device1/instruction_14/sample_0/step_4.png' does not exist. Sleeping for 1 seconds...
Path '/data/oss_bucket_0/qihang/gui_agent/images/ui_tars_zh_simulator/device1/instruction_14/sample_0/step_4.png' does not exist. Sleeping for 1 seconds...
Path '/data/oss_bucket_0/qihang/gui_agent/images/ui_tars_zh_simulator/device1/instruction_14/sample_0/step_4.png' does not exist. Sleeping for 1 seconds...
Path '/data/oss_bucket_0/qihang/gui_agent/images/ui_tars_zh_simulator/device1/instruction_14/sample_0/step_4.png' does not exist. Sleeping for 1 seconds...
Path '/data/oss_bucket_0/qihang/gui_agent/images/ui_tars_zh_simulator/device1/instruction_14/sample_0/step_4.png' does not exist. Sleeping for 1 seconds...
Path '/data/oss_bucket_0/qihang/gui_agent/images/ui_tars_zh_simulator/device1/instruction_14/sample_0/step_4.png' does not exist. Sleeping for 1 seconds...
Path '/data/oss_bucket_0/qihang/gui_agent/images/ui_tars_zh_simulator/device1/instruction_14/sample_0/step_4.png' exists! Reading the file...
Path '/data/oss_bucket_0/qihang/gui_agent/images/ui_tars_zh_simulator/device1/instruction_14/sample_0/step_3.png' exists! Reading the file...
Model Thought/Action: {'action': 'continue', 'thought': 'No tool call found.'}
--- Step 5 ---
Path '/data/oss_bucket_0/qihang/gui_agent/images/ui_tars_zh_simulator/device1/instruction_14/sample_0/step_5.png' does not exist. Sleeping for 1 seconds...
Path '/data/oss_bucket_0/qihang/gui_agent/images/ui_tars_zh_simulator/device1/instruction_14/sample_0/step_5.png' does not exist. Sleeping for 1 seconds...
Path '/data/oss_bucket_0/qihang/gui_agent/images/ui_tars_zh_simulator/device1/instruction_14/sample_0/step_5.png' does not exist. Sleeping for 1 seconds...
Path '/data/oss_bucket_0/qihang/gui_agent/images/ui_tars_zh_simulator/device1/instruction_14/sample_0/step_5.png' does not exist. Sleeping for 1 seconds...
Path '/data/oss_bucket_0/qihang/gui_agent/images/ui_tars_zh_simulator/device1/instruction_14/sample_0/step_5.png' does not exist. Sleeping for 1 seconds...
Path '/data/oss_bucket_0/qihang/gui_agent/images/ui_tars_zh_simulator/device1/instruction_14/sample_0/step_5.png' does not exist. Sleeping for 1 seconds...
Path '/data/oss_bucket_0/qihang/gui_agent/images/ui_tars_zh_simulator/device1/instruction_14/sample_0/step_5.png' exists! Reading the file...
Path '/data/oss_bucket_0/qihang/gui_agent/images/ui_tars_zh_simulator/device1/instruction_14/sample_0/step_4.png' exists! Reading the file...
Model Thought/Action: {'action': 'continue', 'thought': 'No tool call found.'}
--- Step 6 ---
Path '/data/oss_bucket_0/qihang/gui_agent/images/ui_tars_zh_simulator/device1/instruction_14/sample_0/step_6.png' does not exist. Sleeping for 1 seconds...
Path '/data/oss_bucket_0/qihang/gui_agent/images/ui_tars_zh_simulator/device1/instruction_14/sample_0/step_6.png' does not exist. Sleeping for 1 seconds...
Path '/data/oss_bucket_0/qihang/gui_agent/images/ui_tars_zh_simulator/device1/instruction_14/sample_0/step_6.png' does not exist. Sleeping for 1 seconds...
Path '/data/oss_bucket_0/qihang/gui_agent/images/ui_tars_zh_simulator/device1/instruction_14/sample_0/step_6.png' does not exist. Sleeping for 1 seconds...
Path '/data/oss_bucket_0/qihang/gui_agent/images/ui_tars_zh_simulator/device1/instruction_14/sample_0/step_6.png' does not exist. Sleeping for 1 seconds...
Path '/data/oss_bucket_0/qihang/gui_agent/images/ui_tars_zh_simulator/device1/instruction_14/sample_0/step_6.png' does not exist. Sleeping for 1 seconds...
Path '/data/oss_bucket_0/qihang/gui_agent/images/ui_tars_zh_simulator/device1/instruction_14/sample_0/step_6.png' exists! Reading the file...
Path '/data/oss_bucket_0/qihang/gui_agent/images/ui_tars_zh_simulator/device1/instruction_14/sample_0/step_5.png' exists! Reading the file...
Model Thought/Action: {'action': 'continue', 'thought': 'No tool call found.'}
--- Step 7 ---
Path '/data/oss_bucket_0/qihang/gui_agent/images/ui_tars_zh_simulator/device1/instruction_14/sample_0/step_7.png' does not exist. Sleeping for 1 seconds...
Path '/data/oss_bucket_0/qihang/gui_agent/images/ui_tars_zh_simulator/device1/instruction_14/sample_0/step_7.png' does not exist. Sleeping for 1 seconds...
Path '/data/oss_bucket_0/qihang/gui_agent/images/ui_tars_zh_simulator/device1/instruction_14/sample_0/step_7.png' does not exist. Sleeping for 1 seconds...
Path '/data/oss_bucket_0/qihang/gui_agent/images/ui_tars_zh_simulator/device1/instruction_14/sample_0/step_7.png' does not exist. Sleeping for 1 seconds...
Path '/data/oss_bucket_0/qihang/gui_agent/images/ui_tars_zh_simulator/device1/instruction_14/sample_0/step_7.png' does not exist. Sleeping for 1 seconds...
Path '/data/oss_bucket_0/qihang/gui_agent/images/ui_tars_zh_simulator/device1/instruction_14/sample_0/step_7.png' does not exist. Sleeping for 1 seconds...
Path '/data/oss_bucket_0/qihang/gui_agent/images/ui_tars_zh_simulator/device1/instruction_14/sample_0/step_7.png' exists! Reading the file...
Path '/data/oss_bucket_0/qihang/gui_agent/images/ui_tars_zh_simulator/device1/instruction_14/sample_0/step_6.png' exists! Reading the file...
Model Thought/Action: {'action': 'continue', 'thought': 'No tool call found.'}
--- Step 8 ---
Path '/data/oss_bucket_0/qihang/gui_agent/images/ui_tars_zh_simulator/device1/instruction_14/sample_0/step_8.png' does not exist. Sleeping for 1 seconds...
Path '/data/oss_bucket_0/qihang/gui_agent/images/ui_tars_zh_simulator/device1/instruction_14/sample_0/step_8.png' does not exist. Sleeping for 1 seconds...
Path '/data/oss_bucket_0/qihang/gui_agent/images/ui_tars_zh_simulator/device1/instruction_14/sample_0/step_8.png' does not exist. Sleeping for 1 seconds...
Path '/data/oss_bucket_0/qihang/gui_agent/images/ui_tars_zh_simulator/device1/instruction_14/sample_0/step_8.png' does not exist. Sleeping for 1 seconds...
Path '/data/oss_bucket_0/qihang/gui_agent/images/ui_tars_zh_simulator/device1/instruction_14/sample_0/step_8.png' does not exist. Sleeping for 1 seconds...
Path '/data/oss_bucket_0/qihang/gui_agent/images/ui_tars_zh_simulator/device1/instruction_14/sample_0/step_8.png' does not exist. Sleeping for 1 seconds...
Path '/data/oss_bucket_0/qihang/gui_agent/images/ui_tars_zh_simulator/device1/instruction_14/sample_0/step_8.png' exists! Reading the file...
Path '/data/oss_bucket_0/qihang/gui_agent/images/ui_tars_zh_simulator/device1/instruction_14/sample_0/step_7.png' exists! Reading the file...
Model Thought/Action: {'action': 'continue', 'thought': 'No tool call found.'}
--- Step 9 ---
Path '/data/oss_bucket_0/qihang/gui_agent/images/ui_tars_zh_simulator/device1/instruction_14/sample_0/step_9.png' does not exist. Sleeping for 1 seconds...
Path '/data/oss_bucket_0/qihang/gui_agent/images/ui_tars_zh_simulator/device1/instruction_14/sample_0/step_9.png' does not exist. Sleeping for 1 seconds...
Path '/data/oss_bucket_0/qihang/gui_agent/images/ui_tars_zh_simulator/device1/instruction_14/sample_0/step_9.png' does not exist. Sleeping for 1 seconds...
Path '/data/oss_bucket_0/qihang/gui_agent/images/ui_tars_zh_simulator/device1/instruction_14/sample_0/step_9.png' does not exist. Sleeping for 1 seconds...
Path '/data/oss_bucket_0/qihang/gui_agent/images/ui_tars_zh_simulator/device1/instruction_14/sample_0/step_9.png' does not exist. Sleeping for 1 seconds...
Path '/data/oss_bucket_0/qihang/gui_agent/images/ui_tars_zh_simulator/device1/instruction_14/sample_0/step_9.png' does not exist. Sleeping for 1 seconds...
Path '/data/oss_bucket_0/qihang/gui_agent/images/ui_tars_zh_simulator/device1/instruction_14/sample_0/step_9.png' exists! Reading the file...
Path '/data/oss_bucket_0/qihang/gui_agent/images/ui_tars_zh_simulator/device1/instruction_14/sample_0/step_8.png' exists! Reading the file...
Model Thought/Action: {'action': 'continue', 'thought': 'No tool call found.'}
--- Step 10 ---
Path '/data/oss_bucket_0/qihang/gui_agent/images/ui_tars_zh_simulator/device1/instruction_14/sample_0/step_10.png' does not exist. Sleeping for 1 seconds...
Path '/data/oss_bucket_0/qihang/gui_agent/images/ui_tars_zh_simulator/device1/instruction_14/sample_0/step_10.png' does not exist. Sleeping for 1 seconds...
Path '/data/oss_bucket_0/qihang/gui_agent/images/ui_tars_zh_simulator/device1/instruction_14/sample_0/step_10.png' does not exist. Sleeping for 1 seconds...
Path '/data/oss_bucket_0/qihang/gui_agent/images/ui_tars_zh_simulator/device1/instruction_14/sample_0/step_10.png' does not exist. Sleeping for 1 seconds...
Path '/data/oss_bucket_0/qihang/gui_agent/images/ui_tars_zh_simulator/device1/instruction_14/sample_0/step_10.png' does not exist. Sleeping for 1 seconds...
Path '/data/oss_bucket_0/qihang/gui_agent/images/ui_tars_zh_simulator/device1/instruction_14/sample_0/step_10.png' does not exist. Sleeping for 1 seconds...
Path '/data/oss_bucket_0/qihang/gui_agent/images/ui_tars_zh_simulator/device1/instruction_14/sample_0/step_10.png' exists! Reading the file...
Path '/data/oss_bucket_0/qihang/gui_agent/images/ui_tars_zh_simulator/device1/instruction_14/sample_0/step_9.png' exists! Reading the file...
Model Thought/Action: {'action': 'continue', 'thought': 'No tool call found.'}
--- Step 11 ---
Path '/data/oss_bucket_0/qihang/gui_agent/images/ui_tars_zh_simulator/device1/instruction_14/sample_0/step_11.png' does not exist. Sleeping for 1 seconds...
Path '/data/oss_bucket_0/qihang/gui_agent/images/ui_tars_zh_simulator/device1/instruction_14/sample_0/step_11.png' does not exist. Sleeping for 1 seconds...
Path '/data/oss_bucket_0/qihang/gui_agent/images/ui_tars_zh_simulator/device1/instruction_14/sample_0/step_11.png' does not exist. Sleeping for 1 seconds...
Path '/data/oss_bucket_0/qihang/gui_agent/images/ui_tars_zh_simulator/device1/instruction_14/sample_0/step_11.png' does not exist. Sleeping for 1 seconds...
Path '/data/oss_bucket_0/qihang/gui_agent/images/ui_tars_zh_simulator/device1/instruction_14/sample_0/step_11.png' does not exist. Sleeping for 1 seconds...
Path '/data/oss_bucket_0/qihang/gui_agent/images/ui_tars_zh_simulator/device1/instruction_14/sample_0/step_11.png' does not exist. Sleeping for 1 seconds...
Path '/data/oss_bucket_0/qihang/gui_agent/images/ui_tars_zh_simulator/device1/instruction_14/sample_0/step_11.png' exists! Reading the file...
Path '/data/oss_bucket_0/qihang/gui_agent/images/ui_tars_zh_simulator/device1/instruction_14/sample_0/step_10.png' exists! Reading the file...
Model Thought/Action: {'action': 'continue', 'thought': 'No tool call found.'}
--- Step 12 ---
Path '/data/oss_bucket_0/qihang/gui_agent/images/ui_tars_zh_simulator/device1/instruction_14/sample_0/step_12.png' does not exist. Sleeping for 1 seconds...
Path '/data/oss_bucket_0/qihang/gui_agent/images/ui_tars_zh_simulator/device1/instruction_14/sample_0/step_12.png' does not exist. Sleeping for 1 seconds...
Path '/data/oss_bucket_0/qihang/gui_agent/images/ui_tars_zh_simulator/device1/instruction_14/sample_0/step_12.png' does not exist. Sleeping for 1 seconds...
Path '/data/oss_bucket_0/qihang/gui_agent/images/ui_tars_zh_simulator/device1/instruction_14/sample_0/step_12.png' does not exist. Sleeping for 1 seconds...
Path '/data/oss_bucket_0/qihang/gui_agent/images/ui_tars_zh_simulator/device1/instruction_14/sample_0/step_12.png' does not exist. Sleeping for 1 seconds...
Path '/data/oss_bucket_0/qihang/gui_agent/images/ui_tars_zh_simulator/device1/instruction_14/sample_0/step_12.png' does not exist. Sleeping for 1 seconds...
Path '/data/oss_bucket_0/qihang/gui_agent/images/ui_tars_zh_simulator/device1/instruction_14/sample_0/step_12.png' exists! Reading the file...
Path '/data/oss_bucket_0/qihang/gui_agent/images/ui_tars_zh_simulator/device1/instruction_14/sample_0/step_11.png' exists! Reading the file...
Model Thought/Action: {'action': 'continue', 'thought': 'No tool call found.'}
--- Step 13 ---
Path '/data/oss_bucket_0/qihang/gui_agent/images/ui_tars_zh_simulator/device1/instruction_14/sample_0/step_13.png' does not exist. Sleeping for 1 seconds...
Path '/data/oss_bucket_0/qihang/gui_agent/images/ui_tars_zh_simulator/device1/instruction_14/sample_0/step_13.png' does not exist. Sleeping for 1 seconds...
Path '/data/oss_bucket_0/qihang/gui_agent/images/ui_tars_zh_simulator/device1/instruction_14/sample_0/step_13.png' does not exist. Sleeping for 1 seconds...
Path '/data/oss_bucket_0/qihang/gui_agent/images/ui_tars_zh_simulator/device1/instruction_14/sample_0/step_13.png' does not exist. Sleeping for 1 seconds...
Path '/data/oss_bucket_0/qihang/gui_agent/images/ui_tars_zh_simulator/device1/instruction_14/sample_0/step_13.png' does not exist. Sleeping for 1 seconds...
Path '/data/oss_bucket_0/qihang/gui_agent/images/ui_tars_zh_simulator/device1/instruction_14/sample_0/step_13.png' does not exist. Sleeping for 1 seconds...
Path '/data/oss_bucket_0/qihang/gui_agent/images/ui_tars_zh_simulator/device1/instruction_14/sample_0/step_13.png' exists! Reading the file...
Path '/data/oss_bucket_0/qihang/gui_agent/images/ui_tars_zh_simulator/device1/instruction_14/sample_0/step_12.png' exists! Reading the file...
Model Thought/Action: {'action': 'continue', 'thought': 'No tool call found.'}
--- Step 14 ---
Path '/data/oss_bucket_0/qihang/gui_agent/images/ui_tars_zh_simulator/device1/instruction_14/sample_0/step_14.png' does not exist. Sleeping for 1 seconds...
Path '/data/oss_bucket_0/qihang/gui_agent/images/ui_tars_zh_simulator/device1/instruction_14/sample_0/step_14.png' does not exist. Sleeping for 1 seconds...
Path '/data/oss_bucket_0/qihang/gui_agent/images/ui_tars_zh_simulator/device1/instruction_14/sample_0/step_14.png' does not exist. Sleeping for 1 seconds...
Path '/data/oss_bucket_0/qihang/gui_agent/images/ui_tars_zh_simulator/device1/instruction_14/sample_0/step_14.png' does not exist. Sleeping for 1 seconds...
Path '/data/oss_bucket_0/qihang/gui_agent/images/ui_tars_zh_simulator/device1/instruction_14/sample_0/step_14.png' does not exist. Sleeping for 1 seconds...
Path '/data/oss_bucket_0/qihang/gui_agent/images/ui_tars_zh_simulator/device1/instruction_14/sample_0/step_14.png' does not exist. Sleeping for 1 seconds...
Path '/data/oss_bucket_0/qihang/gui_agent/images/ui_tars_zh_simulator/device1/instruction_14/sample_0/step_14.png' exists! Reading the file...
Path '/data/oss_bucket_0/qihang/gui_agent/images/ui_tars_zh_simulator/device1/instruction_14/sample_0/step_13.png' exists! Reading the file...
Model Thought/Action: {'action': 'continue', 'thought': 'No tool call found.'}
--- Judging with GPT-4o ---
GPT-4o Evaluation Response: {'reason': 'The agent repeatedly attempted to find the Bilibili app by swiping left on the home screen but failed to locate it. The actions were redundant and did not progress towards completing the task of playing the video. The task was not completed as the Bilibili app was never opened, and no video was played. There was no user interaction to resolve the issue or seek guidance.', 'reward': 0, 'status': 'failure', 'inquiry': 'failure'}
Evaluating Instructions:  34%|███▍      | 14/41 [41:19<1:17:27, 172.14s/it]
===== Evaluating Instruction 15/41 =====
Instruction: 打开b站播放博主'老番茄'发布的最新一期游戏解说视频。
--- Step 0 ---
Path '/data/oss_bucket_0/qihang/gui_agent/images/ui_tars_zh_simulator/device1/instruction_15/sample_0/step_0.png' exists! Reading the file...
Model Thought/Action: {'action': 'error', 'thought': 'JSON decode error.'}
--- Step 1 ---
Path '/data/oss_bucket_0/qihang/gui_agent/images/ui_tars_zh_simulator/device1/instruction_15/sample_0/step_1.png' does not exist. Sleeping for 1 seconds...
Path '/data/oss_bucket_0/qihang/gui_agent/images/ui_tars_zh_simulator/device1/instruction_15/sample_0/step_1.png' does not exist. Sleeping for 1 seconds...
Path '/data/oss_bucket_0/qihang/gui_agent/images/ui_tars_zh_simulator/device1/instruction_15/sample_0/step_1.png' does not exist. Sleeping for 1 seconds...
Path '/data/oss_bucket_0/qihang/gui_agent/images/ui_tars_zh_simulator/device1/instruction_15/sample_0/step_1.png' does not exist. Sleeping for 1 seconds...
Path '/data/oss_bucket_0/qihang/gui_agent/images/ui_tars_zh_simulator/device1/instruction_15/sample_0/step_1.png' does not exist. Sleeping for 1 seconds...
Path '/data/oss_bucket_0/qihang/gui_agent/images/ui_tars_zh_simulator/device1/instruction_15/sample_0/step_1.png' does not exist. Sleeping for 1 seconds...
Path '/data/oss_bucket_0/qihang/gui_agent/images/ui_tars_zh_simulator/device1/instruction_15/sample_0/step_1.png' does not exist. Sleeping for 1 seconds...
Path '/data/oss_bucket_0/qihang/gui_agent/images/ui_tars_zh_simulator/device1/instruction_15/sample_0/step_1.png' does not exist. Sleeping for 1 seconds...
Path '/data/oss_bucket_0/qihang/gui_agent/images/ui_tars_zh_simulator/device1/instruction_15/sample_0/step_1.png' does not exist. Sleeping for 1 seconds...
Path '/data/oss_bucket_0/qihang/gui_agent/images/ui_tars_zh_simulator/device1/instruction_15/sample_0/step_1.png' does not exist. Sleeping for 1 seconds...
Path '/data/oss_bucket_0/qihang/gui_agent/images/ui_tars_zh_simulator/device1/instruction_15/sample_0/step_1.png' does not exist. Sleeping for 1 seconds...
Path '/data/oss_bucket_0/qihang/gui_agent/images/ui_tars_zh_simulator/device1/instruction_15/sample_0/step_1.png' does not exist. Sleeping for 1 seconds...
Path '/data/oss_bucket_0/qihang/gui_agent/images/ui_tars_zh_simulator/device1/instruction_15/sample_0/step_1.png' exists! Reading the file...
Path '/data/oss_bucket_0/qihang/gui_agent/images/ui_tars_zh_simulator/device1/instruction_15/sample_0/step_0.png' exists! Reading the file...
Model Thought/Action: {'action': 'error', 'thought': 'JSON decode error.'}
--- Step 2 ---
Path '/data/oss_bucket_0/qihang/gui_agent/images/ui_tars_zh_simulator/device1/instruction_15/sample_0/step_2.png' does not exist. Sleeping for 1 seconds...
Path '/data/oss_bucket_0/qihang/gui_agent/images/ui_tars_zh_simulator/device1/instruction_15/sample_0/step_2.png' does not exist. Sleeping for 1 seconds...
Path '/data/oss_bucket_0/qihang/gui_agent/images/ui_tars_zh_simulator/device1/instruction_15/sample_0/step_2.png' does not exist. Sleeping for 1 seconds...
Path '/data/oss_bucket_0/qihang/gui_agent/images/ui_tars_zh_simulator/device1/instruction_15/sample_0/step_2.png' does not exist. Sleeping for 1 seconds...
Path '/data/oss_bucket_0/qihang/gui_agent/images/ui_tars_zh_simulator/device1/instruction_15/sample_0/step_2.png' does not exist. Sleeping for 1 seconds...
Path '/data/oss_bucket_0/qihang/gui_agent/images/ui_tars_zh_simulator/device1/instruction_15/sample_0/step_2.png' does not exist. Sleeping for 1 seconds...
Path '/data/oss_bucket_0/qihang/gui_agent/images/ui_tars_zh_simulator/device1/instruction_15/sample_0/step_2.png' exists! Reading the file...
Path '/data/oss_bucket_0/qihang/gui_agent/images/ui_tars_zh_simulator/device1/instruction_15/sample_0/step_1.png' exists! Reading the file...
Model Thought/Action: {'action': 'error', 'thought': 'JSON decode error.'}
--- Step 3 ---
Path '/data/oss_bucket_0/qihang/gui_agent/images/ui_tars_zh_simulator/device1/instruction_15/sample_0/step_3.png' does not exist. Sleeping for 1 seconds...
Path '/data/oss_bucket_0/qihang/gui_agent/images/ui_tars_zh_simulator/device1/instruction_15/sample_0/step_3.png' does not exist. Sleeping for 1 seconds...
Path '/data/oss_bucket_0/qihang/gui_agent/images/ui_tars_zh_simulator/device1/instruction_15/sample_0/step_3.png' does not exist. Sleeping for 1 seconds...
Path '/data/oss_bucket_0/qihang/gui_agent/images/ui_tars_zh_simulator/device1/instruction_15/sample_0/step_3.png' does not exist. Sleeping for 1 seconds...
Path '/data/oss_bucket_0/qihang/gui_agent/images/ui_tars_zh_simulator/device1/instruction_15/sample_0/step_3.png' does not exist. Sleeping for 1 seconds...
Path '/data/oss_bucket_0/qihang/gui_agent/images/ui_tars_zh_simulator/device1/instruction_15/sample_0/step_3.png' does not exist. Sleeping for 1 seconds...
Path '/data/oss_bucket_0/qihang/gui_agent/images/ui_tars_zh_simulator/device1/instruction_15/sample_0/step_3.png' exists! Reading the file...
Path '/data/oss_bucket_0/qihang/gui_agent/images/ui_tars_zh_simulator/device1/instruction_15/sample_0/step_2.png' exists! Reading the file...
Model Thought/Action: {'action': 'continue', 'thought': 'No tool call found.'}
--- Step 4 ---
Path '/data/oss_bucket_0/qihang/gui_agent/images/ui_tars_zh_simulator/device1/instruction_15/sample_0/step_4.png' does not exist. Sleeping for 1 seconds...
Path '/data/oss_bucket_0/qihang/gui_agent/images/ui_tars_zh_simulator/device1/instruction_15/sample_0/step_4.png' does not exist. Sleeping for 1 seconds...
Path '/data/oss_bucket_0/qihang/gui_agent/images/ui_tars_zh_simulator/device1/instruction_15/sample_0/step_4.png' does not exist. Sleeping for 1 seconds...
Path '/data/oss_bucket_0/qihang/gui_agent/images/ui_tars_zh_simulator/device1/instruction_15/sample_0/step_4.png' does not exist. Sleeping for 1 seconds...
Path '/data/oss_bucket_0/qihang/gui_agent/images/ui_tars_zh_simulator/device1/instruction_15/sample_0/step_4.png' does not exist. Sleeping for 1 seconds...
Path '/data/oss_bucket_0/qihang/gui_agent/images/ui_tars_zh_simulator/device1/instruction_15/sample_0/step_4.png' does not exist. Sleeping for 1 seconds...
Path '/data/oss_bucket_0/qihang/gui_agent/images/ui_tars_zh_simulator/device1/instruction_15/sample_0/step_4.png' exists! Reading the file...
Path '/data/oss_bucket_0/qihang/gui_agent/images/ui_tars_zh_simulator/device1/instruction_15/sample_0/step_3.png' exists! Reading the file...
Model Thought/Action: {'action': 'continue', 'thought': 'No tool call found.'}
--- Step 5 ---
Path '/data/oss_bucket_0/qihang/gui_agent/images/ui_tars_zh_simulator/device1/instruction_15/sample_0/step_5.png' does not exist. Sleeping for 1 seconds...
Path '/data/oss_bucket_0/qihang/gui_agent/images/ui_tars_zh_simulator/device1/instruction_15/sample_0/step_5.png' does not exist. Sleeping for 1 seconds...
Path '/data/oss_bucket_0/qihang/gui_agent/images/ui_tars_zh_simulator/device1/instruction_15/sample_0/step_5.png' does not exist. Sleeping for 1 seconds...
Path '/data/oss_bucket_0/qihang/gui_agent/images/ui_tars_zh_simulator/device1/instruction_15/sample_0/step_5.png' does not exist. Sleeping for 1 seconds...
Path '/data/oss_bucket_0/qihang/gui_agent/images/ui_tars_zh_simulator/device1/instruction_15/sample_0/step_5.png' does not exist. Sleeping for 1 seconds...
Path '/data/oss_bucket_0/qihang/gui_agent/images/ui_tars_zh_simulator/device1/instruction_15/sample_0/step_5.png' does not exist. Sleeping for 1 seconds...
Path '/data/oss_bucket_0/qihang/gui_agent/images/ui_tars_zh_simulator/device1/instruction_15/sample_0/step_5.png' exists! Reading the file...
Path '/data/oss_bucket_0/qihang/gui_agent/images/ui_tars_zh_simulator/device1/instruction_15/sample_0/step_4.png' exists! Reading the file...
Model Thought/Action: {'action': 'continue', 'thought': 'No tool call found.'}
--- Step 6 ---
Path '/data/oss_bucket_0/qihang/gui_agent/images/ui_tars_zh_simulator/device1/instruction_15/sample_0/step_6.png' does not exist. Sleeping for 1 seconds...
Path '/data/oss_bucket_0/qihang/gui_agent/images/ui_tars_zh_simulator/device1/instruction_15/sample_0/step_6.png' does not exist. Sleeping for 1 seconds...
Path '/data/oss_bucket_0/qihang/gui_agent/images/ui_tars_zh_simulator/device1/instruction_15/sample_0/step_6.png' does not exist. Sleeping for 1 seconds...
Path '/data/oss_bucket_0/qihang/gui_agent/images/ui_tars_zh_simulator/device1/instruction_15/sample_0/step_6.png' does not exist. Sleeping for 1 seconds...
Path '/data/oss_bucket_0/qihang/gui_agent/images/ui_tars_zh_simulator/device1/instruction_15/sample_0/step_6.png' does not exist. Sleeping for 1 seconds...
Path '/data/oss_bucket_0/qihang/gui_agent/images/ui_tars_zh_simulator/device1/instruction_15/sample_0/step_6.png' does not exist. Sleeping for 1 seconds...
Path '/data/oss_bucket_0/qihang/gui_agent/images/ui_tars_zh_simulator/device1/instruction_15/sample_0/step_6.png' exists! Reading the file...
Path '/data/oss_bucket_0/qihang/gui_agent/images/ui_tars_zh_simulator/device1/instruction_15/sample_0/step_5.png' exists! Reading the file...
Model Thought/Action: {'action': 'continue', 'thought': 'No tool call found.'}
--- Step 7 ---
Path '/data/oss_bucket_0/qihang/gui_agent/images/ui_tars_zh_simulator/device1/instruction_15/sample_0/step_7.png' does not exist. Sleeping for 1 seconds...
Path '/data/oss_bucket_0/qihang/gui_agent/images/ui_tars_zh_simulator/device1/instruction_15/sample_0/step_7.png' does not exist. Sleeping for 1 seconds...
Path '/data/oss_bucket_0/qihang/gui_agent/images/ui_tars_zh_simulator/device1/instruction_15/sample_0/step_7.png' does not exist. Sleeping for 1 seconds...
Path '/data/oss_bucket_0/qihang/gui_agent/images/ui_tars_zh_simulator/device1/instruction_15/sample_0/step_7.png' does not exist. Sleeping for 1 seconds...
Path '/data/oss_bucket_0/qihang/gui_agent/images/ui_tars_zh_simulator/device1/instruction_15/sample_0/step_7.png' does not exist. Sleeping for 1 seconds...
Path '/data/oss_bucket_0/qihang/gui_agent/images/ui_tars_zh_simulator/device1/instruction_15/sample_0/step_7.png' does not exist. Sleeping for 1 seconds...
Path '/data/oss_bucket_0/qihang/gui_agent/images/ui_tars_zh_simulator/device1/instruction_15/sample_0/step_7.png' exists! Reading the file...
Path '/data/oss_bucket_0/qihang/gui_agent/images/ui_tars_zh_simulator/device1/instruction_15/sample_0/step_6.png' exists! Reading the file...
Model Thought/Action: {'action': 'continue', 'thought': 'No tool call found.'}
--- Step 8 ---
Path '/data/oss_bucket_0/qihang/gui_agent/images/ui_tars_zh_simulator/device1/instruction_15/sample_0/step_8.png' does not exist. Sleeping for 1 seconds...
Path '/data/oss_bucket_0/qihang/gui_agent/images/ui_tars_zh_simulator/device1/instruction_15/sample_0/step_8.png' does not exist. Sleeping for 1 seconds...
Path '/data/oss_bucket_0/qihang/gui_agent/images/ui_tars_zh_simulator/device1/instruction_15/sample_0/step_8.png' does not exist. Sleeping for 1 seconds...
Path '/data/oss_bucket_0/qihang/gui_agent/images/ui_tars_zh_simulator/device1/instruction_15/sample_0/step_8.png' does not exist. Sleeping for 1 seconds...
Path '/data/oss_bucket_0/qihang/gui_agent/images/ui_tars_zh_simulator/device1/instruction_15/sample_0/step_8.png' does not exist. Sleeping for 1 seconds...
Path '/data/oss_bucket_0/qihang/gui_agent/images/ui_tars_zh_simulator/device1/instruction_15/sample_0/step_8.png' does not exist. Sleeping for 1 seconds...
Path '/data/oss_bucket_0/qihang/gui_agent/images/ui_tars_zh_simulator/device1/instruction_15/sample_0/step_8.png' exists! Reading the file...
Path '/data/oss_bucket_0/qihang/gui_agent/images/ui_tars_zh_simulator/device1/instruction_15/sample_0/step_7.png' exists! Reading the file...
Model Thought/Action: {'action': 'continue', 'thought': 'No tool call found.'}
--- Step 9 ---
Path '/data/oss_bucket_0/qihang/gui_agent/images/ui_tars_zh_simulator/device1/instruction_15/sample_0/step_9.png' does not exist. Sleeping for 1 seconds...
Path '/data/oss_bucket_0/qihang/gui_agent/images/ui_tars_zh_simulator/device1/instruction_15/sample_0/step_9.png' does not exist. Sleeping for 1 seconds...
Path '/data/oss_bucket_0/qihang/gui_agent/images/ui_tars_zh_simulator/device1/instruction_15/sample_0/step_9.png' does not exist. Sleeping for 1 seconds...
Path '/data/oss_bucket_0/qihang/gui_agent/images/ui_tars_zh_simulator/device1/instruction_15/sample_0/step_9.png' does not exist. Sleeping for 1 seconds...
Path '/data/oss_bucket_0/qihang/gui_agent/images/ui_tars_zh_simulator/device1/instruction_15/sample_0/step_9.png' does not exist. Sleeping for 1 seconds...
Path '/data/oss_bucket_0/qihang/gui_agent/images/ui_tars_zh_simulator/device1/instruction_15/sample_0/step_9.png' does not exist. Sleeping for 1 seconds...
Path '/data/oss_bucket_0/qihang/gui_agent/images/ui_tars_zh_simulator/device1/instruction_15/sample_0/step_9.png' exists! Reading the file...
Path '/data/oss_bucket_0/qihang/gui_agent/images/ui_tars_zh_simulator/device1/instruction_15/sample_0/step_8.png' exists! Reading the file...
Model Thought/Action: {'action': 'continue', 'thought': 'No tool call found.'}
--- Step 10 ---
Path '/data/oss_bucket_0/qihang/gui_agent/images/ui_tars_zh_simulator/device1/instruction_15/sample_0/step_10.png' does not exist. Sleeping for 1 seconds...
Path '/data/oss_bucket_0/qihang/gui_agent/images/ui_tars_zh_simulator/device1/instruction_15/sample_0/step_10.png' does not exist. Sleeping for 1 seconds...
Path '/data/oss_bucket_0/qihang/gui_agent/images/ui_tars_zh_simulator/device1/instruction_15/sample_0/step_10.png' does not exist. Sleeping for 1 seconds...
Path '/data/oss_bucket_0/qihang/gui_agent/images/ui_tars_zh_simulator/device1/instruction_15/sample_0/step_10.png' does not exist. Sleeping for 1 seconds...
Path '/data/oss_bucket_0/qihang/gui_agent/images/ui_tars_zh_simulator/device1/instruction_15/sample_0/step_10.png' does not exist. Sleeping for 1 seconds...
Path '/data/oss_bucket_0/qihang/gui_agent/images/ui_tars_zh_simulator/device1/instruction_15/sample_0/step_10.png' does not exist. Sleeping for 1 seconds...
Path '/data/oss_bucket_0/qihang/gui_agent/images/ui_tars_zh_simulator/device1/instruction_15/sample_0/step_10.png' exists! Reading the file...
Path '/data/oss_bucket_0/qihang/gui_agent/images/ui_tars_zh_simulator/device1/instruction_15/sample_0/step_9.png' exists! Reading the file...
Model Thought/Action: {'action': 'continue', 'thought': 'No tool call found.'}
--- Step 11 ---
Path '/data/oss_bucket_0/qihang/gui_agent/images/ui_tars_zh_simulator/device1/instruction_15/sample_0/step_11.png' does not exist. Sleeping for 1 seconds...
Path '/data/oss_bucket_0/qihang/gui_agent/images/ui_tars_zh_simulator/device1/instruction_15/sample_0/step_11.png' does not exist. Sleeping for 1 seconds...
Path '/data/oss_bucket_0/qihang/gui_agent/images/ui_tars_zh_simulator/device1/instruction_15/sample_0/step_11.png' does not exist. Sleeping for 1 seconds...
Path '/data/oss_bucket_0/qihang/gui_agent/images/ui_tars_zh_simulator/device1/instruction_15/sample_0/step_11.png' does not exist. Sleeping for 1 seconds...
Path '/data/oss_bucket_0/qihang/gui_agent/images/ui_tars_zh_simulator/device1/instruction_15/sample_0/step_11.png' does not exist. Sleeping for 1 seconds...
Path '/data/oss_bucket_0/qihang/gui_agent/images/ui_tars_zh_simulator/device1/instruction_15/sample_0/step_11.png' does not exist. Sleeping for 1 seconds...
Path '/data/oss_bucket_0/qihang/gui_agent/images/ui_tars_zh_simulator/device1/instruction_15/sample_0/step_11.png' exists! Reading the file...
Path '/data/oss_bucket_0/qihang/gui_agent/images/ui_tars_zh_simulator/device1/instruction_15/sample_0/step_10.png' exists! Reading the file...
Model Thought/Action: {'action': 'continue', 'thought': 'No tool call found.'}
--- Step 12 ---
Path '/data/oss_bucket_0/qihang/gui_agent/images/ui_tars_zh_simulator/device1/instruction_15/sample_0/step_12.png' does not exist. Sleeping for 1 seconds...
Path '/data/oss_bucket_0/qihang/gui_agent/images/ui_tars_zh_simulator/device1/instruction_15/sample_0/step_12.png' does not exist. Sleeping for 1 seconds...
Path '/data/oss_bucket_0/qihang/gui_agent/images/ui_tars_zh_simulator/device1/instruction_15/sample_0/step_12.png' does not exist. Sleeping for 1 seconds...
Path '/data/oss_bucket_0/qihang/gui_agent/images/ui_tars_zh_simulator/device1/instruction_15/sample_0/step_12.png' does not exist. Sleeping for 1 seconds...
Path '/data/oss_bucket_0/qihang/gui_agent/images/ui_tars_zh_simulator/device1/instruction_15/sample_0/step_12.png' does not exist. Sleeping for 1 seconds...
Path '/data/oss_bucket_0/qihang/gui_agent/images/ui_tars_zh_simulator/device1/instruction_15/sample_0/step_12.png' does not exist. Sleeping for 1 seconds...
Path '/data/oss_bucket_0/qihang/gui_agent/images/ui_tars_zh_simulator/device1/instruction_15/sample_0/step_12.png' exists! Reading the file...
Path '/data/oss_bucket_0/qihang/gui_agent/images/ui_tars_zh_simulator/device1/instruction_15/sample_0/step_11.png' exists! Reading the file...
Model Thought/Action: {'action': 'continue', 'thought': 'No tool call found.'}
--- Step 13 ---
Path '/data/oss_bucket_0/qihang/gui_agent/images/ui_tars_zh_simulator/device1/instruction_15/sample_0/step_13.png' does not exist. Sleeping for 1 seconds...
Path '/data/oss_bucket_0/qihang/gui_agent/images/ui_tars_zh_simulator/device1/instruction_15/sample_0/step_13.png' does not exist. Sleeping for 1 seconds...
Path '/data/oss_bucket_0/qihang/gui_agent/images/ui_tars_zh_simulator/device1/instruction_15/sample_0/step_13.png' does not exist. Sleeping for 1 seconds...
Path '/data/oss_bucket_0/qihang/gui_agent/images/ui_tars_zh_simulator/device1/instruction_15/sample_0/step_13.png' does not exist. Sleeping for 1 seconds...
Path '/data/oss_bucket_0/qihang/gui_agent/images/ui_tars_zh_simulator/device1/instruction_15/sample_0/step_13.png' does not exist. Sleeping for 1 seconds...
Path '/data/oss_bucket_0/qihang/gui_agent/images/ui_tars_zh_simulator/device1/instruction_15/sample_0/step_13.png' does not exist. Sleeping for 1 seconds...
Path '/data/oss_bucket_0/qihang/gui_agent/images/ui_tars_zh_simulator/device1/instruction_15/sample_0/step_13.png' exists! Reading the file...
Path '/data/oss_bucket_0/qihang/gui_agent/images/ui_tars_zh_simulator/device1/instruction_15/sample_0/step_12.png' exists! Reading the file...
Model Thought/Action: {'action': 'continue', 'thought': 'No tool call found.'}
--- Step 14 ---
Path '/data/oss_bucket_0/qihang/gui_agent/images/ui_tars_zh_simulator/device1/instruction_15/sample_0/step_14.png' does not exist. Sleeping for 1 seconds...
Path '/data/oss_bucket_0/qihang/gui_agent/images/ui_tars_zh_simulator/device1/instruction_15/sample_0/step_14.png' does not exist. Sleeping for 1 seconds...
Path '/data/oss_bucket_0/qihang/gui_agent/images/ui_tars_zh_simulator/device1/instruction_15/sample_0/step_14.png' does not exist. Sleeping for 1 seconds...
Path '/data/oss_bucket_0/qihang/gui_agent/images/ui_tars_zh_simulator/device1/instruction_15/sample_0/step_14.png' does not exist. Sleeping for 1 seconds...
Path '/data/oss_bucket_0/qihang/gui_agent/images/ui_tars_zh_simulator/device1/instruction_15/sample_0/step_14.png' does not exist. Sleeping for 1 seconds...
Path '/data/oss_bucket_0/qihang/gui_agent/images/ui_tars_zh_simulator/device1/instruction_15/sample_0/step_14.png' does not exist. Sleeping for 1 seconds...
Path '/data/oss_bucket_0/qihang/gui_agent/images/ui_tars_zh_simulator/device1/instruction_15/sample_0/step_14.png' exists! Reading the file...
Path '/data/oss_bucket_0/qihang/gui_agent/images/ui_tars_zh_simulator/device1/instruction_15/sample_0/step_13.png' exists! Reading the file...
Model Thought/Action: {'action': 'continue', 'thought': 'No tool call found.'}
--- Judging with GPT-4o ---
GPT-4o Evaluation Response: {'reason': "The agent repeatedly attempted to click on the YouTube icon, which is not relevant to the task of opening Bilibili (b站) to play a video by '老番茄'. The agent did not make any progress towards the task goal and was stuck in a loop of clicking the wrong application icon. There was no attempt to open Bilibili or search for the video, and no user interaction was sought to correct the course of action.", 'reward': 0, 'status': 'failure', 'inquiry': 'failure'}
Evaluating Instructions:  37%|███▋      | 15/41 [43:43<1:10:48, 163.41s/it]
===== Evaluating Instruction 16/41 =====
Instruction: 我的衣服穿破了。
--- Step 0 ---
Path '/data/oss_bucket_0/qihang/gui_agent/images/ui_tars_zh_simulator/device1/instruction_16/sample_0/step_0.png' exists! Reading the file...
Model Thought/Action: {'open': '淘宝应用', 'wait': '打开淘宝应用后，我将搜索替换衣服的选项。'}
--- Step 1 ---
Path '/data/oss_bucket_0/qihang/gui_agent/images/ui_tars_zh_simulator/device1/instruction_16/sample_0/step_1.png' does not exist. Sleeping for 1 seconds...
Path '/data/oss_bucket_0/qihang/gui_agent/images/ui_tars_zh_simulator/device1/instruction_16/sample_0/step_1.png' does not exist. Sleeping for 1 seconds...
Path '/data/oss_bucket_0/qihang/gui_agent/images/ui_tars_zh_simulator/device1/instruction_16/sample_0/step_1.png' does not exist. Sleeping for 1 seconds...
Path '/data/oss_bucket_0/qihang/gui_agent/images/ui_tars_zh_simulator/device1/instruction_16/sample_0/step_1.png' does not exist. Sleeping for 1 seconds...
Path '/data/oss_bucket_0/qihang/gui_agent/images/ui_tars_zh_simulator/device1/instruction_16/sample_0/step_1.png' does not exist. Sleeping for 1 seconds...
Path '/data/oss_bucket_0/qihang/gui_agent/images/ui_tars_zh_simulator/device1/instruction_16/sample_0/step_1.png' does not exist. Sleeping for 1 seconds...
Path '/data/oss_bucket_0/qihang/gui_agent/images/ui_tars_zh_simulator/device1/instruction_16/sample_0/step_1.png' does not exist. Sleeping for 1 seconds...
Path '/data/oss_bucket_0/qihang/gui_agent/images/ui_tars_zh_simulator/device1/instruction_16/sample_0/step_1.png' does not exist. Sleeping for 1 seconds...
Path '/data/oss_bucket_0/qihang/gui_agent/images/ui_tars_zh_simulator/device1/instruction_16/sample_0/step_1.png' does not exist. Sleeping for 1 seconds...
Path '/data/oss_bucket_0/qihang/gui_agent/images/ui_tars_zh_simulator/device1/instruction_16/sample_0/step_1.png' does not exist. Sleeping for 1 seconds...
Path '/data/oss_bucket_0/qihang/gui_agent/images/ui_tars_zh_simulator/device1/instruction_16/sample_0/step_1.png' does not exist. Sleeping for 1 seconds...
Path '/data/oss_bucket_0/qihang/gui_agent/images/ui_tars_zh_simulator/device1/instruction_16/sample_0/step_1.png' does not exist. Sleeping for 1 seconds...
Path '/data/oss_bucket_0/qihang/gui_agent/images/ui_tars_zh_simulator/device1/instruction_16/sample_0/step_1.png' exists! Reading the file...
Path '/data/oss_bucket_0/qihang/gui_agent/images/ui_tars_zh_simulator/device1/instruction_16/sample_0/step_0.png' exists! Reading the file...
Model Thought/Action: {'open': '淘宝应用', 'wait': '打开淘宝应用后，我将搜索替换衣服的选项。'}
--- Step 2 ---
Path '/data/oss_bucket_0/qihang/gui_agent/images/ui_tars_zh_simulator/device1/instruction_16/sample_0/step_2.png' does not exist. Sleeping for 1 seconds...
Path '/data/oss_bucket_0/qihang/gui_agent/images/ui_tars_zh_simulator/device1/instruction_16/sample_0/step_2.png' does not exist. Sleeping for 1 seconds...
Path '/data/oss_bucket_0/qihang/gui_agent/images/ui_tars_zh_simulator/device1/instruction_16/sample_0/step_2.png' does not exist. Sleeping for 1 seconds...
Path '/data/oss_bucket_0/qihang/gui_agent/images/ui_tars_zh_simulator/device1/instruction_16/sample_0/step_2.png' does not exist. Sleeping for 1 seconds...
Path '/data/oss_bucket_0/qihang/gui_agent/images/ui_tars_zh_simulator/device1/instruction_16/sample_0/step_2.png' does not exist. Sleeping for 1 seconds...
Path '/data/oss_bucket_0/qihang/gui_agent/images/ui_tars_zh_simulator/device1/instruction_16/sample_0/step_2.png' does not exist. Sleeping for 1 seconds...
Path '/data/oss_bucket_0/qihang/gui_agent/images/ui_tars_zh_simulator/device1/instruction_16/sample_0/step_2.png' exists! Reading the file...
Path '/data/oss_bucket_0/qihang/gui_agent/images/ui_tars_zh_simulator/device1/instruction_16/sample_0/step_1.png' exists! Reading the file...
Model Thought/Action: {'open': '淘宝应用', 'wait': '打开淘宝应用后，我将搜索替换衣服的选项。'}
--- Step 3 ---
Path '/data/oss_bucket_0/qihang/gui_agent/images/ui_tars_zh_simulator/device1/instruction_16/sample_0/step_3.png' does not exist. Sleeping for 1 seconds...
Path '/data/oss_bucket_0/qihang/gui_agent/images/ui_tars_zh_simulator/device1/instruction_16/sample_0/step_3.png' does not exist. Sleeping for 1 seconds...
Path '/data/oss_bucket_0/qihang/gui_agent/images/ui_tars_zh_simulator/device1/instruction_16/sample_0/step_3.png' does not exist. Sleeping for 1 seconds...
Path '/data/oss_bucket_0/qihang/gui_agent/images/ui_tars_zh_simulator/device1/instruction_16/sample_0/step_3.png' does not exist. Sleeping for 1 seconds...
Path '/data/oss_bucket_0/qihang/gui_agent/images/ui_tars_zh_simulator/device1/instruction_16/sample_0/step_3.png' does not exist. Sleeping for 1 seconds...
Path '/data/oss_bucket_0/qihang/gui_agent/images/ui_tars_zh_simulator/device1/instruction_16/sample_0/step_3.png' does not exist. Sleeping for 1 seconds...
Path '/data/oss_bucket_0/qihang/gui_agent/images/ui_tars_zh_simulator/device1/instruction_16/sample_0/step_3.png' exists! Reading the file...
Path '/data/oss_bucket_0/qihang/gui_agent/images/ui_tars_zh_simulator/device1/instruction_16/sample_0/step_2.png' exists! Reading the file...
Model Thought/Action: {'open': '淘宝应用', 'wait': '打开淘宝应用后，我将搜索替换衣服的选项。'}
--- Step 4 ---
Path '/data/oss_bucket_0/qihang/gui_agent/images/ui_tars_zh_simulator/device1/instruction_16/sample_0/step_4.png' does not exist. Sleeping for 1 seconds...
Path '/data/oss_bucket_0/qihang/gui_agent/images/ui_tars_zh_simulator/device1/instruction_16/sample_0/step_4.png' does not exist. Sleeping for 1 seconds...
Path '/data/oss_bucket_0/qihang/gui_agent/images/ui_tars_zh_simulator/device1/instruction_16/sample_0/step_4.png' does not exist. Sleeping for 1 seconds...
Path '/data/oss_bucket_0/qihang/gui_agent/images/ui_tars_zh_simulator/device1/instruction_16/sample_0/step_4.png' does not exist. Sleeping for 1 seconds...
Path '/data/oss_bucket_0/qihang/gui_agent/images/ui_tars_zh_simulator/device1/instruction_16/sample_0/step_4.png' does not exist. Sleeping for 1 seconds...
Path '/data/oss_bucket_0/qihang/gui_agent/images/ui_tars_zh_simulator/device1/instruction_16/sample_0/step_4.png' does not exist. Sleeping for 1 seconds...
Path '/data/oss_bucket_0/qihang/gui_agent/images/ui_tars_zh_simulator/device1/instruction_16/sample_0/step_4.png' exists! Reading the file...
Path '/data/oss_bucket_0/qihang/gui_agent/images/ui_tars_zh_simulator/device1/instruction_16/sample_0/step_3.png' exists! Reading the file...
Model Thought/Action: {'open': '淘宝应用', 'wait': '打开淘宝应用后，我将搜索替换衣服的选项。'}
--- Step 5 ---
Path '/data/oss_bucket_0/qihang/gui_agent/images/ui_tars_zh_simulator/device1/instruction_16/sample_0/step_5.png' does not exist. Sleeping for 1 seconds...
Path '/data/oss_bucket_0/qihang/gui_agent/images/ui_tars_zh_simulator/device1/instruction_16/sample_0/step_5.png' does not exist. Sleeping for 1 seconds...
Path '/data/oss_bucket_0/qihang/gui_agent/images/ui_tars_zh_simulator/device1/instruction_16/sample_0/step_5.png' does not exist. Sleeping for 1 seconds...
Path '/data/oss_bucket_0/qihang/gui_agent/images/ui_tars_zh_simulator/device1/instruction_16/sample_0/step_5.png' does not exist. Sleeping for 1 seconds...
Path '/data/oss_bucket_0/qihang/gui_agent/images/ui_tars_zh_simulator/device1/instruction_16/sample_0/step_5.png' does not exist. Sleeping for 1 seconds...
Path '/data/oss_bucket_0/qihang/gui_agent/images/ui_tars_zh_simulator/device1/instruction_16/sample_0/step_5.png' does not exist. Sleeping for 1 seconds...
Path '/data/oss_bucket_0/qihang/gui_agent/images/ui_tars_zh_simulator/device1/instruction_16/sample_0/step_5.png' exists! Reading the file...
Path '/data/oss_bucket_0/qihang/gui_agent/images/ui_tars_zh_simulator/device1/instruction_16/sample_0/step_4.png' exists! Reading the file...
Model Thought/Action: {'open': '淘宝应用', 'wait': '打开淘宝应用后，我将搜索替换衣服的选项。'}
--- Step 6 ---
Path '/data/oss_bucket_0/qihang/gui_agent/images/ui_tars_zh_simulator/device1/instruction_16/sample_0/step_6.png' does not exist. Sleeping for 1 seconds...
Path '/data/oss_bucket_0/qihang/gui_agent/images/ui_tars_zh_simulator/device1/instruction_16/sample_0/step_6.png' does not exist. Sleeping for 1 seconds...
Path '/data/oss_bucket_0/qihang/gui_agent/images/ui_tars_zh_simulator/device1/instruction_16/sample_0/step_6.png' does not exist. Sleeping for 1 seconds...
Path '/data/oss_bucket_0/qihang/gui_agent/images/ui_tars_zh_simulator/device1/instruction_16/sample_0/step_6.png' does not exist. Sleeping for 1 seconds...
Path '/data/oss_bucket_0/qihang/gui_agent/images/ui_tars_zh_simulator/device1/instruction_16/sample_0/step_6.png' does not exist. Sleeping for 1 seconds...
Path '/data/oss_bucket_0/qihang/gui_agent/images/ui_tars_zh_simulator/device1/instruction_16/sample_0/step_6.png' does not exist. Sleeping for 1 seconds...
Path '/data/oss_bucket_0/qihang/gui_agent/images/ui_tars_zh_simulator/device1/instruction_16/sample_0/step_6.png' exists! Reading the file...
Path '/data/oss_bucket_0/qihang/gui_agent/images/ui_tars_zh_simulator/device1/instruction_16/sample_0/step_5.png' exists! Reading the file...
Model Thought/Action: {'open': '淘宝应用', 'wait': '打开淘宝应用后，我将搜索替换衣服的选项。'}
--- Step 7 ---
Path '/data/oss_bucket_0/qihang/gui_agent/images/ui_tars_zh_simulator/device1/instruction_16/sample_0/step_7.png' does not exist. Sleeping for 1 seconds...
Path '/data/oss_bucket_0/qihang/gui_agent/images/ui_tars_zh_simulator/device1/instruction_16/sample_0/step_7.png' does not exist. Sleeping for 1 seconds...
Path '/data/oss_bucket_0/qihang/gui_agent/images/ui_tars_zh_simulator/device1/instruction_16/sample_0/step_7.png' does not exist. Sleeping for 1 seconds...
Path '/data/oss_bucket_0/qihang/gui_agent/images/ui_tars_zh_simulator/device1/instruction_16/sample_0/step_7.png' does not exist. Sleeping for 1 seconds...
Path '/data/oss_bucket_0/qihang/gui_agent/images/ui_tars_zh_simulator/device1/instruction_16/sample_0/step_7.png' does not exist. Sleeping for 1 seconds...
Path '/data/oss_bucket_0/qihang/gui_agent/images/ui_tars_zh_simulator/device1/instruction_16/sample_0/step_7.png' does not exist. Sleeping for 1 seconds...
Path '/data/oss_bucket_0/qihang/gui_agent/images/ui_tars_zh_simulator/device1/instruction_16/sample_0/step_7.png' exists! Reading the file...
Path '/data/oss_bucket_0/qihang/gui_agent/images/ui_tars_zh_simulator/device1/instruction_16/sample_0/step_6.png' exists! Reading the file...
Model Thought/Action: {'open': '淘宝应用', 'wait': '打开淘宝应用后，我将搜索替换衣服的选项。'}
--- Step 8 ---
Path '/data/oss_bucket_0/qihang/gui_agent/images/ui_tars_zh_simulator/device1/instruction_16/sample_0/step_8.png' does not exist. Sleeping for 1 seconds...
Path '/data/oss_bucket_0/qihang/gui_agent/images/ui_tars_zh_simulator/device1/instruction_16/sample_0/step_8.png' does not exist. Sleeping for 1 seconds...
Path '/data/oss_bucket_0/qihang/gui_agent/images/ui_tars_zh_simulator/device1/instruction_16/sample_0/step_8.png' does not exist. Sleeping for 1 seconds...
Path '/data/oss_bucket_0/qihang/gui_agent/images/ui_tars_zh_simulator/device1/instruction_16/sample_0/step_8.png' does not exist. Sleeping for 1 seconds...
Path '/data/oss_bucket_0/qihang/gui_agent/images/ui_tars_zh_simulator/device1/instruction_16/sample_0/step_8.png' does not exist. Sleeping for 1 seconds...
Path '/data/oss_bucket_0/qihang/gui_agent/images/ui_tars_zh_simulator/device1/instruction_16/sample_0/step_8.png' does not exist. Sleeping for 1 seconds...
Path '/data/oss_bucket_0/qihang/gui_agent/images/ui_tars_zh_simulator/device1/instruction_16/sample_0/step_8.png' exists! Reading the file...
Path '/data/oss_bucket_0/qihang/gui_agent/images/ui_tars_zh_simulator/device1/instruction_16/sample_0/step_7.png' exists! Reading the file...
Model Thought/Action: {'open': '淘宝应用', 'wait': '打开淘宝应用后，我将搜索替换衣服的选项。'}
--- Step 9 ---
Path '/data/oss_bucket_0/qihang/gui_agent/images/ui_tars_zh_simulator/device1/instruction_16/sample_0/step_9.png' does not exist. Sleeping for 1 seconds...
Path '/data/oss_bucket_0/qihang/gui_agent/images/ui_tars_zh_simulator/device1/instruction_16/sample_0/step_9.png' does not exist. Sleeping for 1 seconds...
Path '/data/oss_bucket_0/qihang/gui_agent/images/ui_tars_zh_simulator/device1/instruction_16/sample_0/step_9.png' does not exist. Sleeping for 1 seconds...
Path '/data/oss_bucket_0/qihang/gui_agent/images/ui_tars_zh_simulator/device1/instruction_16/sample_0/step_9.png' does not exist. Sleeping for 1 seconds...
Path '/data/oss_bucket_0/qihang/gui_agent/images/ui_tars_zh_simulator/device1/instruction_16/sample_0/step_9.png' does not exist. Sleeping for 1 seconds...
Path '/data/oss_bucket_0/qihang/gui_agent/images/ui_tars_zh_simulator/device1/instruction_16/sample_0/step_9.png' does not exist. Sleeping for 1 seconds...
Path '/data/oss_bucket_0/qihang/gui_agent/images/ui_tars_zh_simulator/device1/instruction_16/sample_0/step_9.png' exists! Reading the file...
Path '/data/oss_bucket_0/qihang/gui_agent/images/ui_tars_zh_simulator/device1/instruction_16/sample_0/step_8.png' exists! Reading the file...
Model Thought/Action: {'open': '淘宝应用', 'wait': '打开淘宝应用后，我将搜索替换衣服的选项。'}
--- Step 10 ---
Path '/data/oss_bucket_0/qihang/gui_agent/images/ui_tars_zh_simulator/device1/instruction_16/sample_0/step_10.png' does not exist. Sleeping for 1 seconds...
Path '/data/oss_bucket_0/qihang/gui_agent/images/ui_tars_zh_simulator/device1/instruction_16/sample_0/step_10.png' does not exist. Sleeping for 1 seconds...
Path '/data/oss_bucket_0/qihang/gui_agent/images/ui_tars_zh_simulator/device1/instruction_16/sample_0/step_10.png' does not exist. Sleeping for 1 seconds...
Path '/data/oss_bucket_0/qihang/gui_agent/images/ui_tars_zh_simulator/device1/instruction_16/sample_0/step_10.png' does not exist. Sleeping for 1 seconds...
Path '/data/oss_bucket_0/qihang/gui_agent/images/ui_tars_zh_simulator/device1/instruction_16/sample_0/step_10.png' does not exist. Sleeping for 1 seconds...
Path '/data/oss_bucket_0/qihang/gui_agent/images/ui_tars_zh_simulator/device1/instruction_16/sample_0/step_10.png' does not exist. Sleeping for 1 seconds...
Path '/data/oss_bucket_0/qihang/gui_agent/images/ui_tars_zh_simulator/device1/instruction_16/sample_0/step_10.png' exists! Reading the file...
Path '/data/oss_bucket_0/qihang/gui_agent/images/ui_tars_zh_simulator/device1/instruction_16/sample_0/step_9.png' exists! Reading the file...
Model Thought/Action: {'open': '淘宝应用', 'wait': '打开淘宝应用后，我将搜索替换衣服的选项。'}
--- Step 11 ---
Path '/data/oss_bucket_0/qihang/gui_agent/images/ui_tars_zh_simulator/device1/instruction_16/sample_0/step_11.png' does not exist. Sleeping for 1 seconds...
Path '/data/oss_bucket_0/qihang/gui_agent/images/ui_tars_zh_simulator/device1/instruction_16/sample_0/step_11.png' does not exist. Sleeping for 1 seconds...
Path '/data/oss_bucket_0/qihang/gui_agent/images/ui_tars_zh_simulator/device1/instruction_16/sample_0/step_11.png' does not exist. Sleeping for 1 seconds...
Path '/data/oss_bucket_0/qihang/gui_agent/images/ui_tars_zh_simulator/device1/instruction_16/sample_0/step_11.png' does not exist. Sleeping for 1 seconds...
Path '/data/oss_bucket_0/qihang/gui_agent/images/ui_tars_zh_simulator/device1/instruction_16/sample_0/step_11.png' does not exist. Sleeping for 1 seconds...
Path '/data/oss_bucket_0/qihang/gui_agent/images/ui_tars_zh_simulator/device1/instruction_16/sample_0/step_11.png' does not exist. Sleeping for 1 seconds...
Path '/data/oss_bucket_0/qihang/gui_agent/images/ui_tars_zh_simulator/device1/instruction_16/sample_0/step_11.png' exists! Reading the file...
Path '/data/oss_bucket_0/qihang/gui_agent/images/ui_tars_zh_simulator/device1/instruction_16/sample_0/step_10.png' exists! Reading the file...
Model Thought/Action: {'open': '淘宝应用', 'wait': '打开淘宝应用后，我将搜索替换衣服的选项。'}
--- Step 12 ---
Path '/data/oss_bucket_0/qihang/gui_agent/images/ui_tars_zh_simulator/device1/instruction_16/sample_0/step_12.png' does not exist. Sleeping for 1 seconds...
Path '/data/oss_bucket_0/qihang/gui_agent/images/ui_tars_zh_simulator/device1/instruction_16/sample_0/step_12.png' does not exist. Sleeping for 1 seconds...
Path '/data/oss_bucket_0/qihang/gui_agent/images/ui_tars_zh_simulator/device1/instruction_16/sample_0/step_12.png' does not exist. Sleeping for 1 seconds...
Path '/data/oss_bucket_0/qihang/gui_agent/images/ui_tars_zh_simulator/device1/instruction_16/sample_0/step_12.png' does not exist. Sleeping for 1 seconds...
Path '/data/oss_bucket_0/qihang/gui_agent/images/ui_tars_zh_simulator/device1/instruction_16/sample_0/step_12.png' does not exist. Sleeping for 1 seconds...
Path '/data/oss_bucket_0/qihang/gui_agent/images/ui_tars_zh_simulator/device1/instruction_16/sample_0/step_12.png' does not exist. Sleeping for 1 seconds...
Path '/data/oss_bucket_0/qihang/gui_agent/images/ui_tars_zh_simulator/device1/instruction_16/sample_0/step_12.png' exists! Reading the file...
Path '/data/oss_bucket_0/qihang/gui_agent/images/ui_tars_zh_simulator/device1/instruction_16/sample_0/step_11.png' exists! Reading the file...
Model Thought/Action: {'open': '淘宝应用', 'wait': '打开淘宝应用后，我将搜索替换衣服的选项。'}
--- Step 13 ---
Path '/data/oss_bucket_0/qihang/gui_agent/images/ui_tars_zh_simulator/device1/instruction_16/sample_0/step_13.png' does not exist. Sleeping for 1 seconds...
Path '/data/oss_bucket_0/qihang/gui_agent/images/ui_tars_zh_simulator/device1/instruction_16/sample_0/step_13.png' does not exist. Sleeping for 1 seconds...
Path '/data/oss_bucket_0/qihang/gui_agent/images/ui_tars_zh_simulator/device1/instruction_16/sample_0/step_13.png' does not exist. Sleeping for 1 seconds...
Path '/data/oss_bucket_0/qihang/gui_agent/images/ui_tars_zh_simulator/device1/instruction_16/sample_0/step_13.png' does not exist. Sleeping for 1 seconds...
Path '/data/oss_bucket_0/qihang/gui_agent/images/ui_tars_zh_simulator/device1/instruction_16/sample_0/step_13.png' does not exist. Sleeping for 1 seconds...
Path '/data/oss_bucket_0/qihang/gui_agent/images/ui_tars_zh_simulator/device1/instruction_16/sample_0/step_13.png' does not exist. Sleeping for 1 seconds...
Path '/data/oss_bucket_0/qihang/gui_agent/images/ui_tars_zh_simulator/device1/instruction_16/sample_0/step_13.png' exists! Reading the file...
Path '/data/oss_bucket_0/qihang/gui_agent/images/ui_tars_zh_simulator/device1/instruction_16/sample_0/step_12.png' exists! Reading the file...
Model Thought/Action: {'open': '淘宝应用', 'wait': '打开淘宝应用后，我将搜索替换衣服的选项。'}
--- Step 14 ---
Path '/data/oss_bucket_0/qihang/gui_agent/images/ui_tars_zh_simulator/device1/instruction_16/sample_0/step_14.png' does not exist. Sleeping for 1 seconds...
Path '/data/oss_bucket_0/qihang/gui_agent/images/ui_tars_zh_simulator/device1/instruction_16/sample_0/step_14.png' does not exist. Sleeping for 1 seconds...
Path '/data/oss_bucket_0/qihang/gui_agent/images/ui_tars_zh_simulator/device1/instruction_16/sample_0/step_14.png' does not exist. Sleeping for 1 seconds...
Path '/data/oss_bucket_0/qihang/gui_agent/images/ui_tars_zh_simulator/device1/instruction_16/sample_0/step_14.png' does not exist. Sleeping for 1 seconds...
Path '/data/oss_bucket_0/qihang/gui_agent/images/ui_tars_zh_simulator/device1/instruction_16/sample_0/step_14.png' does not exist. Sleeping for 1 seconds...
Path '/data/oss_bucket_0/qihang/gui_agent/images/ui_tars_zh_simulator/device1/instruction_16/sample_0/step_14.png' does not exist. Sleeping for 1 seconds...
Path '/data/oss_bucket_0/qihang/gui_agent/images/ui_tars_zh_simulator/device1/instruction_16/sample_0/step_14.png' exists! Reading the file...
Path '/data/oss_bucket_0/qihang/gui_agent/images/ui_tars_zh_simulator/device1/instruction_16/sample_0/step_13.png' exists! Reading the file...
Model Thought/Action: {'open': '淘宝应用', 'wait': '打开淘宝应用后，我将搜索替换衣服的选项。'}
--- Judging with GPT-4o ---
GPT-4o Evaluation Response: {'reason': "The task was to open Taobao and search for 'lululemon'. However, the agent repeatedly attempted to open the Taobao app without success, as evidenced by the repeated tool calls and unchanged screenshots. The agent did not progress beyond the initial step of opening the app, indicating a failure to execute meaningful actions towards the task goal. There was no attempt to interact with the user for further instructions or clarification, which could have been beneficial given the repeated failures.", 'reward': 0, 'status': 'failure', 'inquiry': 'failure'}
Evaluating Instructions:  39%|███▉      | 16/41 [46:29<1:08:29, 164.37s/it]
===== Evaluating Instruction 17/41 =====
Instruction: 我的衣服穿破了。
--- Step 0 ---
Path '/data/oss_bucket_0/qihang/gui_agent/images/ui_tars_zh_simulator/device1/instruction_17/sample_0/step_0.png' exists! Reading the file...
Model Thought/Action: {'open': '淘宝应用', 'wait': '打开淘宝应用后，我将搜索并购买新的衣服'}
--- Step 1 ---
Path '/data/oss_bucket_0/qihang/gui_agent/images/ui_tars_zh_simulator/device1/instruction_17/sample_0/step_1.png' does not exist. Sleeping for 1 seconds...
Path '/data/oss_bucket_0/qihang/gui_agent/images/ui_tars_zh_simulator/device1/instruction_17/sample_0/step_1.png' does not exist. Sleeping for 1 seconds...
Path '/data/oss_bucket_0/qihang/gui_agent/images/ui_tars_zh_simulator/device1/instruction_17/sample_0/step_1.png' does not exist. Sleeping for 1 seconds...
Path '/data/oss_bucket_0/qihang/gui_agent/images/ui_tars_zh_simulator/device1/instruction_17/sample_0/step_1.png' does not exist. Sleeping for 1 seconds...
Path '/data/oss_bucket_0/qihang/gui_agent/images/ui_tars_zh_simulator/device1/instruction_17/sample_0/step_1.png' does not exist. Sleeping for 1 seconds...
Path '/data/oss_bucket_0/qihang/gui_agent/images/ui_tars_zh_simulator/device1/instruction_17/sample_0/step_1.png' does not exist. Sleeping for 1 seconds...
Path '/data/oss_bucket_0/qihang/gui_agent/images/ui_tars_zh_simulator/device1/instruction_17/sample_0/step_1.png' does not exist. Sleeping for 1 seconds...
Path '/data/oss_bucket_0/qihang/gui_agent/images/ui_tars_zh_simulator/device1/instruction_17/sample_0/step_1.png' does not exist. Sleeping for 1 seconds...
Path '/data/oss_bucket_0/qihang/gui_agent/images/ui_tars_zh_simulator/device1/instruction_17/sample_0/step_1.png' does not exist. Sleeping for 1 seconds...
Path '/data/oss_bucket_0/qihang/gui_agent/images/ui_tars_zh_simulator/device1/instruction_17/sample_0/step_1.png' does not exist. Sleeping for 1 seconds...
Path '/data/oss_bucket_0/qihang/gui_agent/images/ui_tars_zh_simulator/device1/instruction_17/sample_0/step_1.png' does not exist. Sleeping for 1 seconds...
Path '/data/oss_bucket_0/qihang/gui_agent/images/ui_tars_zh_simulator/device1/instruction_17/sample_0/step_1.png' does not exist. Sleeping for 1 seconds...
Path '/data/oss_bucket_0/qihang/gui_agent/images/ui_tars_zh_simulator/device1/instruction_17/sample_0/step_1.png' exists! Reading the file...
Path '/data/oss_bucket_0/qihang/gui_agent/images/ui_tars_zh_simulator/device1/instruction_17/sample_0/step_0.png' exists! Reading the file...
Model Thought/Action: {'open': '淘宝应用', 'wait': '打开淘宝应用后，我将搜索并购买新的衣服'}
--- Step 2 ---
Path '/data/oss_bucket_0/qihang/gui_agent/images/ui_tars_zh_simulator/device1/instruction_17/sample_0/step_2.png' does not exist. Sleeping for 1 seconds...
Path '/data/oss_bucket_0/qihang/gui_agent/images/ui_tars_zh_simulator/device1/instruction_17/sample_0/step_2.png' does not exist. Sleeping for 1 seconds...
Path '/data/oss_bucket_0/qihang/gui_agent/images/ui_tars_zh_simulator/device1/instruction_17/sample_0/step_2.png' does not exist. Sleeping for 1 seconds...
Path '/data/oss_bucket_0/qihang/gui_agent/images/ui_tars_zh_simulator/device1/instruction_17/sample_0/step_2.png' does not exist. Sleeping for 1 seconds...
Path '/data/oss_bucket_0/qihang/gui_agent/images/ui_tars_zh_simulator/device1/instruction_17/sample_0/step_2.png' does not exist. Sleeping for 1 seconds...
Path '/data/oss_bucket_0/qihang/gui_agent/images/ui_tars_zh_simulator/device1/instruction_17/sample_0/step_2.png' does not exist. Sleeping for 1 seconds...
Path '/data/oss_bucket_0/qihang/gui_agent/images/ui_tars_zh_simulator/device1/instruction_17/sample_0/step_2.png' exists! Reading the file...
Path '/data/oss_bucket_0/qihang/gui_agent/images/ui_tars_zh_simulator/device1/instruction_17/sample_0/step_1.png' exists! Reading the file...
Model Thought/Action: {'open': '淘宝应用', 'wait': '打开淘宝应用后，我将搜索并购买新的衣服'}
--- Step 3 ---
Path '/data/oss_bucket_0/qihang/gui_agent/images/ui_tars_zh_simulator/device1/instruction_17/sample_0/step_3.png' does not exist. Sleeping for 1 seconds...
Path '/data/oss_bucket_0/qihang/gui_agent/images/ui_tars_zh_simulator/device1/instruction_17/sample_0/step_3.png' does not exist. Sleeping for 1 seconds...
Path '/data/oss_bucket_0/qihang/gui_agent/images/ui_tars_zh_simulator/device1/instruction_17/sample_0/step_3.png' does not exist. Sleeping for 1 seconds...
Path '/data/oss_bucket_0/qihang/gui_agent/images/ui_tars_zh_simulator/device1/instruction_17/sample_0/step_3.png' does not exist. Sleeping for 1 seconds...
Path '/data/oss_bucket_0/qihang/gui_agent/images/ui_tars_zh_simulator/device1/instruction_17/sample_0/step_3.png' does not exist. Sleeping for 1 seconds...
Path '/data/oss_bucket_0/qihang/gui_agent/images/ui_tars_zh_simulator/device1/instruction_17/sample_0/step_3.png' does not exist. Sleeping for 1 seconds...
Path '/data/oss_bucket_0/qihang/gui_agent/images/ui_tars_zh_simulator/device1/instruction_17/sample_0/step_3.png' exists! Reading the file...
Path '/data/oss_bucket_0/qihang/gui_agent/images/ui_tars_zh_simulator/device1/instruction_17/sample_0/step_2.png' exists! Reading the file...
Model Thought/Action: {'open': '淘宝应用', 'wait': '打开淘宝应用后，我将搜索并购买新的衣服'}
--- Step 4 ---
Path '/data/oss_bucket_0/qihang/gui_agent/images/ui_tars_zh_simulator/device1/instruction_17/sample_0/step_4.png' does not exist. Sleeping for 1 seconds...
Path '/data/oss_bucket_0/qihang/gui_agent/images/ui_tars_zh_simulator/device1/instruction_17/sample_0/step_4.png' does not exist. Sleeping for 1 seconds...
Path '/data/oss_bucket_0/qihang/gui_agent/images/ui_tars_zh_simulator/device1/instruction_17/sample_0/step_4.png' does not exist. Sleeping for 1 seconds...
Path '/data/oss_bucket_0/qihang/gui_agent/images/ui_tars_zh_simulator/device1/instruction_17/sample_0/step_4.png' does not exist. Sleeping for 1 seconds...
Path '/data/oss_bucket_0/qihang/gui_agent/images/ui_tars_zh_simulator/device1/instruction_17/sample_0/step_4.png' does not exist. Sleeping for 1 seconds...
Path '/data/oss_bucket_0/qihang/gui_agent/images/ui_tars_zh_simulator/device1/instruction_17/sample_0/step_4.png' does not exist. Sleeping for 1 seconds...
Path '/data/oss_bucket_0/qihang/gui_agent/images/ui_tars_zh_simulator/device1/instruction_17/sample_0/step_4.png' exists! Reading the file...
Path '/data/oss_bucket_0/qihang/gui_agent/images/ui_tars_zh_simulator/device1/instruction_17/sample_0/step_3.png' exists! Reading the file...
Model Thought/Action: {'open': '淘宝应用', 'wait': '打开淘宝应用后，我将搜索并购买新的衣服'}
--- Step 5 ---
Path '/data/oss_bucket_0/qihang/gui_agent/images/ui_tars_zh_simulator/device1/instruction_17/sample_0/step_5.png' does not exist. Sleeping for 1 seconds...
Path '/data/oss_bucket_0/qihang/gui_agent/images/ui_tars_zh_simulator/device1/instruction_17/sample_0/step_5.png' does not exist. Sleeping for 1 seconds...
Path '/data/oss_bucket_0/qihang/gui_agent/images/ui_tars_zh_simulator/device1/instruction_17/sample_0/step_5.png' does not exist. Sleeping for 1 seconds...
Path '/data/oss_bucket_0/qihang/gui_agent/images/ui_tars_zh_simulator/device1/instruction_17/sample_0/step_5.png' does not exist. Sleeping for 1 seconds...
Path '/data/oss_bucket_0/qihang/gui_agent/images/ui_tars_zh_simulator/device1/instruction_17/sample_0/step_5.png' does not exist. Sleeping for 1 seconds...
Path '/data/oss_bucket_0/qihang/gui_agent/images/ui_tars_zh_simulator/device1/instruction_17/sample_0/step_5.png' does not exist. Sleeping for 1 seconds...
Path '/data/oss_bucket_0/qihang/gui_agent/images/ui_tars_zh_simulator/device1/instruction_17/sample_0/step_5.png' exists! Reading the file...
Path '/data/oss_bucket_0/qihang/gui_agent/images/ui_tars_zh_simulator/device1/instruction_17/sample_0/step_4.png' exists! Reading the file...
Model Thought/Action: {'open': '淘宝应用', 'wait': '打开淘宝应用后，我将搜索并购买新的衣服'}
--- Step 6 ---
Path '/data/oss_bucket_0/qihang/gui_agent/images/ui_tars_zh_simulator/device1/instruction_17/sample_0/step_6.png' does not exist. Sleeping for 1 seconds...
Path '/data/oss_bucket_0/qihang/gui_agent/images/ui_tars_zh_simulator/device1/instruction_17/sample_0/step_6.png' does not exist. Sleeping for 1 seconds...
Path '/data/oss_bucket_0/qihang/gui_agent/images/ui_tars_zh_simulator/device1/instruction_17/sample_0/step_6.png' does not exist. Sleeping for 1 seconds...
Path '/data/oss_bucket_0/qihang/gui_agent/images/ui_tars_zh_simulator/device1/instruction_17/sample_0/step_6.png' does not exist. Sleeping for 1 seconds...
Path '/data/oss_bucket_0/qihang/gui_agent/images/ui_tars_zh_simulator/device1/instruction_17/sample_0/step_6.png' does not exist. Sleeping for 1 seconds...
Path '/data/oss_bucket_0/qihang/gui_agent/images/ui_tars_zh_simulator/device1/instruction_17/sample_0/step_6.png' does not exist. Sleeping for 1 seconds...
Path '/data/oss_bucket_0/qihang/gui_agent/images/ui_tars_zh_simulator/device1/instruction_17/sample_0/step_6.png' exists! Reading the file...
Path '/data/oss_bucket_0/qihang/gui_agent/images/ui_tars_zh_simulator/device1/instruction_17/sample_0/step_5.png' exists! Reading the file...
Model Thought/Action: {'open': '淘宝应用', 'wait': '打开淘宝应用后，我将搜索并购买新的衣服'}
--- Step 7 ---
Path '/data/oss_bucket_0/qihang/gui_agent/images/ui_tars_zh_simulator/device1/instruction_17/sample_0/step_7.png' does not exist. Sleeping for 1 seconds...
Path '/data/oss_bucket_0/qihang/gui_agent/images/ui_tars_zh_simulator/device1/instruction_17/sample_0/step_7.png' does not exist. Sleeping for 1 seconds...
Path '/data/oss_bucket_0/qihang/gui_agent/images/ui_tars_zh_simulator/device1/instruction_17/sample_0/step_7.png' does not exist. Sleeping for 1 seconds...
Path '/data/oss_bucket_0/qihang/gui_agent/images/ui_tars_zh_simulator/device1/instruction_17/sample_0/step_7.png' does not exist. Sleeping for 1 seconds...
Path '/data/oss_bucket_0/qihang/gui_agent/images/ui_tars_zh_simulator/device1/instruction_17/sample_0/step_7.png' does not exist. Sleeping for 1 seconds...
Path '/data/oss_bucket_0/qihang/gui_agent/images/ui_tars_zh_simulator/device1/instruction_17/sample_0/step_7.png' does not exist. Sleeping for 1 seconds...
Path '/data/oss_bucket_0/qihang/gui_agent/images/ui_tars_zh_simulator/device1/instruction_17/sample_0/step_7.png' exists! Reading the file...
Path '/data/oss_bucket_0/qihang/gui_agent/images/ui_tars_zh_simulator/device1/instruction_17/sample_0/step_6.png' exists! Reading the file...
Model Thought/Action: {'open': '淘宝应用', 'wait': '打开淘宝应用后，我将搜索并购买新的衣服'}
--- Step 8 ---
Path '/data/oss_bucket_0/qihang/gui_agent/images/ui_tars_zh_simulator/device1/instruction_17/sample_0/step_8.png' does not exist. Sleeping for 1 seconds...
Path '/data/oss_bucket_0/qihang/gui_agent/images/ui_tars_zh_simulator/device1/instruction_17/sample_0/step_8.png' does not exist. Sleeping for 1 seconds...
Path '/data/oss_bucket_0/qihang/gui_agent/images/ui_tars_zh_simulator/device1/instruction_17/sample_0/step_8.png' does not exist. Sleeping for 1 seconds...
Path '/data/oss_bucket_0/qihang/gui_agent/images/ui_tars_zh_simulator/device1/instruction_17/sample_0/step_8.png' does not exist. Sleeping for 1 seconds...
Path '/data/oss_bucket_0/qihang/gui_agent/images/ui_tars_zh_simulator/device1/instruction_17/sample_0/step_8.png' does not exist. Sleeping for 1 seconds...
Path '/data/oss_bucket_0/qihang/gui_agent/images/ui_tars_zh_simulator/device1/instruction_17/sample_0/step_8.png' does not exist. Sleeping for 1 seconds...
Path '/data/oss_bucket_0/qihang/gui_agent/images/ui_tars_zh_simulator/device1/instruction_17/sample_0/step_8.png' exists! Reading the file...
Path '/data/oss_bucket_0/qihang/gui_agent/images/ui_tars_zh_simulator/device1/instruction_17/sample_0/step_7.png' exists! Reading the file...
Model Thought/Action: {'open': '淘宝应用', 'wait': '打开淘宝应用后，我将搜索并购买新的衣服'}
--- Step 9 ---
Path '/data/oss_bucket_0/qihang/gui_agent/images/ui_tars_zh_simulator/device1/instruction_17/sample_0/step_9.png' does not exist. Sleeping for 1 seconds...
Path '/data/oss_bucket_0/qihang/gui_agent/images/ui_tars_zh_simulator/device1/instruction_17/sample_0/step_9.png' does not exist. Sleeping for 1 seconds...
Path '/data/oss_bucket_0/qihang/gui_agent/images/ui_tars_zh_simulator/device1/instruction_17/sample_0/step_9.png' does not exist. Sleeping for 1 seconds...
Path '/data/oss_bucket_0/qihang/gui_agent/images/ui_tars_zh_simulator/device1/instruction_17/sample_0/step_9.png' does not exist. Sleeping for 1 seconds...
Path '/data/oss_bucket_0/qihang/gui_agent/images/ui_tars_zh_simulator/device1/instruction_17/sample_0/step_9.png' does not exist. Sleeping for 1 seconds...
Path '/data/oss_bucket_0/qihang/gui_agent/images/ui_tars_zh_simulator/device1/instruction_17/sample_0/step_9.png' does not exist. Sleeping for 1 seconds...
Path '/data/oss_bucket_0/qihang/gui_agent/images/ui_tars_zh_simulator/device1/instruction_17/sample_0/step_9.png' exists! Reading the file...
Path '/data/oss_bucket_0/qihang/gui_agent/images/ui_tars_zh_simulator/device1/instruction_17/sample_0/step_8.png' exists! Reading the file...
Model Thought/Action: {'open': '淘宝应用', 'wait': '打开淘宝应用后，我将搜索并购买新的衣服'}
--- Step 10 ---
Path '/data/oss_bucket_0/qihang/gui_agent/images/ui_tars_zh_simulator/device1/instruction_17/sample_0/step_10.png' does not exist. Sleeping for 1 seconds...
Path '/data/oss_bucket_0/qihang/gui_agent/images/ui_tars_zh_simulator/device1/instruction_17/sample_0/step_10.png' does not exist. Sleeping for 1 seconds...
Path '/data/oss_bucket_0/qihang/gui_agent/images/ui_tars_zh_simulator/device1/instruction_17/sample_0/step_10.png' does not exist. Sleeping for 1 seconds...
Path '/data/oss_bucket_0/qihang/gui_agent/images/ui_tars_zh_simulator/device1/instruction_17/sample_0/step_10.png' does not exist. Sleeping for 1 seconds...
Path '/data/oss_bucket_0/qihang/gui_agent/images/ui_tars_zh_simulator/device1/instruction_17/sample_0/step_10.png' does not exist. Sleeping for 1 seconds...
Path '/data/oss_bucket_0/qihang/gui_agent/images/ui_tars_zh_simulator/device1/instruction_17/sample_0/step_10.png' does not exist. Sleeping for 1 seconds...
Path '/data/oss_bucket_0/qihang/gui_agent/images/ui_tars_zh_simulator/device1/instruction_17/sample_0/step_10.png' exists! Reading the file...
Path '/data/oss_bucket_0/qihang/gui_agent/images/ui_tars_zh_simulator/device1/instruction_17/sample_0/step_9.png' exists! Reading the file...
Model Thought/Action: {'open': '淘宝应用', 'wait': '打开淘宝应用后，我将搜索并购买新的衣服'}
--- Step 11 ---
Path '/data/oss_bucket_0/qihang/gui_agent/images/ui_tars_zh_simulator/device1/instruction_17/sample_0/step_11.png' does not exist. Sleeping for 1 seconds...
Path '/data/oss_bucket_0/qihang/gui_agent/images/ui_tars_zh_simulator/device1/instruction_17/sample_0/step_11.png' does not exist. Sleeping for 1 seconds...
Path '/data/oss_bucket_0/qihang/gui_agent/images/ui_tars_zh_simulator/device1/instruction_17/sample_0/step_11.png' does not exist. Sleeping for 1 seconds...
Path '/data/oss_bucket_0/qihang/gui_agent/images/ui_tars_zh_simulator/device1/instruction_17/sample_0/step_11.png' does not exist. Sleeping for 1 seconds...
Path '/data/oss_bucket_0/qihang/gui_agent/images/ui_tars_zh_simulator/device1/instruction_17/sample_0/step_11.png' does not exist. Sleeping for 1 seconds...
Path '/data/oss_bucket_0/qihang/gui_agent/images/ui_tars_zh_simulator/device1/instruction_17/sample_0/step_11.png' does not exist. Sleeping for 1 seconds...
Path '/data/oss_bucket_0/qihang/gui_agent/images/ui_tars_zh_simulator/device1/instruction_17/sample_0/step_11.png' exists! Reading the file...
Path '/data/oss_bucket_0/qihang/gui_agent/images/ui_tars_zh_simulator/device1/instruction_17/sample_0/step_10.png' exists! Reading the file...
Model Thought/Action: {'open': '淘宝应用', 'wait': '打开淘宝应用后，我将搜索并购买新的衣服'}
--- Step 12 ---
Path '/data/oss_bucket_0/qihang/gui_agent/images/ui_tars_zh_simulator/device1/instruction_17/sample_0/step_12.png' does not exist. Sleeping for 1 seconds...
Path '/data/oss_bucket_0/qihang/gui_agent/images/ui_tars_zh_simulator/device1/instruction_17/sample_0/step_12.png' does not exist. Sleeping for 1 seconds...
Path '/data/oss_bucket_0/qihang/gui_agent/images/ui_tars_zh_simulator/device1/instruction_17/sample_0/step_12.png' does not exist. Sleeping for 1 seconds...
Path '/data/oss_bucket_0/qihang/gui_agent/images/ui_tars_zh_simulator/device1/instruction_17/sample_0/step_12.png' does not exist. Sleeping for 1 seconds...
Path '/data/oss_bucket_0/qihang/gui_agent/images/ui_tars_zh_simulator/device1/instruction_17/sample_0/step_12.png' does not exist. Sleeping for 1 seconds...
Path '/data/oss_bucket_0/qihang/gui_agent/images/ui_tars_zh_simulator/device1/instruction_17/sample_0/step_12.png' does not exist. Sleeping for 1 seconds...
Path '/data/oss_bucket_0/qihang/gui_agent/images/ui_tars_zh_simulator/device1/instruction_17/sample_0/step_12.png' exists! Reading the file...
Path '/data/oss_bucket_0/qihang/gui_agent/images/ui_tars_zh_simulator/device1/instruction_17/sample_0/step_11.png' exists! Reading the file...
Model Thought/Action: {'open': '淘宝应用', 'wait': '打开淘宝应用后，我将搜索并购买新的衣服'}
--- Step 13 ---
Path '/data/oss_bucket_0/qihang/gui_agent/images/ui_tars_zh_simulator/device1/instruction_17/sample_0/step_13.png' does not exist. Sleeping for 1 seconds...
Path '/data/oss_bucket_0/qihang/gui_agent/images/ui_tars_zh_simulator/device1/instruction_17/sample_0/step_13.png' does not exist. Sleeping for 1 seconds...
Path '/data/oss_bucket_0/qihang/gui_agent/images/ui_tars_zh_simulator/device1/instruction_17/sample_0/step_13.png' does not exist. Sleeping for 1 seconds...
Path '/data/oss_bucket_0/qihang/gui_agent/images/ui_tars_zh_simulator/device1/instruction_17/sample_0/step_13.png' does not exist. Sleeping for 1 seconds...
Path '/data/oss_bucket_0/qihang/gui_agent/images/ui_tars_zh_simulator/device1/instruction_17/sample_0/step_13.png' does not exist. Sleeping for 1 seconds...
Path '/data/oss_bucket_0/qihang/gui_agent/images/ui_tars_zh_simulator/device1/instruction_17/sample_0/step_13.png' does not exist. Sleeping for 1 seconds...
Path '/data/oss_bucket_0/qihang/gui_agent/images/ui_tars_zh_simulator/device1/instruction_17/sample_0/step_13.png' exists! Reading the file...
Path '/data/oss_bucket_0/qihang/gui_agent/images/ui_tars_zh_simulator/device1/instruction_17/sample_0/step_12.png' exists! Reading the file...
Model Thought/Action: {'open': '淘宝应用', 'wait': '打开淘宝应用后，我将搜索并购买新的衣服'}
--- Step 14 ---
Path '/data/oss_bucket_0/qihang/gui_agent/images/ui_tars_zh_simulator/device1/instruction_17/sample_0/step_14.png' does not exist. Sleeping for 1 seconds...
Path '/data/oss_bucket_0/qihang/gui_agent/images/ui_tars_zh_simulator/device1/instruction_17/sample_0/step_14.png' does not exist. Sleeping for 1 seconds...
Path '/data/oss_bucket_0/qihang/gui_agent/images/ui_tars_zh_simulator/device1/instruction_17/sample_0/step_14.png' does not exist. Sleeping for 1 seconds...
Path '/data/oss_bucket_0/qihang/gui_agent/images/ui_tars_zh_simulator/device1/instruction_17/sample_0/step_14.png' does not exist. Sleeping for 1 seconds...
Path '/data/oss_bucket_0/qihang/gui_agent/images/ui_tars_zh_simulator/device1/instruction_17/sample_0/step_14.png' does not exist. Sleeping for 1 seconds...
Path '/data/oss_bucket_0/qihang/gui_agent/images/ui_tars_zh_simulator/device1/instruction_17/sample_0/step_14.png' does not exist. Sleeping for 1 seconds...
Path '/data/oss_bucket_0/qihang/gui_agent/images/ui_tars_zh_simulator/device1/instruction_17/sample_0/step_14.png' exists! Reading the file...
Path '/data/oss_bucket_0/qihang/gui_agent/images/ui_tars_zh_simulator/device1/instruction_17/sample_0/step_13.png' exists! Reading the file...
Model Thought/Action: {'open': '淘宝应用', 'wait': '打开淘宝应用后，我将搜索并购买新的衣服'}
--- Judging with GPT-4o ---
GPT-4o Evaluation Response: {'reason': "The task was to open Taobao and search for 'lululemon'. However, the agent repeatedly attempted to open the Taobao app without success. The screenshots show no change in the interface, indicating that the app was never actually opened. The agent's actions were redundant and did not progress towards completing the task. There was no attempt to seek user interaction or troubleshoot the issue, such as asking the user for help or checking if the app was installed correctly.", 'reward': 0, 'status': 'failure', 'inquiry': 'failure'}
Evaluating Instructions:  41%|████▏     | 17/41 [49:21<1:06:35, 166.48s/it]
===== Evaluating Instruction 18/41 =====
Instruction: 我的衣服穿破了。
--- Step 0 ---
Path '/data/oss_bucket_0/qihang/gui_agent/images/ui_tars_zh_simulator/device1/instruction_18/sample_0/step_0.png' exists! Reading the file...
Model Thought/Action: {'open': '淘宝应用', 'wait': '打开淘宝应用后，我将搜索并购买新的衣服。'}
--- Step 1 ---
Path '/data/oss_bucket_0/qihang/gui_agent/images/ui_tars_zh_simulator/device1/instruction_18/sample_0/step_1.png' does not exist. Sleeping for 1 seconds...
Path '/data/oss_bucket_0/qihang/gui_agent/images/ui_tars_zh_simulator/device1/instruction_18/sample_0/step_1.png' does not exist. Sleeping for 1 seconds...
Path '/data/oss_bucket_0/qihang/gui_agent/images/ui_tars_zh_simulator/device1/instruction_18/sample_0/step_1.png' does not exist. Sleeping for 1 seconds...
Path '/data/oss_bucket_0/qihang/gui_agent/images/ui_tars_zh_simulator/device1/instruction_18/sample_0/step_1.png' does not exist. Sleeping for 1 seconds...
Path '/data/oss_bucket_0/qihang/gui_agent/images/ui_tars_zh_simulator/device1/instruction_18/sample_0/step_1.png' does not exist. Sleeping for 1 seconds...
Path '/data/oss_bucket_0/qihang/gui_agent/images/ui_tars_zh_simulator/device1/instruction_18/sample_0/step_1.png' does not exist. Sleeping for 1 seconds...
Path '/data/oss_bucket_0/qihang/gui_agent/images/ui_tars_zh_simulator/device1/instruction_18/sample_0/step_1.png' does not exist. Sleeping for 1 seconds...
Path '/data/oss_bucket_0/qihang/gui_agent/images/ui_tars_zh_simulator/device1/instruction_18/sample_0/step_1.png' does not exist. Sleeping for 1 seconds...
Path '/data/oss_bucket_0/qihang/gui_agent/images/ui_tars_zh_simulator/device1/instruction_18/sample_0/step_1.png' does not exist. Sleeping for 1 seconds...
Path '/data/oss_bucket_0/qihang/gui_agent/images/ui_tars_zh_simulator/device1/instruction_18/sample_0/step_1.png' does not exist. Sleeping for 1 seconds...
Path '/data/oss_bucket_0/qihang/gui_agent/images/ui_tars_zh_simulator/device1/instruction_18/sample_0/step_1.png' does not exist. Sleeping for 1 seconds...
Path '/data/oss_bucket_0/qihang/gui_agent/images/ui_tars_zh_simulator/device1/instruction_18/sample_0/step_1.png' does not exist. Sleeping for 1 seconds...
Path '/data/oss_bucket_0/qihang/gui_agent/images/ui_tars_zh_simulator/device1/instruction_18/sample_0/step_1.png' exists! Reading the file...
Path '/data/oss_bucket_0/qihang/gui_agent/images/ui_tars_zh_simulator/device1/instruction_18/sample_0/step_0.png' exists! Reading the file...
Model Thought/Action: {'open': '淘宝应用', 'wait': '打开淘宝应用后，我将搜索并购买新的衣服。'}
--- Step 2 ---
Path '/data/oss_bucket_0/qihang/gui_agent/images/ui_tars_zh_simulator/device1/instruction_18/sample_0/step_2.png' does not exist. Sleeping for 1 seconds...
Path '/data/oss_bucket_0/qihang/gui_agent/images/ui_tars_zh_simulator/device1/instruction_18/sample_0/step_2.png' does not exist. Sleeping for 1 seconds...
Path '/data/oss_bucket_0/qihang/gui_agent/images/ui_tars_zh_simulator/device1/instruction_18/sample_0/step_2.png' does not exist. Sleeping for 1 seconds...
Path '/data/oss_bucket_0/qihang/gui_agent/images/ui_tars_zh_simulator/device1/instruction_18/sample_0/step_2.png' does not exist. Sleeping for 1 seconds...
Path '/data/oss_bucket_0/qihang/gui_agent/images/ui_tars_zh_simulator/device1/instruction_18/sample_0/step_2.png' does not exist. Sleeping for 1 seconds...
Path '/data/oss_bucket_0/qihang/gui_agent/images/ui_tars_zh_simulator/device1/instruction_18/sample_0/step_2.png' does not exist. Sleeping for 1 seconds...
Path '/data/oss_bucket_0/qihang/gui_agent/images/ui_tars_zh_simulator/device1/instruction_18/sample_0/step_2.png' exists! Reading the file...
Path '/data/oss_bucket_0/qihang/gui_agent/images/ui_tars_zh_simulator/device1/instruction_18/sample_0/step_1.png' exists! Reading the file...
Model Thought/Action: {'open': '淘宝应用', 'wait': '打开淘宝应用后，我将搜索并购买新的衣服。'}
--- Step 3 ---
Path '/data/oss_bucket_0/qihang/gui_agent/images/ui_tars_zh_simulator/device1/instruction_18/sample_0/step_3.png' does not exist. Sleeping for 1 seconds...
Path '/data/oss_bucket_0/qihang/gui_agent/images/ui_tars_zh_simulator/device1/instruction_18/sample_0/step_3.png' does not exist. Sleeping for 1 seconds...
Path '/data/oss_bucket_0/qihang/gui_agent/images/ui_tars_zh_simulator/device1/instruction_18/sample_0/step_3.png' does not exist. Sleeping for 1 seconds...
Path '/data/oss_bucket_0/qihang/gui_agent/images/ui_tars_zh_simulator/device1/instruction_18/sample_0/step_3.png' does not exist. Sleeping for 1 seconds...
Path '/data/oss_bucket_0/qihang/gui_agent/images/ui_tars_zh_simulator/device1/instruction_18/sample_0/step_3.png' does not exist. Sleeping for 1 seconds...
Path '/data/oss_bucket_0/qihang/gui_agent/images/ui_tars_zh_simulator/device1/instruction_18/sample_0/step_3.png' does not exist. Sleeping for 1 seconds...
Path '/data/oss_bucket_0/qihang/gui_agent/images/ui_tars_zh_simulator/device1/instruction_18/sample_0/step_3.png' exists! Reading the file...
Path '/data/oss_bucket_0/qihang/gui_agent/images/ui_tars_zh_simulator/device1/instruction_18/sample_0/step_2.png' exists! Reading the file...
Model Thought/Action: {'open': '淘宝应用', 'wait': '打开淘宝应用后，我将搜索并购买新的衣服。'}
--- Step 4 ---
Path '/data/oss_bucket_0/qihang/gui_agent/images/ui_tars_zh_simulator/device1/instruction_18/sample_0/step_4.png' does not exist. Sleeping for 1 seconds...
Path '/data/oss_bucket_0/qihang/gui_agent/images/ui_tars_zh_simulator/device1/instruction_18/sample_0/step_4.png' does not exist. Sleeping for 1 seconds...
Path '/data/oss_bucket_0/qihang/gui_agent/images/ui_tars_zh_simulator/device1/instruction_18/sample_0/step_4.png' does not exist. Sleeping for 1 seconds...
Path '/data/oss_bucket_0/qihang/gui_agent/images/ui_tars_zh_simulator/device1/instruction_18/sample_0/step_4.png' does not exist. Sleeping for 1 seconds...
Path '/data/oss_bucket_0/qihang/gui_agent/images/ui_tars_zh_simulator/device1/instruction_18/sample_0/step_4.png' does not exist. Sleeping for 1 seconds...
Path '/data/oss_bucket_0/qihang/gui_agent/images/ui_tars_zh_simulator/device1/instruction_18/sample_0/step_4.png' does not exist. Sleeping for 1 seconds...
Path '/data/oss_bucket_0/qihang/gui_agent/images/ui_tars_zh_simulator/device1/instruction_18/sample_0/step_4.png' exists! Reading the file...
Path '/data/oss_bucket_0/qihang/gui_agent/images/ui_tars_zh_simulator/device1/instruction_18/sample_0/step_3.png' exists! Reading the file...
Model Thought/Action: {'open': '淘宝应用', 'wait': '打开淘宝应用后，我将搜索并购买新的衣服。'}
--- Step 5 ---
Path '/data/oss_bucket_0/qihang/gui_agent/images/ui_tars_zh_simulator/device1/instruction_18/sample_0/step_5.png' does not exist. Sleeping for 1 seconds...
Path '/data/oss_bucket_0/qihang/gui_agent/images/ui_tars_zh_simulator/device1/instruction_18/sample_0/step_5.png' does not exist. Sleeping for 1 seconds...
Path '/data/oss_bucket_0/qihang/gui_agent/images/ui_tars_zh_simulator/device1/instruction_18/sample_0/step_5.png' does not exist. Sleeping for 1 seconds...
Path '/data/oss_bucket_0/qihang/gui_agent/images/ui_tars_zh_simulator/device1/instruction_18/sample_0/step_5.png' does not exist. Sleeping for 1 seconds...
Path '/data/oss_bucket_0/qihang/gui_agent/images/ui_tars_zh_simulator/device1/instruction_18/sample_0/step_5.png' does not exist. Sleeping for 1 seconds...
Path '/data/oss_bucket_0/qihang/gui_agent/images/ui_tars_zh_simulator/device1/instruction_18/sample_0/step_5.png' does not exist. Sleeping for 1 seconds...
Path '/data/oss_bucket_0/qihang/gui_agent/images/ui_tars_zh_simulator/device1/instruction_18/sample_0/step_5.png' exists! Reading the file...
Path '/data/oss_bucket_0/qihang/gui_agent/images/ui_tars_zh_simulator/device1/instruction_18/sample_0/step_4.png' exists! Reading the file...
Model Thought/Action: {'open': '淘宝应用', 'wait': '打开淘宝应用后，我将搜索并购买新的衣服。'}
--- Step 6 ---
Path '/data/oss_bucket_0/qihang/gui_agent/images/ui_tars_zh_simulator/device1/instruction_18/sample_0/step_6.png' does not exist. Sleeping for 1 seconds...
Path '/data/oss_bucket_0/qihang/gui_agent/images/ui_tars_zh_simulator/device1/instruction_18/sample_0/step_6.png' does not exist. Sleeping for 1 seconds...
Path '/data/oss_bucket_0/qihang/gui_agent/images/ui_tars_zh_simulator/device1/instruction_18/sample_0/step_6.png' does not exist. Sleeping for 1 seconds...
Path '/data/oss_bucket_0/qihang/gui_agent/images/ui_tars_zh_simulator/device1/instruction_18/sample_0/step_6.png' does not exist. Sleeping for 1 seconds...
Path '/data/oss_bucket_0/qihang/gui_agent/images/ui_tars_zh_simulator/device1/instruction_18/sample_0/step_6.png' does not exist. Sleeping for 1 seconds...
Path '/data/oss_bucket_0/qihang/gui_agent/images/ui_tars_zh_simulator/device1/instruction_18/sample_0/step_6.png' does not exist. Sleeping for 1 seconds...
Path '/data/oss_bucket_0/qihang/gui_agent/images/ui_tars_zh_simulator/device1/instruction_18/sample_0/step_6.png' exists! Reading the file...
Path '/data/oss_bucket_0/qihang/gui_agent/images/ui_tars_zh_simulator/device1/instruction_18/sample_0/step_5.png' exists! Reading the file...
Model Thought/Action: {'open': '淘宝应用', 'wait': '打开淘宝应用后，我将搜索并购买新的衣服。'}
--- Step 7 ---
Path '/data/oss_bucket_0/qihang/gui_agent/images/ui_tars_zh_simulator/device1/instruction_18/sample_0/step_7.png' does not exist. Sleeping for 1 seconds...
Path '/data/oss_bucket_0/qihang/gui_agent/images/ui_tars_zh_simulator/device1/instruction_18/sample_0/step_7.png' does not exist. Sleeping for 1 seconds...
Path '/data/oss_bucket_0/qihang/gui_agent/images/ui_tars_zh_simulator/device1/instruction_18/sample_0/step_7.png' does not exist. Sleeping for 1 seconds...
Path '/data/oss_bucket_0/qihang/gui_agent/images/ui_tars_zh_simulator/device1/instruction_18/sample_0/step_7.png' does not exist. Sleeping for 1 seconds...
Path '/data/oss_bucket_0/qihang/gui_agent/images/ui_tars_zh_simulator/device1/instruction_18/sample_0/step_7.png' does not exist. Sleeping for 1 seconds...
Path '/data/oss_bucket_0/qihang/gui_agent/images/ui_tars_zh_simulator/device1/instruction_18/sample_0/step_7.png' does not exist. Sleeping for 1 seconds...
Path '/data/oss_bucket_0/qihang/gui_agent/images/ui_tars_zh_simulator/device1/instruction_18/sample_0/step_7.png' exists! Reading the file...
Path '/data/oss_bucket_0/qihang/gui_agent/images/ui_tars_zh_simulator/device1/instruction_18/sample_0/step_6.png' exists! Reading the file...
Model Thought/Action: {'open': '淘宝应用', 'wait': '打开淘宝应用后，我将搜索并购买新的衣服。'}
--- Step 8 ---
Path '/data/oss_bucket_0/qihang/gui_agent/images/ui_tars_zh_simulator/device1/instruction_18/sample_0/step_8.png' does not exist. Sleeping for 1 seconds...
Path '/data/oss_bucket_0/qihang/gui_agent/images/ui_tars_zh_simulator/device1/instruction_18/sample_0/step_8.png' does not exist. Sleeping for 1 seconds...
Path '/data/oss_bucket_0/qihang/gui_agent/images/ui_tars_zh_simulator/device1/instruction_18/sample_0/step_8.png' does not exist. Sleeping for 1 seconds...
Path '/data/oss_bucket_0/qihang/gui_agent/images/ui_tars_zh_simulator/device1/instruction_18/sample_0/step_8.png' does not exist. Sleeping for 1 seconds...
Path '/data/oss_bucket_0/qihang/gui_agent/images/ui_tars_zh_simulator/device1/instruction_18/sample_0/step_8.png' does not exist. Sleeping for 1 seconds...
Path '/data/oss_bucket_0/qihang/gui_agent/images/ui_tars_zh_simulator/device1/instruction_18/sample_0/step_8.png' does not exist. Sleeping for 1 seconds...
Path '/data/oss_bucket_0/qihang/gui_agent/images/ui_tars_zh_simulator/device1/instruction_18/sample_0/step_8.png' exists! Reading the file...
Path '/data/oss_bucket_0/qihang/gui_agent/images/ui_tars_zh_simulator/device1/instruction_18/sample_0/step_7.png' exists! Reading the file...
Model Thought/Action: {'open': '淘宝应用', 'wait': '打开淘宝应用后，我将搜索并购买新的衣服。'}
--- Step 9 ---
Path '/data/oss_bucket_0/qihang/gui_agent/images/ui_tars_zh_simulator/device1/instruction_18/sample_0/step_9.png' does not exist. Sleeping for 1 seconds...
Path '/data/oss_bucket_0/qihang/gui_agent/images/ui_tars_zh_simulator/device1/instruction_18/sample_0/step_9.png' does not exist. Sleeping for 1 seconds...
Path '/data/oss_bucket_0/qihang/gui_agent/images/ui_tars_zh_simulator/device1/instruction_18/sample_0/step_9.png' does not exist. Sleeping for 1 seconds...
Path '/data/oss_bucket_0/qihang/gui_agent/images/ui_tars_zh_simulator/device1/instruction_18/sample_0/step_9.png' does not exist. Sleeping for 1 seconds...
Path '/data/oss_bucket_0/qihang/gui_agent/images/ui_tars_zh_simulator/device1/instruction_18/sample_0/step_9.png' does not exist. Sleeping for 1 seconds...
Path '/data/oss_bucket_0/qihang/gui_agent/images/ui_tars_zh_simulator/device1/instruction_18/sample_0/step_9.png' does not exist. Sleeping for 1 seconds...
Path '/data/oss_bucket_0/qihang/gui_agent/images/ui_tars_zh_simulator/device1/instruction_18/sample_0/step_9.png' exists! Reading the file...
Path '/data/oss_bucket_0/qihang/gui_agent/images/ui_tars_zh_simulator/device1/instruction_18/sample_0/step_8.png' exists! Reading the file...
Model Thought/Action: {'open': '淘宝应用', 'wait': '打开淘宝应用后，我将搜索并购买新的衣服。'}
--- Step 10 ---
Path '/data/oss_bucket_0/qihang/gui_agent/images/ui_tars_zh_simulator/device1/instruction_18/sample_0/step_10.png' does not exist. Sleeping for 1 seconds...
Path '/data/oss_bucket_0/qihang/gui_agent/images/ui_tars_zh_simulator/device1/instruction_18/sample_0/step_10.png' does not exist. Sleeping for 1 seconds...
Path '/data/oss_bucket_0/qihang/gui_agent/images/ui_tars_zh_simulator/device1/instruction_18/sample_0/step_10.png' does not exist. Sleeping for 1 seconds...
Path '/data/oss_bucket_0/qihang/gui_agent/images/ui_tars_zh_simulator/device1/instruction_18/sample_0/step_10.png' does not exist. Sleeping for 1 seconds...
Path '/data/oss_bucket_0/qihang/gui_agent/images/ui_tars_zh_simulator/device1/instruction_18/sample_0/step_10.png' does not exist. Sleeping for 1 seconds...
Path '/data/oss_bucket_0/qihang/gui_agent/images/ui_tars_zh_simulator/device1/instruction_18/sample_0/step_10.png' does not exist. Sleeping for 1 seconds...
Path '/data/oss_bucket_0/qihang/gui_agent/images/ui_tars_zh_simulator/device1/instruction_18/sample_0/step_10.png' exists! Reading the file...
Path '/data/oss_bucket_0/qihang/gui_agent/images/ui_tars_zh_simulator/device1/instruction_18/sample_0/step_9.png' exists! Reading the file...
Model Thought/Action: {'open': '淘宝应用', 'wait': '打开淘宝应用后，我将搜索并购买新的衣服。'}
--- Step 11 ---
Path '/data/oss_bucket_0/qihang/gui_agent/images/ui_tars_zh_simulator/device1/instruction_18/sample_0/step_11.png' does not exist. Sleeping for 1 seconds...
Path '/data/oss_bucket_0/qihang/gui_agent/images/ui_tars_zh_simulator/device1/instruction_18/sample_0/step_11.png' does not exist. Sleeping for 1 seconds...
Path '/data/oss_bucket_0/qihang/gui_agent/images/ui_tars_zh_simulator/device1/instruction_18/sample_0/step_11.png' does not exist. Sleeping for 1 seconds...
Path '/data/oss_bucket_0/qihang/gui_agent/images/ui_tars_zh_simulator/device1/instruction_18/sample_0/step_11.png' does not exist. Sleeping for 1 seconds...
Path '/data/oss_bucket_0/qihang/gui_agent/images/ui_tars_zh_simulator/device1/instruction_18/sample_0/step_11.png' does not exist. Sleeping for 1 seconds...
Path '/data/oss_bucket_0/qihang/gui_agent/images/ui_tars_zh_simulator/device1/instruction_18/sample_0/step_11.png' does not exist. Sleeping for 1 seconds...
Path '/data/oss_bucket_0/qihang/gui_agent/images/ui_tars_zh_simulator/device1/instruction_18/sample_0/step_11.png' exists! Reading the file...
Path '/data/oss_bucket_0/qihang/gui_agent/images/ui_tars_zh_simulator/device1/instruction_18/sample_0/step_10.png' exists! Reading the file...
Model Thought/Action: {'open': '淘宝应用', 'wait': '打开淘宝应用后，我将搜索并购买新的衣服。'}
--- Step 12 ---
Path '/data/oss_bucket_0/qihang/gui_agent/images/ui_tars_zh_simulator/device1/instruction_18/sample_0/step_12.png' does not exist. Sleeping for 1 seconds...
Path '/data/oss_bucket_0/qihang/gui_agent/images/ui_tars_zh_simulator/device1/instruction_18/sample_0/step_12.png' does not exist. Sleeping for 1 seconds...
Path '/data/oss_bucket_0/qihang/gui_agent/images/ui_tars_zh_simulator/device1/instruction_18/sample_0/step_12.png' does not exist. Sleeping for 1 seconds...
Path '/data/oss_bucket_0/qihang/gui_agent/images/ui_tars_zh_simulator/device1/instruction_18/sample_0/step_12.png' does not exist. Sleeping for 1 seconds...
Path '/data/oss_bucket_0/qihang/gui_agent/images/ui_tars_zh_simulator/device1/instruction_18/sample_0/step_12.png' does not exist. Sleeping for 1 seconds...
Path '/data/oss_bucket_0/qihang/gui_agent/images/ui_tars_zh_simulator/device1/instruction_18/sample_0/step_12.png' does not exist. Sleeping for 1 seconds...
Path '/data/oss_bucket_0/qihang/gui_agent/images/ui_tars_zh_simulator/device1/instruction_18/sample_0/step_12.png' exists! Reading the file...
Path '/data/oss_bucket_0/qihang/gui_agent/images/ui_tars_zh_simulator/device1/instruction_18/sample_0/step_11.png' exists! Reading the file...
Model Thought/Action: {'open': '淘宝应用', 'wait': '打开淘宝应用后，我将搜索并购买新的衣服。'}
--- Step 13 ---
Path '/data/oss_bucket_0/qihang/gui_agent/images/ui_tars_zh_simulator/device1/instruction_18/sample_0/step_13.png' does not exist. Sleeping for 1 seconds...
Path '/data/oss_bucket_0/qihang/gui_agent/images/ui_tars_zh_simulator/device1/instruction_18/sample_0/step_13.png' does not exist. Sleeping for 1 seconds...
Path '/data/oss_bucket_0/qihang/gui_agent/images/ui_tars_zh_simulator/device1/instruction_18/sample_0/step_13.png' does not exist. Sleeping for 1 seconds...
Path '/data/oss_bucket_0/qihang/gui_agent/images/ui_tars_zh_simulator/device1/instruction_18/sample_0/step_13.png' does not exist. Sleeping for 1 seconds...
Path '/data/oss_bucket_0/qihang/gui_agent/images/ui_tars_zh_simulator/device1/instruction_18/sample_0/step_13.png' does not exist. Sleeping for 1 seconds...
Path '/data/oss_bucket_0/qihang/gui_agent/images/ui_tars_zh_simulator/device1/instruction_18/sample_0/step_13.png' does not exist. Sleeping for 1 seconds...
Path '/data/oss_bucket_0/qihang/gui_agent/images/ui_tars_zh_simulator/device1/instruction_18/sample_0/step_13.png' exists! Reading the file...
Path '/data/oss_bucket_0/qihang/gui_agent/images/ui_tars_zh_simulator/device1/instruction_18/sample_0/step_12.png' exists! Reading the file...
Model Thought/Action: {'open': '淘宝应用', 'wait': '打开淘宝应用后，我将搜索并购买新的衣服。'}
--- Step 14 ---
Path '/data/oss_bucket_0/qihang/gui_agent/images/ui_tars_zh_simulator/device1/instruction_18/sample_0/step_14.png' does not exist. Sleeping for 1 seconds...
Path '/data/oss_bucket_0/qihang/gui_agent/images/ui_tars_zh_simulator/device1/instruction_18/sample_0/step_14.png' does not exist. Sleeping for 1 seconds...
Path '/data/oss_bucket_0/qihang/gui_agent/images/ui_tars_zh_simulator/device1/instruction_18/sample_0/step_14.png' does not exist. Sleeping for 1 seconds...
Path '/data/oss_bucket_0/qihang/gui_agent/images/ui_tars_zh_simulator/device1/instruction_18/sample_0/step_14.png' does not exist. Sleeping for 1 seconds...
Path '/data/oss_bucket_0/qihang/gui_agent/images/ui_tars_zh_simulator/device1/instruction_18/sample_0/step_14.png' does not exist. Sleeping for 1 seconds...
Path '/data/oss_bucket_0/qihang/gui_agent/images/ui_tars_zh_simulator/device1/instruction_18/sample_0/step_14.png' does not exist. Sleeping for 1 seconds...
Path '/data/oss_bucket_0/qihang/gui_agent/images/ui_tars_zh_simulator/device1/instruction_18/sample_0/step_14.png' exists! Reading the file...
Path '/data/oss_bucket_0/qihang/gui_agent/images/ui_tars_zh_simulator/device1/instruction_18/sample_0/step_13.png' exists! Reading the file...
Model Thought/Action: {'open': '淘宝应用', 'wait': '打开淘宝应用后，我将搜索并购买新的衣服。'}
--- Judging with GPT-4o ---
GPT-4o Evaluation Response: {'reason': "The task was to open Taobao and search for 'lululemon'. However, the agent repeatedly attempted to open the Taobao app without success, as evidenced by the repeated tool calls and identical screenshots. The agent did not progress beyond the initial step of opening the app, indicating a failure to complete the task. There was no attempt to seek user interaction or address potential issues, such as app launch failure, which could have been resolved by asking the user for guidance or checking for app updates.", 'reward': 0, 'status': 'failure', 'inquiry': 'failure'}
Evaluating Instructions:  44%|████▍     | 18/41 [52:06<1:03:41, 166.16s/it]
===== Evaluating Instruction 19/41 =====
Instruction: 我的袜子烂了一只。
--- Step 0 ---
Path '/data/oss_bucket_0/qihang/gui_agent/images/ui_tars_zh_simulator/device1/instruction_19/sample_0/step_0.png' exists! Reading the file...
Model Thought/Action: {'app_name': '淘宝', 'arg1': '打开淘宝', 'arg2': '打开淘宝', 'arg3': '打开淘宝', 'arg4': '打开淘宝', 'arg5': '打开淘宝', 'arg6': '打开淘宝', 'arg7': '打开淘宝', 'arg8': '打开淘宝', 'arg9': '打开淘宝', 'arg10': '打开淘宝'}
--- Step 1 ---
Path '/data/oss_bucket_0/qihang/gui_agent/images/ui_tars_zh_simulator/device1/instruction_19/sample_0/step_1.png' does not exist. Sleeping for 1 seconds...
Path '/data/oss_bucket_0/qihang/gui_agent/images/ui_tars_zh_simulator/device1/instruction_19/sample_0/step_1.png' does not exist. Sleeping for 1 seconds...
Path '/data/oss_bucket_0/qihang/gui_agent/images/ui_tars_zh_simulator/device1/instruction_19/sample_0/step_1.png' does not exist. Sleeping for 1 seconds...
Path '/data/oss_bucket_0/qihang/gui_agent/images/ui_tars_zh_simulator/device1/instruction_19/sample_0/step_1.png' does not exist. Sleeping for 1 seconds...
Path '/data/oss_bucket_0/qihang/gui_agent/images/ui_tars_zh_simulator/device1/instruction_19/sample_0/step_1.png' does not exist. Sleeping for 1 seconds...
Path '/data/oss_bucket_0/qihang/gui_agent/images/ui_tars_zh_simulator/device1/instruction_19/sample_0/step_1.png' does not exist. Sleeping for 1 seconds...
Path '/data/oss_bucket_0/qihang/gui_agent/images/ui_tars_zh_simulator/device1/instruction_19/sample_0/step_1.png' does not exist. Sleeping for 1 seconds...
Path '/data/oss_bucket_0/qihang/gui_agent/images/ui_tars_zh_simulator/device1/instruction_19/sample_0/step_1.png' does not exist. Sleeping for 1 seconds...
Path '/data/oss_bucket_0/qihang/gui_agent/images/ui_tars_zh_simulator/device1/instruction_19/sample_0/step_1.png' does not exist. Sleeping for 1 seconds...
Path '/data/oss_bucket_0/qihang/gui_agent/images/ui_tars_zh_simulator/device1/instruction_19/sample_0/step_1.png' does not exist. Sleeping for 1 seconds...
Path '/data/oss_bucket_0/qihang/gui_agent/images/ui_tars_zh_simulator/device1/instruction_19/sample_0/step_1.png' does not exist. Sleeping for 1 seconds...
Path '/data/oss_bucket_0/qihang/gui_agent/images/ui_tars_zh_simulator/device1/instruction_19/sample_0/step_1.png' does not exist. Sleeping for 1 seconds...
Path '/data/oss_bucket_0/qihang/gui_agent/images/ui_tars_zh_simulator/device1/instruction_19/sample_0/step_1.png' exists! Reading the file...
Path '/data/oss_bucket_0/qihang/gui_agent/images/ui_tars_zh_simulator/device1/instruction_19/sample_0/step_0.png' exists! Reading the file...
Model Thought/Action: {'app_name': '淘宝', 'arg1': '打开淘宝', 'arg2': '打开淘宝', 'arg3': '打开淘宝', 'arg4': '打开淘宝', 'arg5': '打开淘宝', 'arg6': '打开淘宝', 'arg7': '打开淘宝', 'arg8': '打开淘宝', 'arg9': '打开淘宝', 'arg10': '打开淘宝'}
--- Step 2 ---
Path '/data/oss_bucket_0/qihang/gui_agent/images/ui_tars_zh_simulator/device1/instruction_19/sample_0/step_2.png' does not exist. Sleeping for 1 seconds...
Path '/data/oss_bucket_0/qihang/gui_agent/images/ui_tars_zh_simulator/device1/instruction_19/sample_0/step_2.png' does not exist. Sleeping for 1 seconds...
Path '/data/oss_bucket_0/qihang/gui_agent/images/ui_tars_zh_simulator/device1/instruction_19/sample_0/step_2.png' does not exist. Sleeping for 1 seconds...
Path '/data/oss_bucket_0/qihang/gui_agent/images/ui_tars_zh_simulator/device1/instruction_19/sample_0/step_2.png' does not exist. Sleeping for 1 seconds...
Path '/data/oss_bucket_0/qihang/gui_agent/images/ui_tars_zh_simulator/device1/instruction_19/sample_0/step_2.png' does not exist. Sleeping for 1 seconds...
Path '/data/oss_bucket_0/qihang/gui_agent/images/ui_tars_zh_simulator/device1/instruction_19/sample_0/step_2.png' does not exist. Sleeping for 1 seconds...
Path '/data/oss_bucket_0/qihang/gui_agent/images/ui_tars_zh_simulator/device1/instruction_19/sample_0/step_2.png' exists! Reading the file...
Path '/data/oss_bucket_0/qihang/gui_agent/images/ui_tars_zh_simulator/device1/instruction_19/sample_0/step_1.png' exists! Reading the file...
Model Thought/Action: {'app_name': '淘宝', 'arg1': '打开淘宝', 'arg2': '打开淘宝', 'arg3': '打开淘宝', 'arg4': '打开淘宝', 'arg5': '打开淘宝', 'arg6': '打开淘宝', 'arg7': '打开淘宝', 'arg8': '打开淘宝', 'arg9': '打开淘宝', 'arg10': '打开淘宝'}
--- Step 3 ---
Path '/data/oss_bucket_0/qihang/gui_agent/images/ui_tars_zh_simulator/device1/instruction_19/sample_0/step_3.png' does not exist. Sleeping for 1 seconds...
Path '/data/oss_bucket_0/qihang/gui_agent/images/ui_tars_zh_simulator/device1/instruction_19/sample_0/step_3.png' does not exist. Sleeping for 1 seconds...
Path '/data/oss_bucket_0/qihang/gui_agent/images/ui_tars_zh_simulator/device1/instruction_19/sample_0/step_3.png' does not exist. Sleeping for 1 seconds...
Path '/data/oss_bucket_0/qihang/gui_agent/images/ui_tars_zh_simulator/device1/instruction_19/sample_0/step_3.png' does not exist. Sleeping for 1 seconds...
Path '/data/oss_bucket_0/qihang/gui_agent/images/ui_tars_zh_simulator/device1/instruction_19/sample_0/step_3.png' does not exist. Sleeping for 1 seconds...
Path '/data/oss_bucket_0/qihang/gui_agent/images/ui_tars_zh_simulator/device1/instruction_19/sample_0/step_3.png' does not exist. Sleeping for 1 seconds...
Path '/data/oss_bucket_0/qihang/gui_agent/images/ui_tars_zh_simulator/device1/instruction_19/sample_0/step_3.png' exists! Reading the file...
Path '/data/oss_bucket_0/qihang/gui_agent/images/ui_tars_zh_simulator/device1/instruction_19/sample_0/step_2.png' exists! Reading the file...
Model Thought/Action: {'app_name': '淘宝', 'arg1': '打开淘宝', 'arg2': '打开淘宝', 'arg3': '打开淘宝', 'arg4': '打开淘宝', 'arg5': '打开淘宝', 'arg6': '打开淘宝', 'arg7': '打开淘宝', 'arg8': '打开淘宝', 'arg9': '打开淘宝', 'arg10': '打开淘宝'}
--- Step 4 ---
Path '/data/oss_bucket_0/qihang/gui_agent/images/ui_tars_zh_simulator/device1/instruction_19/sample_0/step_4.png' does not exist. Sleeping for 1 seconds...
Path '/data/oss_bucket_0/qihang/gui_agent/images/ui_tars_zh_simulator/device1/instruction_19/sample_0/step_4.png' does not exist. Sleeping for 1 seconds...
Path '/data/oss_bucket_0/qihang/gui_agent/images/ui_tars_zh_simulator/device1/instruction_19/sample_0/step_4.png' does not exist. Sleeping for 1 seconds...
Path '/data/oss_bucket_0/qihang/gui_agent/images/ui_tars_zh_simulator/device1/instruction_19/sample_0/step_4.png' does not exist. Sleeping for 1 seconds...
Path '/data/oss_bucket_0/qihang/gui_agent/images/ui_tars_zh_simulator/device1/instruction_19/sample_0/step_4.png' does not exist. Sleeping for 1 seconds...
Path '/data/oss_bucket_0/qihang/gui_agent/images/ui_tars_zh_simulator/device1/instruction_19/sample_0/step_4.png' does not exist. Sleeping for 1 seconds...
Path '/data/oss_bucket_0/qihang/gui_agent/images/ui_tars_zh_simulator/device1/instruction_19/sample_0/step_4.png' exists! Reading the file...
Path '/data/oss_bucket_0/qihang/gui_agent/images/ui_tars_zh_simulator/device1/instruction_19/sample_0/step_3.png' exists! Reading the file...
Model Thought/Action: {'app_name': '淘宝', 'arg1': '打开淘宝', 'arg2': '打开淘宝', 'arg3': '打开淘宝', 'arg4': '打开淘宝', 'arg5': '打开淘宝', 'arg6': '打开淘宝', 'arg7': '打开淘宝', 'arg8': '打开淘宝', 'arg9': '打开淘宝', 'arg10': '打开淘宝'}
--- Step 5 ---
Path '/data/oss_bucket_0/qihang/gui_agent/images/ui_tars_zh_simulator/device1/instruction_19/sample_0/step_5.png' does not exist. Sleeping for 1 seconds...
Path '/data/oss_bucket_0/qihang/gui_agent/images/ui_tars_zh_simulator/device1/instruction_19/sample_0/step_5.png' does not exist. Sleeping for 1 seconds...
Path '/data/oss_bucket_0/qihang/gui_agent/images/ui_tars_zh_simulator/device1/instruction_19/sample_0/step_5.png' does not exist. Sleeping for 1 seconds...
Path '/data/oss_bucket_0/qihang/gui_agent/images/ui_tars_zh_simulator/device1/instruction_19/sample_0/step_5.png' does not exist. Sleeping for 1 seconds...
Path '/data/oss_bucket_0/qihang/gui_agent/images/ui_tars_zh_simulator/device1/instruction_19/sample_0/step_5.png' does not exist. Sleeping for 1 seconds...
Path '/data/oss_bucket_0/qihang/gui_agent/images/ui_tars_zh_simulator/device1/instruction_19/sample_0/step_5.png' does not exist. Sleeping for 1 seconds...
Path '/data/oss_bucket_0/qihang/gui_agent/images/ui_tars_zh_simulator/device1/instruction_19/sample_0/step_5.png' exists! Reading the file...
Path '/data/oss_bucket_0/qihang/gui_agent/images/ui_tars_zh_simulator/device1/instruction_19/sample_0/step_4.png' exists! Reading the file...
Model Thought/Action: {'app_name': '淘宝', 'arg1': '打开淘宝', 'arg2': '打开淘宝', 'arg3': '打开淘宝', 'arg4': '打开淘宝', 'arg5': '打开淘宝', 'arg6': '打开淘宝', 'arg7': '打开淘宝', 'arg8': '打开淘宝', 'arg9': '打开淘宝', 'arg10': '打开淘宝'}
--- Step 6 ---
Path '/data/oss_bucket_0/qihang/gui_agent/images/ui_tars_zh_simulator/device1/instruction_19/sample_0/step_6.png' does not exist. Sleeping for 1 seconds...
Path '/data/oss_bucket_0/qihang/gui_agent/images/ui_tars_zh_simulator/device1/instruction_19/sample_0/step_6.png' does not exist. Sleeping for 1 seconds...
Path '/data/oss_bucket_0/qihang/gui_agent/images/ui_tars_zh_simulator/device1/instruction_19/sample_0/step_6.png' does not exist. Sleeping for 1 seconds...
Path '/data/oss_bucket_0/qihang/gui_agent/images/ui_tars_zh_simulator/device1/instruction_19/sample_0/step_6.png' does not exist. Sleeping for 1 seconds...
Path '/data/oss_bucket_0/qihang/gui_agent/images/ui_tars_zh_simulator/device1/instruction_19/sample_0/step_6.png' does not exist. Sleeping for 1 seconds...
Path '/data/oss_bucket_0/qihang/gui_agent/images/ui_tars_zh_simulator/device1/instruction_19/sample_0/step_6.png' does not exist. Sleeping for 1 seconds...
Path '/data/oss_bucket_0/qihang/gui_agent/images/ui_tars_zh_simulator/device1/instruction_19/sample_0/step_6.png' exists! Reading the file...
Path '/data/oss_bucket_0/qihang/gui_agent/images/ui_tars_zh_simulator/device1/instruction_19/sample_0/step_5.png' exists! Reading the file...
Model Thought/Action: {'app_name': '淘宝', 'arg1': '打开淘宝', 'arg2': '打开淘宝', 'arg3': '打开淘宝', 'arg4': '打开淘宝', 'arg5': '打开淘宝', 'arg6': '打开淘宝', 'arg7': '打开淘宝', 'arg8': '打开淘宝', 'arg9': '打开淘宝', 'arg10': '打开淘宝'}
--- Step 7 ---
Path '/data/oss_bucket_0/qihang/gui_agent/images/ui_tars_zh_simulator/device1/instruction_19/sample_0/step_7.png' does not exist. Sleeping for 1 seconds...
Path '/data/oss_bucket_0/qihang/gui_agent/images/ui_tars_zh_simulator/device1/instruction_19/sample_0/step_7.png' does not exist. Sleeping for 1 seconds...
Path '/data/oss_bucket_0/qihang/gui_agent/images/ui_tars_zh_simulator/device1/instruction_19/sample_0/step_7.png' does not exist. Sleeping for 1 seconds...
Path '/data/oss_bucket_0/qihang/gui_agent/images/ui_tars_zh_simulator/device1/instruction_19/sample_0/step_7.png' does not exist. Sleeping for 1 seconds...
Path '/data/oss_bucket_0/qihang/gui_agent/images/ui_tars_zh_simulator/device1/instruction_19/sample_0/step_7.png' does not exist. Sleeping for 1 seconds...
Path '/data/oss_bucket_0/qihang/gui_agent/images/ui_tars_zh_simulator/device1/instruction_19/sample_0/step_7.png' does not exist. Sleeping for 1 seconds...
Path '/data/oss_bucket_0/qihang/gui_agent/images/ui_tars_zh_simulator/device1/instruction_19/sample_0/step_7.png' exists! Reading the file...
Path '/data/oss_bucket_0/qihang/gui_agent/images/ui_tars_zh_simulator/device1/instruction_19/sample_0/step_6.png' exists! Reading the file...
Model Thought/Action: {'app_name': '淘宝', 'arg1': '打开淘宝', 'arg2': '打开淘宝', 'arg3': '打开淘宝', 'arg4': '打开淘宝', 'arg5': '打开淘宝', 'arg6': '打开淘宝', 'arg7': '打开淘宝', 'arg8': '打开淘宝', 'arg9': '打开淘宝', 'arg10': '打开淘宝'}
--- Step 8 ---
Path '/data/oss_bucket_0/qihang/gui_agent/images/ui_tars_zh_simulator/device1/instruction_19/sample_0/step_8.png' does not exist. Sleeping for 1 seconds...
Path '/data/oss_bucket_0/qihang/gui_agent/images/ui_tars_zh_simulator/device1/instruction_19/sample_0/step_8.png' does not exist. Sleeping for 1 seconds...
Path '/data/oss_bucket_0/qihang/gui_agent/images/ui_tars_zh_simulator/device1/instruction_19/sample_0/step_8.png' does not exist. Sleeping for 1 seconds...
Path '/data/oss_bucket_0/qihang/gui_agent/images/ui_tars_zh_simulator/device1/instruction_19/sample_0/step_8.png' does not exist. Sleeping for 1 seconds...
Path '/data/oss_bucket_0/qihang/gui_agent/images/ui_tars_zh_simulator/device1/instruction_19/sample_0/step_8.png' does not exist. Sleeping for 1 seconds...
Path '/data/oss_bucket_0/qihang/gui_agent/images/ui_tars_zh_simulator/device1/instruction_19/sample_0/step_8.png' does not exist. Sleeping for 1 seconds...
Path '/data/oss_bucket_0/qihang/gui_agent/images/ui_tars_zh_simulator/device1/instruction_19/sample_0/step_8.png' exists! Reading the file...
Path '/data/oss_bucket_0/qihang/gui_agent/images/ui_tars_zh_simulator/device1/instruction_19/sample_0/step_7.png' exists! Reading the file...
Model Thought/Action: {'app_name': '淘宝', 'arg1': '打开淘宝', 'arg2': '打开淘宝', 'arg3': '打开淘宝', 'arg4': '打开淘宝', 'arg5': '打开淘宝', 'arg6': '打开淘宝', 'arg7': '打开淘宝', 'arg8': '打开淘宝', 'arg9': '打开淘宝', 'arg10': '打开淘宝'}
--- Step 9 ---
Path '/data/oss_bucket_0/qihang/gui_agent/images/ui_tars_zh_simulator/device1/instruction_19/sample_0/step_9.png' does not exist. Sleeping for 1 seconds...
Path '/data/oss_bucket_0/qihang/gui_agent/images/ui_tars_zh_simulator/device1/instruction_19/sample_0/step_9.png' does not exist. Sleeping for 1 seconds...
Path '/data/oss_bucket_0/qihang/gui_agent/images/ui_tars_zh_simulator/device1/instruction_19/sample_0/step_9.png' does not exist. Sleeping for 1 seconds...
Path '/data/oss_bucket_0/qihang/gui_agent/images/ui_tars_zh_simulator/device1/instruction_19/sample_0/step_9.png' does not exist. Sleeping for 1 seconds...
Path '/data/oss_bucket_0/qihang/gui_agent/images/ui_tars_zh_simulator/device1/instruction_19/sample_0/step_9.png' does not exist. Sleeping for 1 seconds...
Path '/data/oss_bucket_0/qihang/gui_agent/images/ui_tars_zh_simulator/device1/instruction_19/sample_0/step_9.png' does not exist. Sleeping for 1 seconds...
Path '/data/oss_bucket_0/qihang/gui_agent/images/ui_tars_zh_simulator/device1/instruction_19/sample_0/step_9.png' exists! Reading the file...
Path '/data/oss_bucket_0/qihang/gui_agent/images/ui_tars_zh_simulator/device1/instruction_19/sample_0/step_8.png' exists! Reading the file...
Model Thought/Action: {'app_name': '淘宝', 'arg1': '打开淘宝', 'arg2': '打开淘宝', 'arg3': '打开淘宝', 'arg4': '打开淘宝', 'arg5': '打开淘宝', 'arg6': '打开淘宝', 'arg7': '打开淘宝', 'arg8': '打开淘宝', 'arg9': '打开淘宝', 'arg10': '打开淘宝'}
--- Step 10 ---
Path '/data/oss_bucket_0/qihang/gui_agent/images/ui_tars_zh_simulator/device1/instruction_19/sample_0/step_10.png' does not exist. Sleeping for 1 seconds...
Path '/data/oss_bucket_0/qihang/gui_agent/images/ui_tars_zh_simulator/device1/instruction_19/sample_0/step_10.png' does not exist. Sleeping for 1 seconds...
Path '/data/oss_bucket_0/qihang/gui_agent/images/ui_tars_zh_simulator/device1/instruction_19/sample_0/step_10.png' does not exist. Sleeping for 1 seconds...
Path '/data/oss_bucket_0/qihang/gui_agent/images/ui_tars_zh_simulator/device1/instruction_19/sample_0/step_10.png' does not exist. Sleeping for 1 seconds...
Path '/data/oss_bucket_0/qihang/gui_agent/images/ui_tars_zh_simulator/device1/instruction_19/sample_0/step_10.png' does not exist. Sleeping for 1 seconds...
Path '/data/oss_bucket_0/qihang/gui_agent/images/ui_tars_zh_simulator/device1/instruction_19/sample_0/step_10.png' does not exist. Sleeping for 1 seconds...
Path '/data/oss_bucket_0/qihang/gui_agent/images/ui_tars_zh_simulator/device1/instruction_19/sample_0/step_10.png' exists! Reading the file...
Path '/data/oss_bucket_0/qihang/gui_agent/images/ui_tars_zh_simulator/device1/instruction_19/sample_0/step_9.png' exists! Reading the file...
Model Thought/Action: {'app_name': '淘宝', 'arg1': '打开淘宝', 'arg2': '打开淘宝', 'arg3': '打开淘宝', 'arg4': '打开淘宝', 'arg5': '打开淘宝', 'arg6': '打开淘宝', 'arg7': '打开淘宝', 'arg8': '打开淘宝', 'arg9': '打开淘宝', 'arg10': '打开淘宝'}
--- Step 11 ---
Path '/data/oss_bucket_0/qihang/gui_agent/images/ui_tars_zh_simulator/device1/instruction_19/sample_0/step_11.png' does not exist. Sleeping for 1 seconds...
Path '/data/oss_bucket_0/qihang/gui_agent/images/ui_tars_zh_simulator/device1/instruction_19/sample_0/step_11.png' does not exist. Sleeping for 1 seconds...
Path '/data/oss_bucket_0/qihang/gui_agent/images/ui_tars_zh_simulator/device1/instruction_19/sample_0/step_11.png' does not exist. Sleeping for 1 seconds...
Path '/data/oss_bucket_0/qihang/gui_agent/images/ui_tars_zh_simulator/device1/instruction_19/sample_0/step_11.png' does not exist. Sleeping for 1 seconds...
Path '/data/oss_bucket_0/qihang/gui_agent/images/ui_tars_zh_simulator/device1/instruction_19/sample_0/step_11.png' does not exist. Sleeping for 1 seconds...
Path '/data/oss_bucket_0/qihang/gui_agent/images/ui_tars_zh_simulator/device1/instruction_19/sample_0/step_11.png' does not exist. Sleeping for 1 seconds...
Path '/data/oss_bucket_0/qihang/gui_agent/images/ui_tars_zh_simulator/device1/instruction_19/sample_0/step_11.png' exists! Reading the file...
Path '/data/oss_bucket_0/qihang/gui_agent/images/ui_tars_zh_simulator/device1/instruction_19/sample_0/step_10.png' exists! Reading the file...
Model Thought/Action: {'app_name': '淘宝', 'arg1': '打开淘宝', 'arg2': '打开淘宝', 'arg3': '打开淘宝', 'arg4': '打开淘宝', 'arg5': '打开淘宝', 'arg6': '打开淘宝', 'arg7': '打开淘宝', 'arg8': '打开淘宝', 'arg9': '打开淘宝', 'arg10': '打开淘宝'}
--- Step 12 ---
Path '/data/oss_bucket_0/qihang/gui_agent/images/ui_tars_zh_simulator/device1/instruction_19/sample_0/step_12.png' does not exist. Sleeping for 1 seconds...
Path '/data/oss_bucket_0/qihang/gui_agent/images/ui_tars_zh_simulator/device1/instruction_19/sample_0/step_12.png' does not exist. Sleeping for 1 seconds...
Path '/data/oss_bucket_0/qihang/gui_agent/images/ui_tars_zh_simulator/device1/instruction_19/sample_0/step_12.png' does not exist. Sleeping for 1 seconds...
Path '/data/oss_bucket_0/qihang/gui_agent/images/ui_tars_zh_simulator/device1/instruction_19/sample_0/step_12.png' does not exist. Sleeping for 1 seconds...
Path '/data/oss_bucket_0/qihang/gui_agent/images/ui_tars_zh_simulator/device1/instruction_19/sample_0/step_12.png' does not exist. Sleeping for 1 seconds...
Path '/data/oss_bucket_0/qihang/gui_agent/images/ui_tars_zh_simulator/device1/instruction_19/sample_0/step_12.png' does not exist. Sleeping for 1 seconds...
Path '/data/oss_bucket_0/qihang/gui_agent/images/ui_tars_zh_simulator/device1/instruction_19/sample_0/step_12.png' exists! Reading the file...
Path '/data/oss_bucket_0/qihang/gui_agent/images/ui_tars_zh_simulator/device1/instruction_19/sample_0/step_11.png' exists! Reading the file...
Model Thought/Action: {'app_name': '淘宝', 'arg1': '打开淘宝', 'arg2': '打开淘宝', 'arg3': '打开淘宝', 'arg4': '打开淘宝', 'arg5': '打开淘宝', 'arg6': '打开淘宝', 'arg7': '打开淘宝', 'arg8': '打开淘宝', 'arg9': '打开淘宝', 'arg10': '打开淘宝'}
--- Step 13 ---
Path '/data/oss_bucket_0/qihang/gui_agent/images/ui_tars_zh_simulator/device1/instruction_19/sample_0/step_13.png' does not exist. Sleeping for 1 seconds...
Path '/data/oss_bucket_0/qihang/gui_agent/images/ui_tars_zh_simulator/device1/instruction_19/sample_0/step_13.png' does not exist. Sleeping for 1 seconds...
Path '/data/oss_bucket_0/qihang/gui_agent/images/ui_tars_zh_simulator/device1/instruction_19/sample_0/step_13.png' does not exist. Sleeping for 1 seconds...
Path '/data/oss_bucket_0/qihang/gui_agent/images/ui_tars_zh_simulator/device1/instruction_19/sample_0/step_13.png' does not exist. Sleeping for 1 seconds...
Path '/data/oss_bucket_0/qihang/gui_agent/images/ui_tars_zh_simulator/device1/instruction_19/sample_0/step_13.png' does not exist. Sleeping for 1 seconds...
Path '/data/oss_bucket_0/qihang/gui_agent/images/ui_tars_zh_simulator/device1/instruction_19/sample_0/step_13.png' does not exist. Sleeping for 1 seconds...
Path '/data/oss_bucket_0/qihang/gui_agent/images/ui_tars_zh_simulator/device1/instruction_19/sample_0/step_13.png' exists! Reading the file...
Path '/data/oss_bucket_0/qihang/gui_agent/images/ui_tars_zh_simulator/device1/instruction_19/sample_0/step_12.png' exists! Reading the file...
Model Thought/Action: {'app_name': '淘宝', 'arg1': '打开淘宝', 'arg2': '打开淘宝', 'arg3': '打开淘宝', 'arg4': '打开淘宝', 'arg5': '打开淘宝', 'arg6': '打开淘宝', 'arg7': '打开淘宝', 'arg8': '打开淘宝', 'arg9': '打开淘宝', 'arg10': '打开淘宝'}
--- Step 14 ---
Path '/data/oss_bucket_0/qihang/gui_agent/images/ui_tars_zh_simulator/device1/instruction_19/sample_0/step_14.png' does not exist. Sleeping for 1 seconds...
Path '/data/oss_bucket_0/qihang/gui_agent/images/ui_tars_zh_simulator/device1/instruction_19/sample_0/step_14.png' does not exist. Sleeping for 1 seconds...
Path '/data/oss_bucket_0/qihang/gui_agent/images/ui_tars_zh_simulator/device1/instruction_19/sample_0/step_14.png' does not exist. Sleeping for 1 seconds...
Path '/data/oss_bucket_0/qihang/gui_agent/images/ui_tars_zh_simulator/device1/instruction_19/sample_0/step_14.png' does not exist. Sleeping for 1 seconds...
Path '/data/oss_bucket_0/qihang/gui_agent/images/ui_tars_zh_simulator/device1/instruction_19/sample_0/step_14.png' does not exist. Sleeping for 1 seconds...
Path '/data/oss_bucket_0/qihang/gui_agent/images/ui_tars_zh_simulator/device1/instruction_19/sample_0/step_14.png' does not exist. Sleeping for 1 seconds...
Path '/data/oss_bucket_0/qihang/gui_agent/images/ui_tars_zh_simulator/device1/instruction_19/sample_0/step_14.png' exists! Reading the file...
Path '/data/oss_bucket_0/qihang/gui_agent/images/ui_tars_zh_simulator/device1/instruction_19/sample_0/step_13.png' exists! Reading the file...
Model Thought/Action: {'app_name': '淘宝', 'arg1': '打开淘宝', 'arg2': '打开淘宝', 'arg3': '打开淘宝', 'arg4': '打开淘宝', 'arg5': '打开淘宝', 'arg6': '打开淘宝', 'arg7': '打开淘宝', 'arg8': '打开淘宝', 'arg9': '打开淘宝', 'arg10': '打开淘宝'}
--- Judging with GPT-4o ---
GPT-4o Evaluation Response: {'reason': 'The task was to open Taobao and search for socks. However, the agent repeatedly attempted to open the Taobao app without success, as indicated by the screenshots showing the home screen without any progress. The actions were redundant and did not move towards completing the task. There was no attempt to interact with the user for further instructions or troubleshooting.', 'reward': 0, 'status': 'failure', 'inquiry': 'failure'}
Evaluating Instructions:  46%|████▋     | 19/41 [54:54<1:01:08, 166.77s/it]
===== Evaluating Instruction 20/41 =====
Instruction: 我的袜子烂了一只。
--- Step 0 ---
Path '/data/oss_bucket_0/qihang/gui_agent/images/ui_tars_zh_simulator/device1/instruction_20/sample_0/step_0.png' exists! Reading the file...
Model Thought/Action: {'action': 'continue', 'thought': 'No tool call found.'}
--- Step 1 ---
Path '/data/oss_bucket_0/qihang/gui_agent/images/ui_tars_zh_simulator/device1/instruction_20/sample_0/step_1.png' does not exist. Sleeping for 1 seconds...
Path '/data/oss_bucket_0/qihang/gui_agent/images/ui_tars_zh_simulator/device1/instruction_20/sample_0/step_1.png' does not exist. Sleeping for 1 seconds...
Path '/data/oss_bucket_0/qihang/gui_agent/images/ui_tars_zh_simulator/device1/instruction_20/sample_0/step_1.png' does not exist. Sleeping for 1 seconds...
Path '/data/oss_bucket_0/qihang/gui_agent/images/ui_tars_zh_simulator/device1/instruction_20/sample_0/step_1.png' does not exist. Sleeping for 1 seconds...
Path '/data/oss_bucket_0/qihang/gui_agent/images/ui_tars_zh_simulator/device1/instruction_20/sample_0/step_1.png' does not exist. Sleeping for 1 seconds...
Path '/data/oss_bucket_0/qihang/gui_agent/images/ui_tars_zh_simulator/device1/instruction_20/sample_0/step_1.png' does not exist. Sleeping for 1 seconds...
Path '/data/oss_bucket_0/qihang/gui_agent/images/ui_tars_zh_simulator/device1/instruction_20/sample_0/step_1.png' does not exist. Sleeping for 1 seconds...
Path '/data/oss_bucket_0/qihang/gui_agent/images/ui_tars_zh_simulator/device1/instruction_20/sample_0/step_1.png' does not exist. Sleeping for 1 seconds...
Path '/data/oss_bucket_0/qihang/gui_agent/images/ui_tars_zh_simulator/device1/instruction_20/sample_0/step_1.png' does not exist. Sleeping for 1 seconds...
Path '/data/oss_bucket_0/qihang/gui_agent/images/ui_tars_zh_simulator/device1/instruction_20/sample_0/step_1.png' does not exist. Sleeping for 1 seconds...
Path '/data/oss_bucket_0/qihang/gui_agent/images/ui_tars_zh_simulator/device1/instruction_20/sample_0/step_1.png' does not exist. Sleeping for 1 seconds...
Path '/data/oss_bucket_0/qihang/gui_agent/images/ui_tars_zh_simulator/device1/instruction_20/sample_0/step_1.png' does not exist. Sleeping for 1 seconds...
Path '/data/oss_bucket_0/qihang/gui_agent/images/ui_tars_zh_simulator/device1/instruction_20/sample_0/step_1.png' exists! Reading the file...
Path '/data/oss_bucket_0/qihang/gui_agent/images/ui_tars_zh_simulator/device1/instruction_20/sample_0/step_0.png' exists! Reading the file...
Model Thought/Action: {'action': 'continue', 'thought': 'No tool call found.'}
--- Step 2 ---
Path '/data/oss_bucket_0/qihang/gui_agent/images/ui_tars_zh_simulator/device1/instruction_20/sample_0/step_2.png' does not exist. Sleeping for 1 seconds...
Path '/data/oss_bucket_0/qihang/gui_agent/images/ui_tars_zh_simulator/device1/instruction_20/sample_0/step_2.png' does not exist. Sleeping for 1 seconds...
Path '/data/oss_bucket_0/qihang/gui_agent/images/ui_tars_zh_simulator/device1/instruction_20/sample_0/step_2.png' does not exist. Sleeping for 1 seconds...
Path '/data/oss_bucket_0/qihang/gui_agent/images/ui_tars_zh_simulator/device1/instruction_20/sample_0/step_2.png' does not exist. Sleeping for 1 seconds...
Path '/data/oss_bucket_0/qihang/gui_agent/images/ui_tars_zh_simulator/device1/instruction_20/sample_0/step_2.png' does not exist. Sleeping for 1 seconds...
Path '/data/oss_bucket_0/qihang/gui_agent/images/ui_tars_zh_simulator/device1/instruction_20/sample_0/step_2.png' does not exist. Sleeping for 1 seconds...
Path '/data/oss_bucket_0/qihang/gui_agent/images/ui_tars_zh_simulator/device1/instruction_20/sample_0/step_2.png' exists! Reading the file...
Path '/data/oss_bucket_0/qihang/gui_agent/images/ui_tars_zh_simulator/device1/instruction_20/sample_0/step_1.png' exists! Reading the file...
Model Thought/Action: {'action': 'continue', 'thought': 'No tool call found.'}
--- Step 3 ---
Path '/data/oss_bucket_0/qihang/gui_agent/images/ui_tars_zh_simulator/device1/instruction_20/sample_0/step_3.png' does not exist. Sleeping for 1 seconds...
Path '/data/oss_bucket_0/qihang/gui_agent/images/ui_tars_zh_simulator/device1/instruction_20/sample_0/step_3.png' does not exist. Sleeping for 1 seconds...
Path '/data/oss_bucket_0/qihang/gui_agent/images/ui_tars_zh_simulator/device1/instruction_20/sample_0/step_3.png' does not exist. Sleeping for 1 seconds...
Path '/data/oss_bucket_0/qihang/gui_agent/images/ui_tars_zh_simulator/device1/instruction_20/sample_0/step_3.png' does not exist. Sleeping for 1 seconds...
Path '/data/oss_bucket_0/qihang/gui_agent/images/ui_tars_zh_simulator/device1/instruction_20/sample_0/step_3.png' does not exist. Sleeping for 1 seconds...
Path '/data/oss_bucket_0/qihang/gui_agent/images/ui_tars_zh_simulator/device1/instruction_20/sample_0/step_3.png' does not exist. Sleeping for 1 seconds...
Path '/data/oss_bucket_0/qihang/gui_agent/images/ui_tars_zh_simulator/device1/instruction_20/sample_0/step_3.png' exists! Reading the file...
Path '/data/oss_bucket_0/qihang/gui_agent/images/ui_tars_zh_simulator/device1/instruction_20/sample_0/step_2.png' exists! Reading the file...
Model Thought/Action: {'action': 'continue', 'thought': 'No tool call found.'}
--- Step 4 ---
Path '/data/oss_bucket_0/qihang/gui_agent/images/ui_tars_zh_simulator/device1/instruction_20/sample_0/step_4.png' does not exist. Sleeping for 1 seconds...
Path '/data/oss_bucket_0/qihang/gui_agent/images/ui_tars_zh_simulator/device1/instruction_20/sample_0/step_4.png' does not exist. Sleeping for 1 seconds...
Path '/data/oss_bucket_0/qihang/gui_agent/images/ui_tars_zh_simulator/device1/instruction_20/sample_0/step_4.png' does not exist. Sleeping for 1 seconds...
Path '/data/oss_bucket_0/qihang/gui_agent/images/ui_tars_zh_simulator/device1/instruction_20/sample_0/step_4.png' does not exist. Sleeping for 1 seconds...
Path '/data/oss_bucket_0/qihang/gui_agent/images/ui_tars_zh_simulator/device1/instruction_20/sample_0/step_4.png' does not exist. Sleeping for 1 seconds...
Path '/data/oss_bucket_0/qihang/gui_agent/images/ui_tars_zh_simulator/device1/instruction_20/sample_0/step_4.png' does not exist. Sleeping for 1 seconds...
Path '/data/oss_bucket_0/qihang/gui_agent/images/ui_tars_zh_simulator/device1/instruction_20/sample_0/step_4.png' exists! Reading the file...
Path '/data/oss_bucket_0/qihang/gui_agent/images/ui_tars_zh_simulator/device1/instruction_20/sample_0/step_3.png' exists! Reading the file...
Model Thought/Action: {'action': 'continue', 'thought': 'No tool call found.'}
--- Step 5 ---
Path '/data/oss_bucket_0/qihang/gui_agent/images/ui_tars_zh_simulator/device1/instruction_20/sample_0/step_5.png' does not exist. Sleeping for 1 seconds...
Path '/data/oss_bucket_0/qihang/gui_agent/images/ui_tars_zh_simulator/device1/instruction_20/sample_0/step_5.png' does not exist. Sleeping for 1 seconds...
Path '/data/oss_bucket_0/qihang/gui_agent/images/ui_tars_zh_simulator/device1/instruction_20/sample_0/step_5.png' does not exist. Sleeping for 1 seconds...
Path '/data/oss_bucket_0/qihang/gui_agent/images/ui_tars_zh_simulator/device1/instruction_20/sample_0/step_5.png' does not exist. Sleeping for 1 seconds...
Path '/data/oss_bucket_0/qihang/gui_agent/images/ui_tars_zh_simulator/device1/instruction_20/sample_0/step_5.png' does not exist. Sleeping for 1 seconds...
Path '/data/oss_bucket_0/qihang/gui_agent/images/ui_tars_zh_simulator/device1/instruction_20/sample_0/step_5.png' does not exist. Sleeping for 1 seconds...
Path '/data/oss_bucket_0/qihang/gui_agent/images/ui_tars_zh_simulator/device1/instruction_20/sample_0/step_5.png' exists! Reading the file...
Path '/data/oss_bucket_0/qihang/gui_agent/images/ui_tars_zh_simulator/device1/instruction_20/sample_0/step_4.png' exists! Reading the file...
Model Thought/Action: {'action': 'continue', 'thought': 'No tool call found.'}
--- Step 6 ---
Path '/data/oss_bucket_0/qihang/gui_agent/images/ui_tars_zh_simulator/device1/instruction_20/sample_0/step_6.png' does not exist. Sleeping for 1 seconds...
Path '/data/oss_bucket_0/qihang/gui_agent/images/ui_tars_zh_simulator/device1/instruction_20/sample_0/step_6.png' does not exist. Sleeping for 1 seconds...
Path '/data/oss_bucket_0/qihang/gui_agent/images/ui_tars_zh_simulator/device1/instruction_20/sample_0/step_6.png' does not exist. Sleeping for 1 seconds...
Path '/data/oss_bucket_0/qihang/gui_agent/images/ui_tars_zh_simulator/device1/instruction_20/sample_0/step_6.png' does not exist. Sleeping for 1 seconds...
Path '/data/oss_bucket_0/qihang/gui_agent/images/ui_tars_zh_simulator/device1/instruction_20/sample_0/step_6.png' does not exist. Sleeping for 1 seconds...
Path '/data/oss_bucket_0/qihang/gui_agent/images/ui_tars_zh_simulator/device1/instruction_20/sample_0/step_6.png' does not exist. Sleeping for 1 seconds...
Path '/data/oss_bucket_0/qihang/gui_agent/images/ui_tars_zh_simulator/device1/instruction_20/sample_0/step_6.png' exists! Reading the file...
Path '/data/oss_bucket_0/qihang/gui_agent/images/ui_tars_zh_simulator/device1/instruction_20/sample_0/step_5.png' exists! Reading the file...
Model Thought/Action: {'action': 'continue', 'thought': 'No tool call found.'}
--- Step 7 ---
Path '/data/oss_bucket_0/qihang/gui_agent/images/ui_tars_zh_simulator/device1/instruction_20/sample_0/step_7.png' does not exist. Sleeping for 1 seconds...
Path '/data/oss_bucket_0/qihang/gui_agent/images/ui_tars_zh_simulator/device1/instruction_20/sample_0/step_7.png' does not exist. Sleeping for 1 seconds...
Path '/data/oss_bucket_0/qihang/gui_agent/images/ui_tars_zh_simulator/device1/instruction_20/sample_0/step_7.png' does not exist. Sleeping for 1 seconds...
Path '/data/oss_bucket_0/qihang/gui_agent/images/ui_tars_zh_simulator/device1/instruction_20/sample_0/step_7.png' does not exist. Sleeping for 1 seconds...
Path '/data/oss_bucket_0/qihang/gui_agent/images/ui_tars_zh_simulator/device1/instruction_20/sample_0/step_7.png' does not exist. Sleeping for 1 seconds...
Path '/data/oss_bucket_0/qihang/gui_agent/images/ui_tars_zh_simulator/device1/instruction_20/sample_0/step_7.png' does not exist. Sleeping for 1 seconds...
Path '/data/oss_bucket_0/qihang/gui_agent/images/ui_tars_zh_simulator/device1/instruction_20/sample_0/step_7.png' exists! Reading the file...
Path '/data/oss_bucket_0/qihang/gui_agent/images/ui_tars_zh_simulator/device1/instruction_20/sample_0/step_6.png' exists! Reading the file...
Model Thought/Action: {'action': 'continue', 'thought': 'No tool call found.'}
--- Step 8 ---
Path '/data/oss_bucket_0/qihang/gui_agent/images/ui_tars_zh_simulator/device1/instruction_20/sample_0/step_8.png' does not exist. Sleeping for 1 seconds...
Path '/data/oss_bucket_0/qihang/gui_agent/images/ui_tars_zh_simulator/device1/instruction_20/sample_0/step_8.png' does not exist. Sleeping for 1 seconds...
Path '/data/oss_bucket_0/qihang/gui_agent/images/ui_tars_zh_simulator/device1/instruction_20/sample_0/step_8.png' does not exist. Sleeping for 1 seconds...
Path '/data/oss_bucket_0/qihang/gui_agent/images/ui_tars_zh_simulator/device1/instruction_20/sample_0/step_8.png' does not exist. Sleeping for 1 seconds...
Path '/data/oss_bucket_0/qihang/gui_agent/images/ui_tars_zh_simulator/device1/instruction_20/sample_0/step_8.png' does not exist. Sleeping for 1 seconds...
Path '/data/oss_bucket_0/qihang/gui_agent/images/ui_tars_zh_simulator/device1/instruction_20/sample_0/step_8.png' does not exist. Sleeping for 1 seconds...
Path '/data/oss_bucket_0/qihang/gui_agent/images/ui_tars_zh_simulator/device1/instruction_20/sample_0/step_8.png' exists! Reading the file...
Path '/data/oss_bucket_0/qihang/gui_agent/images/ui_tars_zh_simulator/device1/instruction_20/sample_0/step_7.png' exists! Reading the file...
Model Thought/Action: {'action': 'continue', 'thought': 'No tool call found.'}
--- Step 9 ---
Path '/data/oss_bucket_0/qihang/gui_agent/images/ui_tars_zh_simulator/device1/instruction_20/sample_0/step_9.png' does not exist. Sleeping for 1 seconds...
Path '/data/oss_bucket_0/qihang/gui_agent/images/ui_tars_zh_simulator/device1/instruction_20/sample_0/step_9.png' does not exist. Sleeping for 1 seconds...
Path '/data/oss_bucket_0/qihang/gui_agent/images/ui_tars_zh_simulator/device1/instruction_20/sample_0/step_9.png' does not exist. Sleeping for 1 seconds...
Path '/data/oss_bucket_0/qihang/gui_agent/images/ui_tars_zh_simulator/device1/instruction_20/sample_0/step_9.png' does not exist. Sleeping for 1 seconds...
Path '/data/oss_bucket_0/qihang/gui_agent/images/ui_tars_zh_simulator/device1/instruction_20/sample_0/step_9.png' does not exist. Sleeping for 1 seconds...
Path '/data/oss_bucket_0/qihang/gui_agent/images/ui_tars_zh_simulator/device1/instruction_20/sample_0/step_9.png' does not exist. Sleeping for 1 seconds...
Path '/data/oss_bucket_0/qihang/gui_agent/images/ui_tars_zh_simulator/device1/instruction_20/sample_0/step_9.png' exists! Reading the file...
Path '/data/oss_bucket_0/qihang/gui_agent/images/ui_tars_zh_simulator/device1/instruction_20/sample_0/step_8.png' exists! Reading the file...
Model Thought/Action: {'action': 'continue', 'thought': 'No tool call found.'}
--- Step 10 ---
Path '/data/oss_bucket_0/qihang/gui_agent/images/ui_tars_zh_simulator/device1/instruction_20/sample_0/step_10.png' does not exist. Sleeping for 1 seconds...
Path '/data/oss_bucket_0/qihang/gui_agent/images/ui_tars_zh_simulator/device1/instruction_20/sample_0/step_10.png' does not exist. Sleeping for 1 seconds...
Path '/data/oss_bucket_0/qihang/gui_agent/images/ui_tars_zh_simulator/device1/instruction_20/sample_0/step_10.png' does not exist. Sleeping for 1 seconds...
Path '/data/oss_bucket_0/qihang/gui_agent/images/ui_tars_zh_simulator/device1/instruction_20/sample_0/step_10.png' does not exist. Sleeping for 1 seconds...
Path '/data/oss_bucket_0/qihang/gui_agent/images/ui_tars_zh_simulator/device1/instruction_20/sample_0/step_10.png' does not exist. Sleeping for 1 seconds...
Path '/data/oss_bucket_0/qihang/gui_agent/images/ui_tars_zh_simulator/device1/instruction_20/sample_0/step_10.png' does not exist. Sleeping for 1 seconds...
Path '/data/oss_bucket_0/qihang/gui_agent/images/ui_tars_zh_simulator/device1/instruction_20/sample_0/step_10.png' exists! Reading the file...
Path '/data/oss_bucket_0/qihang/gui_agent/images/ui_tars_zh_simulator/device1/instruction_20/sample_0/step_9.png' exists! Reading the file...
Model Thought/Action: {'action': 'continue', 'thought': 'No tool call found.'}
--- Step 11 ---
Path '/data/oss_bucket_0/qihang/gui_agent/images/ui_tars_zh_simulator/device1/instruction_20/sample_0/step_11.png' does not exist. Sleeping for 1 seconds...
Path '/data/oss_bucket_0/qihang/gui_agent/images/ui_tars_zh_simulator/device1/instruction_20/sample_0/step_11.png' does not exist. Sleeping for 1 seconds...
Path '/data/oss_bucket_0/qihang/gui_agent/images/ui_tars_zh_simulator/device1/instruction_20/sample_0/step_11.png' does not exist. Sleeping for 1 seconds...
Path '/data/oss_bucket_0/qihang/gui_agent/images/ui_tars_zh_simulator/device1/instruction_20/sample_0/step_11.png' does not exist. Sleeping for 1 seconds...
Path '/data/oss_bucket_0/qihang/gui_agent/images/ui_tars_zh_simulator/device1/instruction_20/sample_0/step_11.png' does not exist. Sleeping for 1 seconds...
Path '/data/oss_bucket_0/qihang/gui_agent/images/ui_tars_zh_simulator/device1/instruction_20/sample_0/step_11.png' does not exist. Sleeping for 1 seconds...
Path '/data/oss_bucket_0/qihang/gui_agent/images/ui_tars_zh_simulator/device1/instruction_20/sample_0/step_11.png' exists! Reading the file...
Path '/data/oss_bucket_0/qihang/gui_agent/images/ui_tars_zh_simulator/device1/instruction_20/sample_0/step_10.png' exists! Reading the file...
Model Thought/Action: {'action': 'continue', 'thought': 'No tool call found.'}
--- Step 12 ---
Path '/data/oss_bucket_0/qihang/gui_agent/images/ui_tars_zh_simulator/device1/instruction_20/sample_0/step_12.png' does not exist. Sleeping for 1 seconds...
Path '/data/oss_bucket_0/qihang/gui_agent/images/ui_tars_zh_simulator/device1/instruction_20/sample_0/step_12.png' does not exist. Sleeping for 1 seconds...
Path '/data/oss_bucket_0/qihang/gui_agent/images/ui_tars_zh_simulator/device1/instruction_20/sample_0/step_12.png' does not exist. Sleeping for 1 seconds...
Path '/data/oss_bucket_0/qihang/gui_agent/images/ui_tars_zh_simulator/device1/instruction_20/sample_0/step_12.png' does not exist. Sleeping for 1 seconds...
Path '/data/oss_bucket_0/qihang/gui_agent/images/ui_tars_zh_simulator/device1/instruction_20/sample_0/step_12.png' does not exist. Sleeping for 1 seconds...
Path '/data/oss_bucket_0/qihang/gui_agent/images/ui_tars_zh_simulator/device1/instruction_20/sample_0/step_12.png' does not exist. Sleeping for 1 seconds...
Path '/data/oss_bucket_0/qihang/gui_agent/images/ui_tars_zh_simulator/device1/instruction_20/sample_0/step_12.png' exists! Reading the file...
Path '/data/oss_bucket_0/qihang/gui_agent/images/ui_tars_zh_simulator/device1/instruction_20/sample_0/step_11.png' exists! Reading the file...
Model Thought/Action: {'action': 'continue', 'thought': 'No tool call found.'}
--- Step 13 ---
Path '/data/oss_bucket_0/qihang/gui_agent/images/ui_tars_zh_simulator/device1/instruction_20/sample_0/step_13.png' does not exist. Sleeping for 1 seconds...
Path '/data/oss_bucket_0/qihang/gui_agent/images/ui_tars_zh_simulator/device1/instruction_20/sample_0/step_13.png' does not exist. Sleeping for 1 seconds...
Path '/data/oss_bucket_0/qihang/gui_agent/images/ui_tars_zh_simulator/device1/instruction_20/sample_0/step_13.png' does not exist. Sleeping for 1 seconds...
Path '/data/oss_bucket_0/qihang/gui_agent/images/ui_tars_zh_simulator/device1/instruction_20/sample_0/step_13.png' does not exist. Sleeping for 1 seconds...
Path '/data/oss_bucket_0/qihang/gui_agent/images/ui_tars_zh_simulator/device1/instruction_20/sample_0/step_13.png' does not exist. Sleeping for 1 seconds...
Path '/data/oss_bucket_0/qihang/gui_agent/images/ui_tars_zh_simulator/device1/instruction_20/sample_0/step_13.png' does not exist. Sleeping for 1 seconds...
Path '/data/oss_bucket_0/qihang/gui_agent/images/ui_tars_zh_simulator/device1/instruction_20/sample_0/step_13.png' exists! Reading the file...
Path '/data/oss_bucket_0/qihang/gui_agent/images/ui_tars_zh_simulator/device1/instruction_20/sample_0/step_12.png' exists! Reading the file...
Model Thought/Action: {'action': 'continue', 'thought': 'No tool call found.'}
--- Step 14 ---
Path '/data/oss_bucket_0/qihang/gui_agent/images/ui_tars_zh_simulator/device1/instruction_20/sample_0/step_14.png' does not exist. Sleeping for 1 seconds...
Path '/data/oss_bucket_0/qihang/gui_agent/images/ui_tars_zh_simulator/device1/instruction_20/sample_0/step_14.png' does not exist. Sleeping for 1 seconds...
Path '/data/oss_bucket_0/qihang/gui_agent/images/ui_tars_zh_simulator/device1/instruction_20/sample_0/step_14.png' does not exist. Sleeping for 1 seconds...
Path '/data/oss_bucket_0/qihang/gui_agent/images/ui_tars_zh_simulator/device1/instruction_20/sample_0/step_14.png' does not exist. Sleeping for 1 seconds...
Path '/data/oss_bucket_0/qihang/gui_agent/images/ui_tars_zh_simulator/device1/instruction_20/sample_0/step_14.png' does not exist. Sleeping for 1 seconds...
Path '/data/oss_bucket_0/qihang/gui_agent/images/ui_tars_zh_simulator/device1/instruction_20/sample_0/step_14.png' does not exist. Sleeping for 1 seconds...
Path '/data/oss_bucket_0/qihang/gui_agent/images/ui_tars_zh_simulator/device1/instruction_20/sample_0/step_14.png' exists! Reading the file...
Path '/data/oss_bucket_0/qihang/gui_agent/images/ui_tars_zh_simulator/device1/instruction_20/sample_0/step_13.png' exists! Reading the file...
Model Thought/Action: {'action': 'continue', 'thought': 'No tool call found.'}
--- Judging with GPT-4o ---
GPT-4o Evaluation Response: {'reason': "The agent repeatedly attempted to click the home button without making any progress towards the user's intent of opening Taobao to search for socks. The reasoning was incorrect and irrelevant to the task, as it focused on opening the settings app instead of Taobao. There was no meaningful interaction or progress made towards completing the task.", 'reward': 0, 'status': 'failure', 'inquiry': 'failure'}
Evaluating Instructions:  49%|████▉     | 20/41 [57:20<56:11, 160.55s/it]  
===== Evaluating Instruction 21/41 =====
Instruction: 我的袜子烂了一只。
--- Step 0 ---
Path '/data/oss_bucket_0/qihang/gui_agent/images/ui_tars_zh_simulator/device1/instruction_21/sample_0/step_0.png' exists! Reading the file...
Model Thought/Action: {'app_name': '淘宝', 'arg1': '打开淘宝', 'arg2': '打开淘宝', 'arg3': '打开淘宝', 'arg4': '打开淘宝', 'arg5': '打开淘宝', 'arg6': '打开淘宝', 'arg7': '打开淘宝', 'arg8': '打开淘宝', 'arg9': '打开淘宝', 'arg10': '打开淘宝'}
--- Step 1 ---
Path '/data/oss_bucket_0/qihang/gui_agent/images/ui_tars_zh_simulator/device1/instruction_21/sample_0/step_1.png' does not exist. Sleeping for 1 seconds...
Path '/data/oss_bucket_0/qihang/gui_agent/images/ui_tars_zh_simulator/device1/instruction_21/sample_0/step_1.png' does not exist. Sleeping for 1 seconds...
Path '/data/oss_bucket_0/qihang/gui_agent/images/ui_tars_zh_simulator/device1/instruction_21/sample_0/step_1.png' does not exist. Sleeping for 1 seconds...
Path '/data/oss_bucket_0/qihang/gui_agent/images/ui_tars_zh_simulator/device1/instruction_21/sample_0/step_1.png' does not exist. Sleeping for 1 seconds...
Path '/data/oss_bucket_0/qihang/gui_agent/images/ui_tars_zh_simulator/device1/instruction_21/sample_0/step_1.png' does not exist. Sleeping for 1 seconds...
Path '/data/oss_bucket_0/qihang/gui_agent/images/ui_tars_zh_simulator/device1/instruction_21/sample_0/step_1.png' does not exist. Sleeping for 1 seconds...
Path '/data/oss_bucket_0/qihang/gui_agent/images/ui_tars_zh_simulator/device1/instruction_21/sample_0/step_1.png' does not exist. Sleeping for 1 seconds...
Path '/data/oss_bucket_0/qihang/gui_agent/images/ui_tars_zh_simulator/device1/instruction_21/sample_0/step_1.png' does not exist. Sleeping for 1 seconds...
Path '/data/oss_bucket_0/qihang/gui_agent/images/ui_tars_zh_simulator/device1/instruction_21/sample_0/step_1.png' does not exist. Sleeping for 1 seconds...
Path '/data/oss_bucket_0/qihang/gui_agent/images/ui_tars_zh_simulator/device1/instruction_21/sample_0/step_1.png' does not exist. Sleeping for 1 seconds...
Path '/data/oss_bucket_0/qihang/gui_agent/images/ui_tars_zh_simulator/device1/instruction_21/sample_0/step_1.png' does not exist. Sleeping for 1 seconds...
Path '/data/oss_bucket_0/qihang/gui_agent/images/ui_tars_zh_simulator/device1/instruction_21/sample_0/step_1.png' does not exist. Sleeping for 1 seconds...
Path '/data/oss_bucket_0/qihang/gui_agent/images/ui_tars_zh_simulator/device1/instruction_21/sample_0/step_1.png' exists! Reading the file...
Path '/data/oss_bucket_0/qihang/gui_agent/images/ui_tars_zh_simulator/device1/instruction_21/sample_0/step_0.png' exists! Reading the file...
Model Thought/Action: {'app_name': '淘宝', 'arg1': '打开淘宝', 'arg2': '打开淘宝', 'arg3': '打开淘宝', 'arg4': '打开淘宝', 'arg5': '打开淘宝', 'arg6': '打开淘宝', 'arg7': '打开淘宝', 'arg8': '打开淘宝', 'arg9': '打开淘宝', 'arg10': '打开淘宝'}
--- Step 2 ---
Path '/data/oss_bucket_0/qihang/gui_agent/images/ui_tars_zh_simulator/device1/instruction_21/sample_0/step_2.png' does not exist. Sleeping for 1 seconds...
Path '/data/oss_bucket_0/qihang/gui_agent/images/ui_tars_zh_simulator/device1/instruction_21/sample_0/step_2.png' does not exist. Sleeping for 1 seconds...
Path '/data/oss_bucket_0/qihang/gui_agent/images/ui_tars_zh_simulator/device1/instruction_21/sample_0/step_2.png' does not exist. Sleeping for 1 seconds...
Path '/data/oss_bucket_0/qihang/gui_agent/images/ui_tars_zh_simulator/device1/instruction_21/sample_0/step_2.png' does not exist. Sleeping for 1 seconds...
Path '/data/oss_bucket_0/qihang/gui_agent/images/ui_tars_zh_simulator/device1/instruction_21/sample_0/step_2.png' does not exist. Sleeping for 1 seconds...
Path '/data/oss_bucket_0/qihang/gui_agent/images/ui_tars_zh_simulator/device1/instruction_21/sample_0/step_2.png' does not exist. Sleeping for 1 seconds...
Path '/data/oss_bucket_0/qihang/gui_agent/images/ui_tars_zh_simulator/device1/instruction_21/sample_0/step_2.png' exists! Reading the file...
Path '/data/oss_bucket_0/qihang/gui_agent/images/ui_tars_zh_simulator/device1/instruction_21/sample_0/step_1.png' exists! Reading the file...
Model Thought/Action: {'app_name': '淘宝', 'arg1': '打开淘宝', 'arg2': '打开淘宝', 'arg3': '打开淘宝', 'arg4': '打开淘宝', 'arg5': '打开淘宝', 'arg6': '打开淘宝', 'arg7': '打开淘宝', 'arg8': '打开淘宝', 'arg9': '打开淘宝', 'arg10': '打开淘宝'}
--- Step 3 ---
Path '/data/oss_bucket_0/qihang/gui_agent/images/ui_tars_zh_simulator/device1/instruction_21/sample_0/step_3.png' does not exist. Sleeping for 1 seconds...
Path '/data/oss_bucket_0/qihang/gui_agent/images/ui_tars_zh_simulator/device1/instruction_21/sample_0/step_3.png' does not exist. Sleeping for 1 seconds...
Path '/data/oss_bucket_0/qihang/gui_agent/images/ui_tars_zh_simulator/device1/instruction_21/sample_0/step_3.png' does not exist. Sleeping for 1 seconds...
Path '/data/oss_bucket_0/qihang/gui_agent/images/ui_tars_zh_simulator/device1/instruction_21/sample_0/step_3.png' does not exist. Sleeping for 1 seconds...
Path '/data/oss_bucket_0/qihang/gui_agent/images/ui_tars_zh_simulator/device1/instruction_21/sample_0/step_3.png' does not exist. Sleeping for 1 seconds...
Path '/data/oss_bucket_0/qihang/gui_agent/images/ui_tars_zh_simulator/device1/instruction_21/sample_0/step_3.png' does not exist. Sleeping for 1 seconds...
Path '/data/oss_bucket_0/qihang/gui_agent/images/ui_tars_zh_simulator/device1/instruction_21/sample_0/step_3.png' exists! Reading the file...
Path '/data/oss_bucket_0/qihang/gui_agent/images/ui_tars_zh_simulator/device1/instruction_21/sample_0/step_2.png' exists! Reading the file...
Model Thought/Action: {'app_name': '淘宝', 'arg1': '打开淘宝', 'arg2': '打开淘宝', 'arg3': '打开淘宝', 'arg4': '打开淘宝', 'arg5': '打开淘宝', 'arg6': '打开淘宝', 'arg7': '打开淘宝', 'arg8': '打开淘宝', 'arg9': '打开淘宝', 'arg10': '打开淘宝'}
--- Step 4 ---
Path '/data/oss_bucket_0/qihang/gui_agent/images/ui_tars_zh_simulator/device1/instruction_21/sample_0/step_4.png' does not exist. Sleeping for 1 seconds...
Path '/data/oss_bucket_0/qihang/gui_agent/images/ui_tars_zh_simulator/device1/instruction_21/sample_0/step_4.png' does not exist. Sleeping for 1 seconds...
Path '/data/oss_bucket_0/qihang/gui_agent/images/ui_tars_zh_simulator/device1/instruction_21/sample_0/step_4.png' does not exist. Sleeping for 1 seconds...
Path '/data/oss_bucket_0/qihang/gui_agent/images/ui_tars_zh_simulator/device1/instruction_21/sample_0/step_4.png' does not exist. Sleeping for 1 seconds...
Path '/data/oss_bucket_0/qihang/gui_agent/images/ui_tars_zh_simulator/device1/instruction_21/sample_0/step_4.png' does not exist. Sleeping for 1 seconds...
Path '/data/oss_bucket_0/qihang/gui_agent/images/ui_tars_zh_simulator/device1/instruction_21/sample_0/step_4.png' does not exist. Sleeping for 1 seconds...
Path '/data/oss_bucket_0/qihang/gui_agent/images/ui_tars_zh_simulator/device1/instruction_21/sample_0/step_4.png' exists! Reading the file...
Path '/data/oss_bucket_0/qihang/gui_agent/images/ui_tars_zh_simulator/device1/instruction_21/sample_0/step_3.png' exists! Reading the file...
Model Thought/Action: {'app_name': '淘宝', 'arg1': '打开淘宝', 'arg2': '打开淘宝', 'arg3': '打开淘宝', 'arg4': '打开淘宝', 'arg5': '打开淘宝', 'arg6': '打开淘宝', 'arg7': '打开淘宝', 'arg8': '打开淘宝', 'arg9': '打开淘宝', 'arg10': '打开淘宝'}
--- Step 5 ---
Path '/data/oss_bucket_0/qihang/gui_agent/images/ui_tars_zh_simulator/device1/instruction_21/sample_0/step_5.png' does not exist. Sleeping for 1 seconds...
Path '/data/oss_bucket_0/qihang/gui_agent/images/ui_tars_zh_simulator/device1/instruction_21/sample_0/step_5.png' does not exist. Sleeping for 1 seconds...
Path '/data/oss_bucket_0/qihang/gui_agent/images/ui_tars_zh_simulator/device1/instruction_21/sample_0/step_5.png' does not exist. Sleeping for 1 seconds...
Path '/data/oss_bucket_0/qihang/gui_agent/images/ui_tars_zh_simulator/device1/instruction_21/sample_0/step_5.png' does not exist. Sleeping for 1 seconds...
Path '/data/oss_bucket_0/qihang/gui_agent/images/ui_tars_zh_simulator/device1/instruction_21/sample_0/step_5.png' does not exist. Sleeping for 1 seconds...
Path '/data/oss_bucket_0/qihang/gui_agent/images/ui_tars_zh_simulator/device1/instruction_21/sample_0/step_5.png' does not exist. Sleeping for 1 seconds...
Path '/data/oss_bucket_0/qihang/gui_agent/images/ui_tars_zh_simulator/device1/instruction_21/sample_0/step_5.png' exists! Reading the file...
Path '/data/oss_bucket_0/qihang/gui_agent/images/ui_tars_zh_simulator/device1/instruction_21/sample_0/step_4.png' exists! Reading the file...
Model Thought/Action: {'app_name': '淘宝', 'arg1': '打开淘宝', 'arg2': '打开淘宝', 'arg3': '打开淘宝', 'arg4': '打开淘宝', 'arg5': '打开淘宝', 'arg6': '打开淘宝', 'arg7': '打开淘宝', 'arg8': '打开淘宝', 'arg9': '打开淘宝', 'arg10': '打开淘宝'}
--- Step 6 ---
Path '/data/oss_bucket_0/qihang/gui_agent/images/ui_tars_zh_simulator/device1/instruction_21/sample_0/step_6.png' does not exist. Sleeping for 1 seconds...
Path '/data/oss_bucket_0/qihang/gui_agent/images/ui_tars_zh_simulator/device1/instruction_21/sample_0/step_6.png' does not exist. Sleeping for 1 seconds...
Path '/data/oss_bucket_0/qihang/gui_agent/images/ui_tars_zh_simulator/device1/instruction_21/sample_0/step_6.png' does not exist. Sleeping for 1 seconds...
Path '/data/oss_bucket_0/qihang/gui_agent/images/ui_tars_zh_simulator/device1/instruction_21/sample_0/step_6.png' does not exist. Sleeping for 1 seconds...
Path '/data/oss_bucket_0/qihang/gui_agent/images/ui_tars_zh_simulator/device1/instruction_21/sample_0/step_6.png' does not exist. Sleeping for 1 seconds...
Path '/data/oss_bucket_0/qihang/gui_agent/images/ui_tars_zh_simulator/device1/instruction_21/sample_0/step_6.png' does not exist. Sleeping for 1 seconds...
Path '/data/oss_bucket_0/qihang/gui_agent/images/ui_tars_zh_simulator/device1/instruction_21/sample_0/step_6.png' exists! Reading the file...
Path '/data/oss_bucket_0/qihang/gui_agent/images/ui_tars_zh_simulator/device1/instruction_21/sample_0/step_5.png' exists! Reading the file...
Model Thought/Action: {'app_name': '淘宝', 'arg1': '打开淘宝', 'arg2': '打开淘宝', 'arg3': '打开淘宝', 'arg4': '打开淘宝', 'arg5': '打开淘宝', 'arg6': '打开淘宝', 'arg7': '打开淘宝', 'arg8': '打开淘宝', 'arg9': '打开淘宝', 'arg10': '打开淘宝'}
--- Step 7 ---
Path '/data/oss_bucket_0/qihang/gui_agent/images/ui_tars_zh_simulator/device1/instruction_21/sample_0/step_7.png' does not exist. Sleeping for 1 seconds...
Path '/data/oss_bucket_0/qihang/gui_agent/images/ui_tars_zh_simulator/device1/instruction_21/sample_0/step_7.png' does not exist. Sleeping for 1 seconds...
Path '/data/oss_bucket_0/qihang/gui_agent/images/ui_tars_zh_simulator/device1/instruction_21/sample_0/step_7.png' does not exist. Sleeping for 1 seconds...
Path '/data/oss_bucket_0/qihang/gui_agent/images/ui_tars_zh_simulator/device1/instruction_21/sample_0/step_7.png' does not exist. Sleeping for 1 seconds...
Path '/data/oss_bucket_0/qihang/gui_agent/images/ui_tars_zh_simulator/device1/instruction_21/sample_0/step_7.png' does not exist. Sleeping for 1 seconds...
Path '/data/oss_bucket_0/qihang/gui_agent/images/ui_tars_zh_simulator/device1/instruction_21/sample_0/step_7.png' does not exist. Sleeping for 1 seconds...
Path '/data/oss_bucket_0/qihang/gui_agent/images/ui_tars_zh_simulator/device1/instruction_21/sample_0/step_7.png' exists! Reading the file...
Path '/data/oss_bucket_0/qihang/gui_agent/images/ui_tars_zh_simulator/device1/instruction_21/sample_0/step_6.png' exists! Reading the file...
Model Thought/Action: {'app_name': '淘宝', 'arg1': '打开淘宝', 'arg2': '打开淘宝', 'arg3': '打开淘宝', 'arg4': '打开淘宝', 'arg5': '打开淘宝', 'arg6': '打开淘宝', 'arg7': '打开淘宝', 'arg8': '打开淘宝', 'arg9': '打开淘宝', 'arg10': '打开淘宝'}
--- Step 8 ---
Path '/data/oss_bucket_0/qihang/gui_agent/images/ui_tars_zh_simulator/device1/instruction_21/sample_0/step_8.png' does not exist. Sleeping for 1 seconds...
Path '/data/oss_bucket_0/qihang/gui_agent/images/ui_tars_zh_simulator/device1/instruction_21/sample_0/step_8.png' does not exist. Sleeping for 1 seconds...
Path '/data/oss_bucket_0/qihang/gui_agent/images/ui_tars_zh_simulator/device1/instruction_21/sample_0/step_8.png' does not exist. Sleeping for 1 seconds...
Path '/data/oss_bucket_0/qihang/gui_agent/images/ui_tars_zh_simulator/device1/instruction_21/sample_0/step_8.png' does not exist. Sleeping for 1 seconds...
Path '/data/oss_bucket_0/qihang/gui_agent/images/ui_tars_zh_simulator/device1/instruction_21/sample_0/step_8.png' does not exist. Sleeping for 1 seconds...
Path '/data/oss_bucket_0/qihang/gui_agent/images/ui_tars_zh_simulator/device1/instruction_21/sample_0/step_8.png' does not exist. Sleeping for 1 seconds...
Path '/data/oss_bucket_0/qihang/gui_agent/images/ui_tars_zh_simulator/device1/instruction_21/sample_0/step_8.png' exists! Reading the file...
Path '/data/oss_bucket_0/qihang/gui_agent/images/ui_tars_zh_simulator/device1/instruction_21/sample_0/step_7.png' exists! Reading the file...
Model Thought/Action: {'app_name': '淘宝', 'arg1': '打开淘宝', 'arg2': '打开淘宝', 'arg3': '打开淘宝', 'arg4': '打开淘宝', 'arg5': '打开淘宝', 'arg6': '打开淘宝', 'arg7': '打开淘宝', 'arg8': '打开淘宝', 'arg9': '打开淘宝', 'arg10': '打开淘宝'}
--- Step 9 ---
Path '/data/oss_bucket_0/qihang/gui_agent/images/ui_tars_zh_simulator/device1/instruction_21/sample_0/step_9.png' does not exist. Sleeping for 1 seconds...
Path '/data/oss_bucket_0/qihang/gui_agent/images/ui_tars_zh_simulator/device1/instruction_21/sample_0/step_9.png' does not exist. Sleeping for 1 seconds...
Path '/data/oss_bucket_0/qihang/gui_agent/images/ui_tars_zh_simulator/device1/instruction_21/sample_0/step_9.png' does not exist. Sleeping for 1 seconds...
Path '/data/oss_bucket_0/qihang/gui_agent/images/ui_tars_zh_simulator/device1/instruction_21/sample_0/step_9.png' does not exist. Sleeping for 1 seconds...
Path '/data/oss_bucket_0/qihang/gui_agent/images/ui_tars_zh_simulator/device1/instruction_21/sample_0/step_9.png' does not exist. Sleeping for 1 seconds...
Path '/data/oss_bucket_0/qihang/gui_agent/images/ui_tars_zh_simulator/device1/instruction_21/sample_0/step_9.png' does not exist. Sleeping for 1 seconds...
Path '/data/oss_bucket_0/qihang/gui_agent/images/ui_tars_zh_simulator/device1/instruction_21/sample_0/step_9.png' exists! Reading the file...
Path '/data/oss_bucket_0/qihang/gui_agent/images/ui_tars_zh_simulator/device1/instruction_21/sample_0/step_8.png' exists! Reading the file...
Model Thought/Action: {'app_name': '淘宝', 'arg1': '打开淘宝', 'arg2': '打开淘宝', 'arg3': '打开淘宝', 'arg4': '打开淘宝', 'arg5': '打开淘宝', 'arg6': '打开淘宝', 'arg7': '打开淘宝', 'arg8': '打开淘宝', 'arg9': '打开淘宝', 'arg10': '打开淘宝'}
--- Step 10 ---
Path '/data/oss_bucket_0/qihang/gui_agent/images/ui_tars_zh_simulator/device1/instruction_21/sample_0/step_10.png' does not exist. Sleeping for 1 seconds...
Path '/data/oss_bucket_0/qihang/gui_agent/images/ui_tars_zh_simulator/device1/instruction_21/sample_0/step_10.png' does not exist. Sleeping for 1 seconds...
Path '/data/oss_bucket_0/qihang/gui_agent/images/ui_tars_zh_simulator/device1/instruction_21/sample_0/step_10.png' does not exist. Sleeping for 1 seconds...
Path '/data/oss_bucket_0/qihang/gui_agent/images/ui_tars_zh_simulator/device1/instruction_21/sample_0/step_10.png' does not exist. Sleeping for 1 seconds...
Path '/data/oss_bucket_0/qihang/gui_agent/images/ui_tars_zh_simulator/device1/instruction_21/sample_0/step_10.png' does not exist. Sleeping for 1 seconds...
Path '/data/oss_bucket_0/qihang/gui_agent/images/ui_tars_zh_simulator/device1/instruction_21/sample_0/step_10.png' does not exist. Sleeping for 1 seconds...
Path '/data/oss_bucket_0/qihang/gui_agent/images/ui_tars_zh_simulator/device1/instruction_21/sample_0/step_10.png' exists! Reading the file...
Path '/data/oss_bucket_0/qihang/gui_agent/images/ui_tars_zh_simulator/device1/instruction_21/sample_0/step_9.png' exists! Reading the file...
Model Thought/Action: {'app_name': '淘宝', 'arg1': '打开淘宝', 'arg2': '打开淘宝', 'arg3': '打开淘宝', 'arg4': '打开淘宝', 'arg5': '打开淘宝', 'arg6': '打开淘宝', 'arg7': '打开淘宝', 'arg8': '打开淘宝', 'arg9': '打开淘宝', 'arg10': '打开淘宝'}
--- Step 11 ---
Path '/data/oss_bucket_0/qihang/gui_agent/images/ui_tars_zh_simulator/device1/instruction_21/sample_0/step_11.png' does not exist. Sleeping for 1 seconds...
Path '/data/oss_bucket_0/qihang/gui_agent/images/ui_tars_zh_simulator/device1/instruction_21/sample_0/step_11.png' does not exist. Sleeping for 1 seconds...
Path '/data/oss_bucket_0/qihang/gui_agent/images/ui_tars_zh_simulator/device1/instruction_21/sample_0/step_11.png' does not exist. Sleeping for 1 seconds...
Path '/data/oss_bucket_0/qihang/gui_agent/images/ui_tars_zh_simulator/device1/instruction_21/sample_0/step_11.png' does not exist. Sleeping for 1 seconds...
Path '/data/oss_bucket_0/qihang/gui_agent/images/ui_tars_zh_simulator/device1/instruction_21/sample_0/step_11.png' does not exist. Sleeping for 1 seconds...
Path '/data/oss_bucket_0/qihang/gui_agent/images/ui_tars_zh_simulator/device1/instruction_21/sample_0/step_11.png' does not exist. Sleeping for 1 seconds...
Path '/data/oss_bucket_0/qihang/gui_agent/images/ui_tars_zh_simulator/device1/instruction_21/sample_0/step_11.png' exists! Reading the file...
Path '/data/oss_bucket_0/qihang/gui_agent/images/ui_tars_zh_simulator/device1/instruction_21/sample_0/step_10.png' exists! Reading the file...
Model Thought/Action: {'app_name': '淘宝', 'arg1': '打开淘宝', 'arg2': '打开淘宝', 'arg3': '打开淘宝', 'arg4': '打开淘宝', 'arg5': '打开淘宝', 'arg6': '打开淘宝', 'arg7': '打开淘宝', 'arg8': '打开淘宝', 'arg9': '打开淘宝', 'arg10': '打开淘宝'}
--- Step 12 ---
Path '/data/oss_bucket_0/qihang/gui_agent/images/ui_tars_zh_simulator/device1/instruction_21/sample_0/step_12.png' does not exist. Sleeping for 1 seconds...
Path '/data/oss_bucket_0/qihang/gui_agent/images/ui_tars_zh_simulator/device1/instruction_21/sample_0/step_12.png' does not exist. Sleeping for 1 seconds...
Path '/data/oss_bucket_0/qihang/gui_agent/images/ui_tars_zh_simulator/device1/instruction_21/sample_0/step_12.png' does not exist. Sleeping for 1 seconds...
Path '/data/oss_bucket_0/qihang/gui_agent/images/ui_tars_zh_simulator/device1/instruction_21/sample_0/step_12.png' does not exist. Sleeping for 1 seconds...
Path '/data/oss_bucket_0/qihang/gui_agent/images/ui_tars_zh_simulator/device1/instruction_21/sample_0/step_12.png' does not exist. Sleeping for 1 seconds...
Path '/data/oss_bucket_0/qihang/gui_agent/images/ui_tars_zh_simulator/device1/instruction_21/sample_0/step_12.png' does not exist. Sleeping for 1 seconds...
Path '/data/oss_bucket_0/qihang/gui_agent/images/ui_tars_zh_simulator/device1/instruction_21/sample_0/step_12.png' exists! Reading the file...
Path '/data/oss_bucket_0/qihang/gui_agent/images/ui_tars_zh_simulator/device1/instruction_21/sample_0/step_11.png' exists! Reading the file...
Model Thought/Action: {'app_name': '淘宝', 'arg1': '打开淘宝', 'arg2': '打开淘宝', 'arg3': '打开淘宝', 'arg4': '打开淘宝', 'arg5': '打开淘宝', 'arg6': '打开淘宝', 'arg7': '打开淘宝', 'arg8': '打开淘宝', 'arg9': '打开淘宝', 'arg10': '打开淘宝'}
--- Step 13 ---
Path '/data/oss_bucket_0/qihang/gui_agent/images/ui_tars_zh_simulator/device1/instruction_21/sample_0/step_13.png' does not exist. Sleeping for 1 seconds...
Path '/data/oss_bucket_0/qihang/gui_agent/images/ui_tars_zh_simulator/device1/instruction_21/sample_0/step_13.png' does not exist. Sleeping for 1 seconds...
Path '/data/oss_bucket_0/qihang/gui_agent/images/ui_tars_zh_simulator/device1/instruction_21/sample_0/step_13.png' does not exist. Sleeping for 1 seconds...
Path '/data/oss_bucket_0/qihang/gui_agent/images/ui_tars_zh_simulator/device1/instruction_21/sample_0/step_13.png' does not exist. Sleeping for 1 seconds...
Path '/data/oss_bucket_0/qihang/gui_agent/images/ui_tars_zh_simulator/device1/instruction_21/sample_0/step_13.png' does not exist. Sleeping for 1 seconds...
Path '/data/oss_bucket_0/qihang/gui_agent/images/ui_tars_zh_simulator/device1/instruction_21/sample_0/step_13.png' does not exist. Sleeping for 1 seconds...
Path '/data/oss_bucket_0/qihang/gui_agent/images/ui_tars_zh_simulator/device1/instruction_21/sample_0/step_13.png' exists! Reading the file...
Path '/data/oss_bucket_0/qihang/gui_agent/images/ui_tars_zh_simulator/device1/instruction_21/sample_0/step_12.png' exists! Reading the file...
Model Thought/Action: {'app_name': '淘宝', 'arg1': '打开淘宝', 'arg2': '打开淘宝', 'arg3': '打开淘宝', 'arg4': '打开淘宝', 'arg5': '打开淘宝', 'arg6': '打开淘宝', 'arg7': '打开淘宝', 'arg8': '打开淘宝', 'arg9': '打开淘宝', 'arg10': '打开淘宝'}
--- Step 14 ---
Path '/data/oss_bucket_0/qihang/gui_agent/images/ui_tars_zh_simulator/device1/instruction_21/sample_0/step_14.png' does not exist. Sleeping for 1 seconds...
Path '/data/oss_bucket_0/qihang/gui_agent/images/ui_tars_zh_simulator/device1/instruction_21/sample_0/step_14.png' does not exist. Sleeping for 1 seconds...
Path '/data/oss_bucket_0/qihang/gui_agent/images/ui_tars_zh_simulator/device1/instruction_21/sample_0/step_14.png' does not exist. Sleeping for 1 seconds...
Path '/data/oss_bucket_0/qihang/gui_agent/images/ui_tars_zh_simulator/device1/instruction_21/sample_0/step_14.png' does not exist. Sleeping for 1 seconds...
Path '/data/oss_bucket_0/qihang/gui_agent/images/ui_tars_zh_simulator/device1/instruction_21/sample_0/step_14.png' does not exist. Sleeping for 1 seconds...
Path '/data/oss_bucket_0/qihang/gui_agent/images/ui_tars_zh_simulator/device1/instruction_21/sample_0/step_14.png' does not exist. Sleeping for 1 seconds...
Path '/data/oss_bucket_0/qihang/gui_agent/images/ui_tars_zh_simulator/device1/instruction_21/sample_0/step_14.png' exists! Reading the file...
Path '/data/oss_bucket_0/qihang/gui_agent/images/ui_tars_zh_simulator/device1/instruction_21/sample_0/step_13.png' exists! Reading the file...
Model Thought/Action: {'app_name': '淘宝', 'arg1': '打开淘宝', 'arg2': '打开淘宝', 'arg3': '打开淘宝', 'arg4': '打开淘宝', 'arg5': '打开淘宝', 'arg6': '打开淘宝', 'arg7': '打开淘宝', 'arg8': '打开淘宝', 'arg9': '打开淘宝', 'arg10': '打开淘宝'}
--- Judging with GPT-4o ---
GPT-4o Evaluation Response: {'reason': "The task was to open the Taobao app and search for socks. However, the agent repeatedly attempted to open the Taobao app without success, as evidenced by the unchanged screenshots. The agent's actions were redundant and did not progress towards the task goal. No meaningful interaction with the user was attempted to resolve the issue.", 'reward': 0, 'status': 'failure', 'inquiry': 'failure'}
Evaluating Instructions:  51%|█████     | 21/41 [1:00:06<53:58, 161.94s/it]
===== Evaluating Instruction 22/41 =====
Instruction: 我新买的鞋尺寸有问题，买大了一点，但是我不想退货。
--- Step 0 ---
Path '/data/oss_bucket_0/qihang/gui_agent/images/ui_tars_zh_simulator/device1/instruction_22/sample_0/step_0.png' exists! Reading the file...
Model Thought/Action: {'action': 'continue', 'thought': 'No tool call found.'}
--- Step 1 ---
Path '/data/oss_bucket_0/qihang/gui_agent/images/ui_tars_zh_simulator/device1/instruction_22/sample_0/step_1.png' does not exist. Sleeping for 1 seconds...
Path '/data/oss_bucket_0/qihang/gui_agent/images/ui_tars_zh_simulator/device1/instruction_22/sample_0/step_1.png' does not exist. Sleeping for 1 seconds...
Path '/data/oss_bucket_0/qihang/gui_agent/images/ui_tars_zh_simulator/device1/instruction_22/sample_0/step_1.png' does not exist. Sleeping for 1 seconds...
Path '/data/oss_bucket_0/qihang/gui_agent/images/ui_tars_zh_simulator/device1/instruction_22/sample_0/step_1.png' does not exist. Sleeping for 1 seconds...
Path '/data/oss_bucket_0/qihang/gui_agent/images/ui_tars_zh_simulator/device1/instruction_22/sample_0/step_1.png' does not exist. Sleeping for 1 seconds...
Path '/data/oss_bucket_0/qihang/gui_agent/images/ui_tars_zh_simulator/device1/instruction_22/sample_0/step_1.png' does not exist. Sleeping for 1 seconds...
Path '/data/oss_bucket_0/qihang/gui_agent/images/ui_tars_zh_simulator/device1/instruction_22/sample_0/step_1.png' does not exist. Sleeping for 1 seconds...
Path '/data/oss_bucket_0/qihang/gui_agent/images/ui_tars_zh_simulator/device1/instruction_22/sample_0/step_1.png' does not exist. Sleeping for 1 seconds...
Path '/data/oss_bucket_0/qihang/gui_agent/images/ui_tars_zh_simulator/device1/instruction_22/sample_0/step_1.png' does not exist. Sleeping for 1 seconds...
Path '/data/oss_bucket_0/qihang/gui_agent/images/ui_tars_zh_simulator/device1/instruction_22/sample_0/step_1.png' does not exist. Sleeping for 1 seconds...
Path '/data/oss_bucket_0/qihang/gui_agent/images/ui_tars_zh_simulator/device1/instruction_22/sample_0/step_1.png' does not exist. Sleeping for 1 seconds...
Path '/data/oss_bucket_0/qihang/gui_agent/images/ui_tars_zh_simulator/device1/instruction_22/sample_0/step_1.png' does not exist. Sleeping for 1 seconds...
Path '/data/oss_bucket_0/qihang/gui_agent/images/ui_tars_zh_simulator/device1/instruction_22/sample_0/step_1.png' exists! Reading the file...
Path '/data/oss_bucket_0/qihang/gui_agent/images/ui_tars_zh_simulator/device1/instruction_22/sample_0/step_0.png' exists! Reading the file...
Model Thought/Action: {'action': 'continue', 'thought': 'No tool call found.'}
--- Step 2 ---
Path '/data/oss_bucket_0/qihang/gui_agent/images/ui_tars_zh_simulator/device1/instruction_22/sample_0/step_2.png' does not exist. Sleeping for 1 seconds...
Path '/data/oss_bucket_0/qihang/gui_agent/images/ui_tars_zh_simulator/device1/instruction_22/sample_0/step_2.png' does not exist. Sleeping for 1 seconds...
Path '/data/oss_bucket_0/qihang/gui_agent/images/ui_tars_zh_simulator/device1/instruction_22/sample_0/step_2.png' does not exist. Sleeping for 1 seconds...
Path '/data/oss_bucket_0/qihang/gui_agent/images/ui_tars_zh_simulator/device1/instruction_22/sample_0/step_2.png' does not exist. Sleeping for 1 seconds...
Path '/data/oss_bucket_0/qihang/gui_agent/images/ui_tars_zh_simulator/device1/instruction_22/sample_0/step_2.png' does not exist. Sleeping for 1 seconds...
Path '/data/oss_bucket_0/qihang/gui_agent/images/ui_tars_zh_simulator/device1/instruction_22/sample_0/step_2.png' does not exist. Sleeping for 1 seconds...
Path '/data/oss_bucket_0/qihang/gui_agent/images/ui_tars_zh_simulator/device1/instruction_22/sample_0/step_2.png' exists! Reading the file...
Path '/data/oss_bucket_0/qihang/gui_agent/images/ui_tars_zh_simulator/device1/instruction_22/sample_0/step_1.png' exists! Reading the file...
Model Thought/Action: {'action': 'continue', 'thought': 'No tool call found.'}
--- Step 3 ---
Path '/data/oss_bucket_0/qihang/gui_agent/images/ui_tars_zh_simulator/device1/instruction_22/sample_0/step_3.png' does not exist. Sleeping for 1 seconds...
Path '/data/oss_bucket_0/qihang/gui_agent/images/ui_tars_zh_simulator/device1/instruction_22/sample_0/step_3.png' does not exist. Sleeping for 1 seconds...
Path '/data/oss_bucket_0/qihang/gui_agent/images/ui_tars_zh_simulator/device1/instruction_22/sample_0/step_3.png' does not exist. Sleeping for 1 seconds...
Path '/data/oss_bucket_0/qihang/gui_agent/images/ui_tars_zh_simulator/device1/instruction_22/sample_0/step_3.png' does not exist. Sleeping for 1 seconds...
Path '/data/oss_bucket_0/qihang/gui_agent/images/ui_tars_zh_simulator/device1/instruction_22/sample_0/step_3.png' does not exist. Sleeping for 1 seconds...
Path '/data/oss_bucket_0/qihang/gui_agent/images/ui_tars_zh_simulator/device1/instruction_22/sample_0/step_3.png' does not exist. Sleeping for 1 seconds...
Path '/data/oss_bucket_0/qihang/gui_agent/images/ui_tars_zh_simulator/device1/instruction_22/sample_0/step_3.png' exists! Reading the file...
Path '/data/oss_bucket_0/qihang/gui_agent/images/ui_tars_zh_simulator/device1/instruction_22/sample_0/step_2.png' exists! Reading the file...
Model Thought/Action: {'action': 'continue', 'thought': 'No tool call found.'}
--- Step 4 ---
Path '/data/oss_bucket_0/qihang/gui_agent/images/ui_tars_zh_simulator/device1/instruction_22/sample_0/step_4.png' does not exist. Sleeping for 1 seconds...
Path '/data/oss_bucket_0/qihang/gui_agent/images/ui_tars_zh_simulator/device1/instruction_22/sample_0/step_4.png' does not exist. Sleeping for 1 seconds...
Path '/data/oss_bucket_0/qihang/gui_agent/images/ui_tars_zh_simulator/device1/instruction_22/sample_0/step_4.png' does not exist. Sleeping for 1 seconds...
Path '/data/oss_bucket_0/qihang/gui_agent/images/ui_tars_zh_simulator/device1/instruction_22/sample_0/step_4.png' does not exist. Sleeping for 1 seconds...
Path '/data/oss_bucket_0/qihang/gui_agent/images/ui_tars_zh_simulator/device1/instruction_22/sample_0/step_4.png' does not exist. Sleeping for 1 seconds...
Path '/data/oss_bucket_0/qihang/gui_agent/images/ui_tars_zh_simulator/device1/instruction_22/sample_0/step_4.png' does not exist. Sleeping for 1 seconds...
Path '/data/oss_bucket_0/qihang/gui_agent/images/ui_tars_zh_simulator/device1/instruction_22/sample_0/step_4.png' exists! Reading the file...
Path '/data/oss_bucket_0/qihang/gui_agent/images/ui_tars_zh_simulator/device1/instruction_22/sample_0/step_3.png' exists! Reading the file...
Model Thought/Action: {'action': 'continue', 'thought': 'No tool call found.'}
--- Step 5 ---
Path '/data/oss_bucket_0/qihang/gui_agent/images/ui_tars_zh_simulator/device1/instruction_22/sample_0/step_5.png' does not exist. Sleeping for 1 seconds...
Path '/data/oss_bucket_0/qihang/gui_agent/images/ui_tars_zh_simulator/device1/instruction_22/sample_0/step_5.png' does not exist. Sleeping for 1 seconds...
Path '/data/oss_bucket_0/qihang/gui_agent/images/ui_tars_zh_simulator/device1/instruction_22/sample_0/step_5.png' does not exist. Sleeping for 1 seconds...
Path '/data/oss_bucket_0/qihang/gui_agent/images/ui_tars_zh_simulator/device1/instruction_22/sample_0/step_5.png' does not exist. Sleeping for 1 seconds...
Path '/data/oss_bucket_0/qihang/gui_agent/images/ui_tars_zh_simulator/device1/instruction_22/sample_0/step_5.png' does not exist. Sleeping for 1 seconds...
Path '/data/oss_bucket_0/qihang/gui_agent/images/ui_tars_zh_simulator/device1/instruction_22/sample_0/step_5.png' does not exist. Sleeping for 1 seconds...
Path '/data/oss_bucket_0/qihang/gui_agent/images/ui_tars_zh_simulator/device1/instruction_22/sample_0/step_5.png' exists! Reading the file...
Path '/data/oss_bucket_0/qihang/gui_agent/images/ui_tars_zh_simulator/device1/instruction_22/sample_0/step_4.png' exists! Reading the file...
Model Thought/Action: {'action': 'continue', 'thought': 'No tool call found.'}
--- Step 6 ---
Path '/data/oss_bucket_0/qihang/gui_agent/images/ui_tars_zh_simulator/device1/instruction_22/sample_0/step_6.png' does not exist. Sleeping for 1 seconds...
Path '/data/oss_bucket_0/qihang/gui_agent/images/ui_tars_zh_simulator/device1/instruction_22/sample_0/step_6.png' does not exist. Sleeping for 1 seconds...
Path '/data/oss_bucket_0/qihang/gui_agent/images/ui_tars_zh_simulator/device1/instruction_22/sample_0/step_6.png' does not exist. Sleeping for 1 seconds...
Path '/data/oss_bucket_0/qihang/gui_agent/images/ui_tars_zh_simulator/device1/instruction_22/sample_0/step_6.png' does not exist. Sleeping for 1 seconds...
Path '/data/oss_bucket_0/qihang/gui_agent/images/ui_tars_zh_simulator/device1/instruction_22/sample_0/step_6.png' does not exist. Sleeping for 1 seconds...
Path '/data/oss_bucket_0/qihang/gui_agent/images/ui_tars_zh_simulator/device1/instruction_22/sample_0/step_6.png' does not exist. Sleeping for 1 seconds...
Path '/data/oss_bucket_0/qihang/gui_agent/images/ui_tars_zh_simulator/device1/instruction_22/sample_0/step_6.png' exists! Reading the file...
Path '/data/oss_bucket_0/qihang/gui_agent/images/ui_tars_zh_simulator/device1/instruction_22/sample_0/step_5.png' exists! Reading the file...
Model Thought/Action: {'action': 'continue', 'thought': 'No tool call found.'}
--- Step 7 ---
Path '/data/oss_bucket_0/qihang/gui_agent/images/ui_tars_zh_simulator/device1/instruction_22/sample_0/step_7.png' does not exist. Sleeping for 1 seconds...
Path '/data/oss_bucket_0/qihang/gui_agent/images/ui_tars_zh_simulator/device1/instruction_22/sample_0/step_7.png' does not exist. Sleeping for 1 seconds...
Path '/data/oss_bucket_0/qihang/gui_agent/images/ui_tars_zh_simulator/device1/instruction_22/sample_0/step_7.png' does not exist. Sleeping for 1 seconds...
Path '/data/oss_bucket_0/qihang/gui_agent/images/ui_tars_zh_simulator/device1/instruction_22/sample_0/step_7.png' does not exist. Sleeping for 1 seconds...
Path '/data/oss_bucket_0/qihang/gui_agent/images/ui_tars_zh_simulator/device1/instruction_22/sample_0/step_7.png' does not exist. Sleeping for 1 seconds...
Path '/data/oss_bucket_0/qihang/gui_agent/images/ui_tars_zh_simulator/device1/instruction_22/sample_0/step_7.png' does not exist. Sleeping for 1 seconds...
Path '/data/oss_bucket_0/qihang/gui_agent/images/ui_tars_zh_simulator/device1/instruction_22/sample_0/step_7.png' exists! Reading the file...
Path '/data/oss_bucket_0/qihang/gui_agent/images/ui_tars_zh_simulator/device1/instruction_22/sample_0/step_6.png' exists! Reading the file...
Model Thought/Action: {'action': 'continue', 'thought': 'No tool call found.'}
--- Step 8 ---
Path '/data/oss_bucket_0/qihang/gui_agent/images/ui_tars_zh_simulator/device1/instruction_22/sample_0/step_8.png' does not exist. Sleeping for 1 seconds...
Path '/data/oss_bucket_0/qihang/gui_agent/images/ui_tars_zh_simulator/device1/instruction_22/sample_0/step_8.png' does not exist. Sleeping for 1 seconds...
Path '/data/oss_bucket_0/qihang/gui_agent/images/ui_tars_zh_simulator/device1/instruction_22/sample_0/step_8.png' does not exist. Sleeping for 1 seconds...
Path '/data/oss_bucket_0/qihang/gui_agent/images/ui_tars_zh_simulator/device1/instruction_22/sample_0/step_8.png' does not exist. Sleeping for 1 seconds...
Path '/data/oss_bucket_0/qihang/gui_agent/images/ui_tars_zh_simulator/device1/instruction_22/sample_0/step_8.png' does not exist. Sleeping for 1 seconds...
Path '/data/oss_bucket_0/qihang/gui_agent/images/ui_tars_zh_simulator/device1/instruction_22/sample_0/step_8.png' does not exist. Sleeping for 1 seconds...
Path '/data/oss_bucket_0/qihang/gui_agent/images/ui_tars_zh_simulator/device1/instruction_22/sample_0/step_8.png' exists! Reading the file...
Path '/data/oss_bucket_0/qihang/gui_agent/images/ui_tars_zh_simulator/device1/instruction_22/sample_0/step_7.png' exists! Reading the file...
Model Thought/Action: {'action': 'continue', 'thought': 'No tool call found.'}
--- Step 9 ---
Path '/data/oss_bucket_0/qihang/gui_agent/images/ui_tars_zh_simulator/device1/instruction_22/sample_0/step_9.png' does not exist. Sleeping for 1 seconds...
Path '/data/oss_bucket_0/qihang/gui_agent/images/ui_tars_zh_simulator/device1/instruction_22/sample_0/step_9.png' does not exist. Sleeping for 1 seconds...
Path '/data/oss_bucket_0/qihang/gui_agent/images/ui_tars_zh_simulator/device1/instruction_22/sample_0/step_9.png' does not exist. Sleeping for 1 seconds...
Path '/data/oss_bucket_0/qihang/gui_agent/images/ui_tars_zh_simulator/device1/instruction_22/sample_0/step_9.png' does not exist. Sleeping for 1 seconds...
Path '/data/oss_bucket_0/qihang/gui_agent/images/ui_tars_zh_simulator/device1/instruction_22/sample_0/step_9.png' does not exist. Sleeping for 1 seconds...
Path '/data/oss_bucket_0/qihang/gui_agent/images/ui_tars_zh_simulator/device1/instruction_22/sample_0/step_9.png' does not exist. Sleeping for 1 seconds...
Path '/data/oss_bucket_0/qihang/gui_agent/images/ui_tars_zh_simulator/device1/instruction_22/sample_0/step_9.png' exists! Reading the file...
Path '/data/oss_bucket_0/qihang/gui_agent/images/ui_tars_zh_simulator/device1/instruction_22/sample_0/step_8.png' exists! Reading the file...
Model Thought/Action: {'action': 'continue', 'thought': 'No tool call found.'}
--- Step 10 ---
Path '/data/oss_bucket_0/qihang/gui_agent/images/ui_tars_zh_simulator/device1/instruction_22/sample_0/step_10.png' does not exist. Sleeping for 1 seconds...
Path '/data/oss_bucket_0/qihang/gui_agent/images/ui_tars_zh_simulator/device1/instruction_22/sample_0/step_10.png' does not exist. Sleeping for 1 seconds...
Path '/data/oss_bucket_0/qihang/gui_agent/images/ui_tars_zh_simulator/device1/instruction_22/sample_0/step_10.png' does not exist. Sleeping for 1 seconds...
Path '/data/oss_bucket_0/qihang/gui_agent/images/ui_tars_zh_simulator/device1/instruction_22/sample_0/step_10.png' does not exist. Sleeping for 1 seconds...
Path '/data/oss_bucket_0/qihang/gui_agent/images/ui_tars_zh_simulator/device1/instruction_22/sample_0/step_10.png' does not exist. Sleeping for 1 seconds...
Path '/data/oss_bucket_0/qihang/gui_agent/images/ui_tars_zh_simulator/device1/instruction_22/sample_0/step_10.png' does not exist. Sleeping for 1 seconds...
Path '/data/oss_bucket_0/qihang/gui_agent/images/ui_tars_zh_simulator/device1/instruction_22/sample_0/step_10.png' exists! Reading the file...
Path '/data/oss_bucket_0/qihang/gui_agent/images/ui_tars_zh_simulator/device1/instruction_22/sample_0/step_9.png' exists! Reading the file...
Model Thought/Action: {'action': 'continue', 'thought': 'No tool call found.'}
--- Step 11 ---
Path '/data/oss_bucket_0/qihang/gui_agent/images/ui_tars_zh_simulator/device1/instruction_22/sample_0/step_11.png' does not exist. Sleeping for 1 seconds...
Path '/data/oss_bucket_0/qihang/gui_agent/images/ui_tars_zh_simulator/device1/instruction_22/sample_0/step_11.png' does not exist. Sleeping for 1 seconds...
Path '/data/oss_bucket_0/qihang/gui_agent/images/ui_tars_zh_simulator/device1/instruction_22/sample_0/step_11.png' does not exist. Sleeping for 1 seconds...
Path '/data/oss_bucket_0/qihang/gui_agent/images/ui_tars_zh_simulator/device1/instruction_22/sample_0/step_11.png' does not exist. Sleeping for 1 seconds...
Path '/data/oss_bucket_0/qihang/gui_agent/images/ui_tars_zh_simulator/device1/instruction_22/sample_0/step_11.png' does not exist. Sleeping for 1 seconds...
Path '/data/oss_bucket_0/qihang/gui_agent/images/ui_tars_zh_simulator/device1/instruction_22/sample_0/step_11.png' does not exist. Sleeping for 1 seconds...
Path '/data/oss_bucket_0/qihang/gui_agent/images/ui_tars_zh_simulator/device1/instruction_22/sample_0/step_11.png' exists! Reading the file...
Path '/data/oss_bucket_0/qihang/gui_agent/images/ui_tars_zh_simulator/device1/instruction_22/sample_0/step_10.png' exists! Reading the file...
Model Thought/Action: {'action': 'continue', 'thought': 'No tool call found.'}
--- Step 12 ---
Path '/data/oss_bucket_0/qihang/gui_agent/images/ui_tars_zh_simulator/device1/instruction_22/sample_0/step_12.png' does not exist. Sleeping for 1 seconds...
Path '/data/oss_bucket_0/qihang/gui_agent/images/ui_tars_zh_simulator/device1/instruction_22/sample_0/step_12.png' does not exist. Sleeping for 1 seconds...
Path '/data/oss_bucket_0/qihang/gui_agent/images/ui_tars_zh_simulator/device1/instruction_22/sample_0/step_12.png' does not exist. Sleeping for 1 seconds...
Path '/data/oss_bucket_0/qihang/gui_agent/images/ui_tars_zh_simulator/device1/instruction_22/sample_0/step_12.png' does not exist. Sleeping for 1 seconds...
Path '/data/oss_bucket_0/qihang/gui_agent/images/ui_tars_zh_simulator/device1/instruction_22/sample_0/step_12.png' does not exist. Sleeping for 1 seconds...
Path '/data/oss_bucket_0/qihang/gui_agent/images/ui_tars_zh_simulator/device1/instruction_22/sample_0/step_12.png' does not exist. Sleeping for 1 seconds...
Path '/data/oss_bucket_0/qihang/gui_agent/images/ui_tars_zh_simulator/device1/instruction_22/sample_0/step_12.png' exists! Reading the file...
Path '/data/oss_bucket_0/qihang/gui_agent/images/ui_tars_zh_simulator/device1/instruction_22/sample_0/step_11.png' exists! Reading the file...
Model Thought/Action: {'action': 'continue', 'thought': 'No tool call found.'}
--- Step 13 ---
Path '/data/oss_bucket_0/qihang/gui_agent/images/ui_tars_zh_simulator/device1/instruction_22/sample_0/step_13.png' does not exist. Sleeping for 1 seconds...
Path '/data/oss_bucket_0/qihang/gui_agent/images/ui_tars_zh_simulator/device1/instruction_22/sample_0/step_13.png' does not exist. Sleeping for 1 seconds...
Path '/data/oss_bucket_0/qihang/gui_agent/images/ui_tars_zh_simulator/device1/instruction_22/sample_0/step_13.png' does not exist. Sleeping for 1 seconds...
Path '/data/oss_bucket_0/qihang/gui_agent/images/ui_tars_zh_simulator/device1/instruction_22/sample_0/step_13.png' does not exist. Sleeping for 1 seconds...
Path '/data/oss_bucket_0/qihang/gui_agent/images/ui_tars_zh_simulator/device1/instruction_22/sample_0/step_13.png' does not exist. Sleeping for 1 seconds...
Path '/data/oss_bucket_0/qihang/gui_agent/images/ui_tars_zh_simulator/device1/instruction_22/sample_0/step_13.png' does not exist. Sleeping for 1 seconds...
Path '/data/oss_bucket_0/qihang/gui_agent/images/ui_tars_zh_simulator/device1/instruction_22/sample_0/step_13.png' exists! Reading the file...
Path '/data/oss_bucket_0/qihang/gui_agent/images/ui_tars_zh_simulator/device1/instruction_22/sample_0/step_12.png' exists! Reading the file...
Model Thought/Action: {'action': 'continue', 'thought': 'No tool call found.'}
--- Step 14 ---
Path '/data/oss_bucket_0/qihang/gui_agent/images/ui_tars_zh_simulator/device1/instruction_22/sample_0/step_14.png' does not exist. Sleeping for 1 seconds...
Path '/data/oss_bucket_0/qihang/gui_agent/images/ui_tars_zh_simulator/device1/instruction_22/sample_0/step_14.png' does not exist. Sleeping for 1 seconds...
Path '/data/oss_bucket_0/qihang/gui_agent/images/ui_tars_zh_simulator/device1/instruction_22/sample_0/step_14.png' does not exist. Sleeping for 1 seconds...
Path '/data/oss_bucket_0/qihang/gui_agent/images/ui_tars_zh_simulator/device1/instruction_22/sample_0/step_14.png' does not exist. Sleeping for 1 seconds...
Path '/data/oss_bucket_0/qihang/gui_agent/images/ui_tars_zh_simulator/device1/instruction_22/sample_0/step_14.png' does not exist. Sleeping for 1 seconds...
Path '/data/oss_bucket_0/qihang/gui_agent/images/ui_tars_zh_simulator/device1/instruction_22/sample_0/step_14.png' does not exist. Sleeping for 1 seconds...
Path '/data/oss_bucket_0/qihang/gui_agent/images/ui_tars_zh_simulator/device1/instruction_22/sample_0/step_14.png' exists! Reading the file...
Path '/data/oss_bucket_0/qihang/gui_agent/images/ui_tars_zh_simulator/device1/instruction_22/sample_0/step_13.png' exists! Reading the file...
Model Thought/Action: {'action': 'continue', 'thought': 'No tool call found.'}
--- Judging with GPT-4o ---
GPT-4o Evaluation Response: {'reason': "The task was to open Taobao and search for insoles. However, the agent repeatedly attempted to open the JD app instead, which is not aligned with the user's intent. The agent did not perform any meaningful actions towards completing the task, as it was stuck in a loop trying to open the wrong application. There was no attempt to open Taobao or search for insoles, and no user interaction was sought to clarify or correct the task.", 'reward': 0, 'status': 'failure', 'inquiry': 'failure'}
Evaluating Instructions:  54%|█████▎    | 22/41 [1:02:31<49:44, 157.08s/it]
===== Evaluating Instruction 23/41 =====
Instruction: 我新买的鞋尺寸有问题，买大了一点，但是我不想退货。
--- Step 0 ---
Path '/data/oss_bucket_0/qihang/gui_agent/images/ui_tars_zh_simulator/device1/instruction_23/sample_0/step_0.png' exists! Reading the file...
Model Thought/Action: {'action': 'continue', 'thought': 'No tool call found.'}
--- Step 1 ---
Path '/data/oss_bucket_0/qihang/gui_agent/images/ui_tars_zh_simulator/device1/instruction_23/sample_0/step_1.png' does not exist. Sleeping for 1 seconds...
Path '/data/oss_bucket_0/qihang/gui_agent/images/ui_tars_zh_simulator/device1/instruction_23/sample_0/step_1.png' does not exist. Sleeping for 1 seconds...
Path '/data/oss_bucket_0/qihang/gui_agent/images/ui_tars_zh_simulator/device1/instruction_23/sample_0/step_1.png' does not exist. Sleeping for 1 seconds...
Path '/data/oss_bucket_0/qihang/gui_agent/images/ui_tars_zh_simulator/device1/instruction_23/sample_0/step_1.png' does not exist. Sleeping for 1 seconds...
Path '/data/oss_bucket_0/qihang/gui_agent/images/ui_tars_zh_simulator/device1/instruction_23/sample_0/step_1.png' does not exist. Sleeping for 1 seconds...
Path '/data/oss_bucket_0/qihang/gui_agent/images/ui_tars_zh_simulator/device1/instruction_23/sample_0/step_1.png' does not exist. Sleeping for 1 seconds...
Path '/data/oss_bucket_0/qihang/gui_agent/images/ui_tars_zh_simulator/device1/instruction_23/sample_0/step_1.png' does not exist. Sleeping for 1 seconds...
Path '/data/oss_bucket_0/qihang/gui_agent/images/ui_tars_zh_simulator/device1/instruction_23/sample_0/step_1.png' does not exist. Sleeping for 1 seconds...
Path '/data/oss_bucket_0/qihang/gui_agent/images/ui_tars_zh_simulator/device1/instruction_23/sample_0/step_1.png' does not exist. Sleeping for 1 seconds...
Path '/data/oss_bucket_0/qihang/gui_agent/images/ui_tars_zh_simulator/device1/instruction_23/sample_0/step_1.png' does not exist. Sleeping for 1 seconds...
Path '/data/oss_bucket_0/qihang/gui_agent/images/ui_tars_zh_simulator/device1/instruction_23/sample_0/step_1.png' does not exist. Sleeping for 1 seconds...
Path '/data/oss_bucket_0/qihang/gui_agent/images/ui_tars_zh_simulator/device1/instruction_23/sample_0/step_1.png' does not exist. Sleeping for 1 seconds...
Path '/data/oss_bucket_0/qihang/gui_agent/images/ui_tars_zh_simulator/device1/instruction_23/sample_0/step_1.png' exists! Reading the file...
Path '/data/oss_bucket_0/qihang/gui_agent/images/ui_tars_zh_simulator/device1/instruction_23/sample_0/step_0.png' exists! Reading the file...
Model Thought/Action: {'action': 'continue', 'thought': 'No tool call found.'}
--- Step 2 ---
Path '/data/oss_bucket_0/qihang/gui_agent/images/ui_tars_zh_simulator/device1/instruction_23/sample_0/step_2.png' does not exist. Sleeping for 1 seconds...
Path '/data/oss_bucket_0/qihang/gui_agent/images/ui_tars_zh_simulator/device1/instruction_23/sample_0/step_2.png' does not exist. Sleeping for 1 seconds...
Path '/data/oss_bucket_0/qihang/gui_agent/images/ui_tars_zh_simulator/device1/instruction_23/sample_0/step_2.png' does not exist. Sleeping for 1 seconds...
Path '/data/oss_bucket_0/qihang/gui_agent/images/ui_tars_zh_simulator/device1/instruction_23/sample_0/step_2.png' does not exist. Sleeping for 1 seconds...
Path '/data/oss_bucket_0/qihang/gui_agent/images/ui_tars_zh_simulator/device1/instruction_23/sample_0/step_2.png' does not exist. Sleeping for 1 seconds...
Path '/data/oss_bucket_0/qihang/gui_agent/images/ui_tars_zh_simulator/device1/instruction_23/sample_0/step_2.png' does not exist. Sleeping for 1 seconds...
Path '/data/oss_bucket_0/qihang/gui_agent/images/ui_tars_zh_simulator/device1/instruction_23/sample_0/step_2.png' exists! Reading the file...
Path '/data/oss_bucket_0/qihang/gui_agent/images/ui_tars_zh_simulator/device1/instruction_23/sample_0/step_1.png' exists! Reading the file...
Model Thought/Action: {'action': 'continue', 'thought': 'No tool call found.'}
--- Step 3 ---
Path '/data/oss_bucket_0/qihang/gui_agent/images/ui_tars_zh_simulator/device1/instruction_23/sample_0/step_3.png' does not exist. Sleeping for 1 seconds...
Path '/data/oss_bucket_0/qihang/gui_agent/images/ui_tars_zh_simulator/device1/instruction_23/sample_0/step_3.png' does not exist. Sleeping for 1 seconds...
Path '/data/oss_bucket_0/qihang/gui_agent/images/ui_tars_zh_simulator/device1/instruction_23/sample_0/step_3.png' does not exist. Sleeping for 1 seconds...
Path '/data/oss_bucket_0/qihang/gui_agent/images/ui_tars_zh_simulator/device1/instruction_23/sample_0/step_3.png' does not exist. Sleeping for 1 seconds...
Path '/data/oss_bucket_0/qihang/gui_agent/images/ui_tars_zh_simulator/device1/instruction_23/sample_0/step_3.png' does not exist. Sleeping for 1 seconds...
Path '/data/oss_bucket_0/qihang/gui_agent/images/ui_tars_zh_simulator/device1/instruction_23/sample_0/step_3.png' does not exist. Sleeping for 1 seconds...
Path '/data/oss_bucket_0/qihang/gui_agent/images/ui_tars_zh_simulator/device1/instruction_23/sample_0/step_3.png' exists! Reading the file...
Path '/data/oss_bucket_0/qihang/gui_agent/images/ui_tars_zh_simulator/device1/instruction_23/sample_0/step_2.png' exists! Reading the file...
Model Thought/Action: {'action': 'continue', 'thought': 'No tool call found.'}
--- Step 4 ---
Path '/data/oss_bucket_0/qihang/gui_agent/images/ui_tars_zh_simulator/device1/instruction_23/sample_0/step_4.png' does not exist. Sleeping for 1 seconds...
Path '/data/oss_bucket_0/qihang/gui_agent/images/ui_tars_zh_simulator/device1/instruction_23/sample_0/step_4.png' does not exist. Sleeping for 1 seconds...
Path '/data/oss_bucket_0/qihang/gui_agent/images/ui_tars_zh_simulator/device1/instruction_23/sample_0/step_4.png' does not exist. Sleeping for 1 seconds...
Path '/data/oss_bucket_0/qihang/gui_agent/images/ui_tars_zh_simulator/device1/instruction_23/sample_0/step_4.png' does not exist. Sleeping for 1 seconds...
Path '/data/oss_bucket_0/qihang/gui_agent/images/ui_tars_zh_simulator/device1/instruction_23/sample_0/step_4.png' does not exist. Sleeping for 1 seconds...
Path '/data/oss_bucket_0/qihang/gui_agent/images/ui_tars_zh_simulator/device1/instruction_23/sample_0/step_4.png' does not exist. Sleeping for 1 seconds...
Path '/data/oss_bucket_0/qihang/gui_agent/images/ui_tars_zh_simulator/device1/instruction_23/sample_0/step_4.png' exists! Reading the file...
Path '/data/oss_bucket_0/qihang/gui_agent/images/ui_tars_zh_simulator/device1/instruction_23/sample_0/step_3.png' exists! Reading the file...
Model Thought/Action: {'action': 'continue', 'thought': 'No tool call found.'}
--- Step 5 ---
Path '/data/oss_bucket_0/qihang/gui_agent/images/ui_tars_zh_simulator/device1/instruction_23/sample_0/step_5.png' does not exist. Sleeping for 1 seconds...
Path '/data/oss_bucket_0/qihang/gui_agent/images/ui_tars_zh_simulator/device1/instruction_23/sample_0/step_5.png' does not exist. Sleeping for 1 seconds...
Path '/data/oss_bucket_0/qihang/gui_agent/images/ui_tars_zh_simulator/device1/instruction_23/sample_0/step_5.png' does not exist. Sleeping for 1 seconds...
Path '/data/oss_bucket_0/qihang/gui_agent/images/ui_tars_zh_simulator/device1/instruction_23/sample_0/step_5.png' does not exist. Sleeping for 1 seconds...
Path '/data/oss_bucket_0/qihang/gui_agent/images/ui_tars_zh_simulator/device1/instruction_23/sample_0/step_5.png' does not exist. Sleeping for 1 seconds...
Path '/data/oss_bucket_0/qihang/gui_agent/images/ui_tars_zh_simulator/device1/instruction_23/sample_0/step_5.png' does not exist. Sleeping for 1 seconds...
Path '/data/oss_bucket_0/qihang/gui_agent/images/ui_tars_zh_simulator/device1/instruction_23/sample_0/step_5.png' exists! Reading the file...
Path '/data/oss_bucket_0/qihang/gui_agent/images/ui_tars_zh_simulator/device1/instruction_23/sample_0/step_4.png' exists! Reading the file...
Model Thought/Action: {'action': 'continue', 'thought': 'No tool call found.'}
--- Step 6 ---
Path '/data/oss_bucket_0/qihang/gui_agent/images/ui_tars_zh_simulator/device1/instruction_23/sample_0/step_6.png' does not exist. Sleeping for 1 seconds...
Path '/data/oss_bucket_0/qihang/gui_agent/images/ui_tars_zh_simulator/device1/instruction_23/sample_0/step_6.png' does not exist. Sleeping for 1 seconds...
Path '/data/oss_bucket_0/qihang/gui_agent/images/ui_tars_zh_simulator/device1/instruction_23/sample_0/step_6.png' does not exist. Sleeping for 1 seconds...
Path '/data/oss_bucket_0/qihang/gui_agent/images/ui_tars_zh_simulator/device1/instruction_23/sample_0/step_6.png' does not exist. Sleeping for 1 seconds...
Path '/data/oss_bucket_0/qihang/gui_agent/images/ui_tars_zh_simulator/device1/instruction_23/sample_0/step_6.png' does not exist. Sleeping for 1 seconds...
Path '/data/oss_bucket_0/qihang/gui_agent/images/ui_tars_zh_simulator/device1/instruction_23/sample_0/step_6.png' does not exist. Sleeping for 1 seconds...
Path '/data/oss_bucket_0/qihang/gui_agent/images/ui_tars_zh_simulator/device1/instruction_23/sample_0/step_6.png' exists! Reading the file...
Path '/data/oss_bucket_0/qihang/gui_agent/images/ui_tars_zh_simulator/device1/instruction_23/sample_0/step_5.png' exists! Reading the file...
Model Thought/Action: {'action': 'continue', 'thought': 'No tool call found.'}
--- Step 7 ---
Path '/data/oss_bucket_0/qihang/gui_agent/images/ui_tars_zh_simulator/device1/instruction_23/sample_0/step_7.png' does not exist. Sleeping for 1 seconds...
Path '/data/oss_bucket_0/qihang/gui_agent/images/ui_tars_zh_simulator/device1/instruction_23/sample_0/step_7.png' does not exist. Sleeping for 1 seconds...
Path '/data/oss_bucket_0/qihang/gui_agent/images/ui_tars_zh_simulator/device1/instruction_23/sample_0/step_7.png' does not exist. Sleeping for 1 seconds...
Path '/data/oss_bucket_0/qihang/gui_agent/images/ui_tars_zh_simulator/device1/instruction_23/sample_0/step_7.png' does not exist. Sleeping for 1 seconds...
Path '/data/oss_bucket_0/qihang/gui_agent/images/ui_tars_zh_simulator/device1/instruction_23/sample_0/step_7.png' does not exist. Sleeping for 1 seconds...
Path '/data/oss_bucket_0/qihang/gui_agent/images/ui_tars_zh_simulator/device1/instruction_23/sample_0/step_7.png' does not exist. Sleeping for 1 seconds...
Path '/data/oss_bucket_0/qihang/gui_agent/images/ui_tars_zh_simulator/device1/instruction_23/sample_0/step_7.png' exists! Reading the file...
Path '/data/oss_bucket_0/qihang/gui_agent/images/ui_tars_zh_simulator/device1/instruction_23/sample_0/step_6.png' exists! Reading the file...
Model Thought/Action: {'action': 'continue', 'thought': 'No tool call found.'}
--- Step 8 ---
Path '/data/oss_bucket_0/qihang/gui_agent/images/ui_tars_zh_simulator/device1/instruction_23/sample_0/step_8.png' does not exist. Sleeping for 1 seconds...
Path '/data/oss_bucket_0/qihang/gui_agent/images/ui_tars_zh_simulator/device1/instruction_23/sample_0/step_8.png' does not exist. Sleeping for 1 seconds...
Path '/data/oss_bucket_0/qihang/gui_agent/images/ui_tars_zh_simulator/device1/instruction_23/sample_0/step_8.png' does not exist. Sleeping for 1 seconds...
Path '/data/oss_bucket_0/qihang/gui_agent/images/ui_tars_zh_simulator/device1/instruction_23/sample_0/step_8.png' does not exist. Sleeping for 1 seconds...
Path '/data/oss_bucket_0/qihang/gui_agent/images/ui_tars_zh_simulator/device1/instruction_23/sample_0/step_8.png' does not exist. Sleeping for 1 seconds...
Path '/data/oss_bucket_0/qihang/gui_agent/images/ui_tars_zh_simulator/device1/instruction_23/sample_0/step_8.png' does not exist. Sleeping for 1 seconds...
Path '/data/oss_bucket_0/qihang/gui_agent/images/ui_tars_zh_simulator/device1/instruction_23/sample_0/step_8.png' exists! Reading the file...
Path '/data/oss_bucket_0/qihang/gui_agent/images/ui_tars_zh_simulator/device1/instruction_23/sample_0/step_7.png' exists! Reading the file...
Model Thought/Action: {'action': 'continue', 'thought': 'No tool call found.'}
--- Step 9 ---
Path '/data/oss_bucket_0/qihang/gui_agent/images/ui_tars_zh_simulator/device1/instruction_23/sample_0/step_9.png' does not exist. Sleeping for 1 seconds...
Path '/data/oss_bucket_0/qihang/gui_agent/images/ui_tars_zh_simulator/device1/instruction_23/sample_0/step_9.png' does not exist. Sleeping for 1 seconds...
Path '/data/oss_bucket_0/qihang/gui_agent/images/ui_tars_zh_simulator/device1/instruction_23/sample_0/step_9.png' does not exist. Sleeping for 1 seconds...
Path '/data/oss_bucket_0/qihang/gui_agent/images/ui_tars_zh_simulator/device1/instruction_23/sample_0/step_9.png' does not exist. Sleeping for 1 seconds...
Path '/data/oss_bucket_0/qihang/gui_agent/images/ui_tars_zh_simulator/device1/instruction_23/sample_0/step_9.png' does not exist. Sleeping for 1 seconds...
Path '/data/oss_bucket_0/qihang/gui_agent/images/ui_tars_zh_simulator/device1/instruction_23/sample_0/step_9.png' does not exist. Sleeping for 1 seconds...
Path '/data/oss_bucket_0/qihang/gui_agent/images/ui_tars_zh_simulator/device1/instruction_23/sample_0/step_9.png' exists! Reading the file...
Path '/data/oss_bucket_0/qihang/gui_agent/images/ui_tars_zh_simulator/device1/instruction_23/sample_0/step_8.png' exists! Reading the file...
Model Thought/Action: {'action': 'continue', 'thought': 'No tool call found.'}
--- Step 10 ---
Path '/data/oss_bucket_0/qihang/gui_agent/images/ui_tars_zh_simulator/device1/instruction_23/sample_0/step_10.png' does not exist. Sleeping for 1 seconds...
Path '/data/oss_bucket_0/qihang/gui_agent/images/ui_tars_zh_simulator/device1/instruction_23/sample_0/step_10.png' does not exist. Sleeping for 1 seconds...
Path '/data/oss_bucket_0/qihang/gui_agent/images/ui_tars_zh_simulator/device1/instruction_23/sample_0/step_10.png' does not exist. Sleeping for 1 seconds...
Path '/data/oss_bucket_0/qihang/gui_agent/images/ui_tars_zh_simulator/device1/instruction_23/sample_0/step_10.png' does not exist. Sleeping for 1 seconds...
Path '/data/oss_bucket_0/qihang/gui_agent/images/ui_tars_zh_simulator/device1/instruction_23/sample_0/step_10.png' does not exist. Sleeping for 1 seconds...
Path '/data/oss_bucket_0/qihang/gui_agent/images/ui_tars_zh_simulator/device1/instruction_23/sample_0/step_10.png' does not exist. Sleeping for 1 seconds...
Path '/data/oss_bucket_0/qihang/gui_agent/images/ui_tars_zh_simulator/device1/instruction_23/sample_0/step_10.png' exists! Reading the file...
Path '/data/oss_bucket_0/qihang/gui_agent/images/ui_tars_zh_simulator/device1/instruction_23/sample_0/step_9.png' exists! Reading the file...
Model Thought/Action: {'action': 'continue', 'thought': 'No tool call found.'}
--- Step 11 ---
Path '/data/oss_bucket_0/qihang/gui_agent/images/ui_tars_zh_simulator/device1/instruction_23/sample_0/step_11.png' does not exist. Sleeping for 1 seconds...
Path '/data/oss_bucket_0/qihang/gui_agent/images/ui_tars_zh_simulator/device1/instruction_23/sample_0/step_11.png' does not exist. Sleeping for 1 seconds...
Path '/data/oss_bucket_0/qihang/gui_agent/images/ui_tars_zh_simulator/device1/instruction_23/sample_0/step_11.png' does not exist. Sleeping for 1 seconds...
Path '/data/oss_bucket_0/qihang/gui_agent/images/ui_tars_zh_simulator/device1/instruction_23/sample_0/step_11.png' does not exist. Sleeping for 1 seconds...
Path '/data/oss_bucket_0/qihang/gui_agent/images/ui_tars_zh_simulator/device1/instruction_23/sample_0/step_11.png' does not exist. Sleeping for 1 seconds...
Path '/data/oss_bucket_0/qihang/gui_agent/images/ui_tars_zh_simulator/device1/instruction_23/sample_0/step_11.png' does not exist. Sleeping for 1 seconds...
Path '/data/oss_bucket_0/qihang/gui_agent/images/ui_tars_zh_simulator/device1/instruction_23/sample_0/step_11.png' exists! Reading the file...
Path '/data/oss_bucket_0/qihang/gui_agent/images/ui_tars_zh_simulator/device1/instruction_23/sample_0/step_10.png' exists! Reading the file...
Model Thought/Action: {'action': 'continue', 'thought': 'No tool call found.'}
--- Step 12 ---
Path '/data/oss_bucket_0/qihang/gui_agent/images/ui_tars_zh_simulator/device1/instruction_23/sample_0/step_12.png' does not exist. Sleeping for 1 seconds...
Path '/data/oss_bucket_0/qihang/gui_agent/images/ui_tars_zh_simulator/device1/instruction_23/sample_0/step_12.png' does not exist. Sleeping for 1 seconds...
Path '/data/oss_bucket_0/qihang/gui_agent/images/ui_tars_zh_simulator/device1/instruction_23/sample_0/step_12.png' does not exist. Sleeping for 1 seconds...
Path '/data/oss_bucket_0/qihang/gui_agent/images/ui_tars_zh_simulator/device1/instruction_23/sample_0/step_12.png' does not exist. Sleeping for 1 seconds...
Path '/data/oss_bucket_0/qihang/gui_agent/images/ui_tars_zh_simulator/device1/instruction_23/sample_0/step_12.png' does not exist. Sleeping for 1 seconds...
Path '/data/oss_bucket_0/qihang/gui_agent/images/ui_tars_zh_simulator/device1/instruction_23/sample_0/step_12.png' does not exist. Sleeping for 1 seconds...
Path '/data/oss_bucket_0/qihang/gui_agent/images/ui_tars_zh_simulator/device1/instruction_23/sample_0/step_12.png' exists! Reading the file...
Path '/data/oss_bucket_0/qihang/gui_agent/images/ui_tars_zh_simulator/device1/instruction_23/sample_0/step_11.png' exists! Reading the file...
Model Thought/Action: {'action': 'continue', 'thought': 'No tool call found.'}
--- Step 13 ---
Path '/data/oss_bucket_0/qihang/gui_agent/images/ui_tars_zh_simulator/device1/instruction_23/sample_0/step_13.png' does not exist. Sleeping for 1 seconds...
Path '/data/oss_bucket_0/qihang/gui_agent/images/ui_tars_zh_simulator/device1/instruction_23/sample_0/step_13.png' does not exist. Sleeping for 1 seconds...
Path '/data/oss_bucket_0/qihang/gui_agent/images/ui_tars_zh_simulator/device1/instruction_23/sample_0/step_13.png' does not exist. Sleeping for 1 seconds...
Path '/data/oss_bucket_0/qihang/gui_agent/images/ui_tars_zh_simulator/device1/instruction_23/sample_0/step_13.png' does not exist. Sleeping for 1 seconds...
Path '/data/oss_bucket_0/qihang/gui_agent/images/ui_tars_zh_simulator/device1/instruction_23/sample_0/step_13.png' does not exist. Sleeping for 1 seconds...
Path '/data/oss_bucket_0/qihang/gui_agent/images/ui_tars_zh_simulator/device1/instruction_23/sample_0/step_13.png' does not exist. Sleeping for 1 seconds...
Path '/data/oss_bucket_0/qihang/gui_agent/images/ui_tars_zh_simulator/device1/instruction_23/sample_0/step_13.png' exists! Reading the file...
Path '/data/oss_bucket_0/qihang/gui_agent/images/ui_tars_zh_simulator/device1/instruction_23/sample_0/step_12.png' exists! Reading the file...
Model Thought/Action: {'action': 'continue', 'thought': 'No tool call found.'}
--- Step 14 ---
Path '/data/oss_bucket_0/qihang/gui_agent/images/ui_tars_zh_simulator/device1/instruction_23/sample_0/step_14.png' does not exist. Sleeping for 1 seconds...
Path '/data/oss_bucket_0/qihang/gui_agent/images/ui_tars_zh_simulator/device1/instruction_23/sample_0/step_14.png' does not exist. Sleeping for 1 seconds...
Path '/data/oss_bucket_0/qihang/gui_agent/images/ui_tars_zh_simulator/device1/instruction_23/sample_0/step_14.png' does not exist. Sleeping for 1 seconds...
Path '/data/oss_bucket_0/qihang/gui_agent/images/ui_tars_zh_simulator/device1/instruction_23/sample_0/step_14.png' does not exist. Sleeping for 1 seconds...
Path '/data/oss_bucket_0/qihang/gui_agent/images/ui_tars_zh_simulator/device1/instruction_23/sample_0/step_14.png' does not exist. Sleeping for 1 seconds...
Path '/data/oss_bucket_0/qihang/gui_agent/images/ui_tars_zh_simulator/device1/instruction_23/sample_0/step_14.png' does not exist. Sleeping for 1 seconds...
Path '/data/oss_bucket_0/qihang/gui_agent/images/ui_tars_zh_simulator/device1/instruction_23/sample_0/step_14.png' exists! Reading the file...
Path '/data/oss_bucket_0/qihang/gui_agent/images/ui_tars_zh_simulator/device1/instruction_23/sample_0/step_13.png' exists! Reading the file...
Model Thought/Action: {'action': 'continue', 'thought': 'No tool call found.'}
--- Judging with GPT-4o ---
GPT-4o Evaluation Response: {'reason': "The task was to open Taobao and search for insoles. However, the agent repeatedly attempted to open the JD app instead, which is not aligned with the user's intent. The agent did not make any progress towards the task, as it was stuck in a loop trying to open the wrong application. There was no attempt to interact with the user to clarify the task or correct the course of action.", 'reward': 0, 'status': 'failure', 'inquiry': 'failure'}
Evaluating Instructions:  56%|█████▌    | 23/41 [1:04:57<46:08, 153.78s/it]
===== Evaluating Instruction 24/41 =====
Instruction: 我新买的鞋尺寸有问题，买大了一点，但是我不想退货。
--- Step 0 ---
Path '/data/oss_bucket_0/qihang/gui_agent/images/ui_tars_zh_simulator/device1/instruction_24/sample_0/step_0.png' exists! Reading the file...
Model Thought/Action: {'app_name': '京东', 'version': '最新版本'}
--- Step 1 ---
Path '/data/oss_bucket_0/qihang/gui_agent/images/ui_tars_zh_simulator/device1/instruction_24/sample_0/step_1.png' does not exist. Sleeping for 1 seconds...
Path '/data/oss_bucket_0/qihang/gui_agent/images/ui_tars_zh_simulator/device1/instruction_24/sample_0/step_1.png' does not exist. Sleeping for 1 seconds...
Path '/data/oss_bucket_0/qihang/gui_agent/images/ui_tars_zh_simulator/device1/instruction_24/sample_0/step_1.png' does not exist. Sleeping for 1 seconds...
Path '/data/oss_bucket_0/qihang/gui_agent/images/ui_tars_zh_simulator/device1/instruction_24/sample_0/step_1.png' does not exist. Sleeping for 1 seconds...
Path '/data/oss_bucket_0/qihang/gui_agent/images/ui_tars_zh_simulator/device1/instruction_24/sample_0/step_1.png' does not exist. Sleeping for 1 seconds...
Path '/data/oss_bucket_0/qihang/gui_agent/images/ui_tars_zh_simulator/device1/instruction_24/sample_0/step_1.png' does not exist. Sleeping for 1 seconds...
Path '/data/oss_bucket_0/qihang/gui_agent/images/ui_tars_zh_simulator/device1/instruction_24/sample_0/step_1.png' does not exist. Sleeping for 1 seconds...
Path '/data/oss_bucket_0/qihang/gui_agent/images/ui_tars_zh_simulator/device1/instruction_24/sample_0/step_1.png' does not exist. Sleeping for 1 seconds...
Path '/data/oss_bucket_0/qihang/gui_agent/images/ui_tars_zh_simulator/device1/instruction_24/sample_0/step_1.png' does not exist. Sleeping for 1 seconds...
Path '/data/oss_bucket_0/qihang/gui_agent/images/ui_tars_zh_simulator/device1/instruction_24/sample_0/step_1.png' does not exist. Sleeping for 1 seconds...
Path '/data/oss_bucket_0/qihang/gui_agent/images/ui_tars_zh_simulator/device1/instruction_24/sample_0/step_1.png' does not exist. Sleeping for 1 seconds...
Path '/data/oss_bucket_0/qihang/gui_agent/images/ui_tars_zh_simulator/device1/instruction_24/sample_0/step_1.png' does not exist. Sleeping for 1 seconds...
Path '/data/oss_bucket_0/qihang/gui_agent/images/ui_tars_zh_simulator/device1/instruction_24/sample_0/step_1.png' exists! Reading the file...
Path '/data/oss_bucket_0/qihang/gui_agent/images/ui_tars_zh_simulator/device1/instruction_24/sample_0/step_0.png' exists! Reading the file...
Model Thought/Action: {'app_name': '京东', 'version': '最新版本'}
--- Step 2 ---
Path '/data/oss_bucket_0/qihang/gui_agent/images/ui_tars_zh_simulator/device1/instruction_24/sample_0/step_2.png' does not exist. Sleeping for 1 seconds...
Path '/data/oss_bucket_0/qihang/gui_agent/images/ui_tars_zh_simulator/device1/instruction_24/sample_0/step_2.png' does not exist. Sleeping for 1 seconds...
Path '/data/oss_bucket_0/qihang/gui_agent/images/ui_tars_zh_simulator/device1/instruction_24/sample_0/step_2.png' does not exist. Sleeping for 1 seconds...
Path '/data/oss_bucket_0/qihang/gui_agent/images/ui_tars_zh_simulator/device1/instruction_24/sample_0/step_2.png' does not exist. Sleeping for 1 seconds...
Path '/data/oss_bucket_0/qihang/gui_agent/images/ui_tars_zh_simulator/device1/instruction_24/sample_0/step_2.png' does not exist. Sleeping for 1 seconds...
Path '/data/oss_bucket_0/qihang/gui_agent/images/ui_tars_zh_simulator/device1/instruction_24/sample_0/step_2.png' does not exist. Sleeping for 1 seconds...
Path '/data/oss_bucket_0/qihang/gui_agent/images/ui_tars_zh_simulator/device1/instruction_24/sample_0/step_2.png' exists! Reading the file...
Path '/data/oss_bucket_0/qihang/gui_agent/images/ui_tars_zh_simulator/device1/instruction_24/sample_0/step_1.png' exists! Reading the file...
Model Thought/Action: {'action': 'continue', 'thought': 'No tool call found.'}
--- Step 3 ---
Path '/data/oss_bucket_0/qihang/gui_agent/images/ui_tars_zh_simulator/device1/instruction_24/sample_0/step_3.png' does not exist. Sleeping for 1 seconds...
Path '/data/oss_bucket_0/qihang/gui_agent/images/ui_tars_zh_simulator/device1/instruction_24/sample_0/step_3.png' does not exist. Sleeping for 1 seconds...
Path '/data/oss_bucket_0/qihang/gui_agent/images/ui_tars_zh_simulator/device1/instruction_24/sample_0/step_3.png' does not exist. Sleeping for 1 seconds...
Path '/data/oss_bucket_0/qihang/gui_agent/images/ui_tars_zh_simulator/device1/instruction_24/sample_0/step_3.png' does not exist. Sleeping for 1 seconds...
Path '/data/oss_bucket_0/qihang/gui_agent/images/ui_tars_zh_simulator/device1/instruction_24/sample_0/step_3.png' does not exist. Sleeping for 1 seconds...
Path '/data/oss_bucket_0/qihang/gui_agent/images/ui_tars_zh_simulator/device1/instruction_24/sample_0/step_3.png' does not exist. Sleeping for 1 seconds...
Path '/data/oss_bucket_0/qihang/gui_agent/images/ui_tars_zh_simulator/device1/instruction_24/sample_0/step_3.png' exists! Reading the file...
Path '/data/oss_bucket_0/qihang/gui_agent/images/ui_tars_zh_simulator/device1/instruction_24/sample_0/step_2.png' exists! Reading the file...
Model Thought/Action: {'action': 'continue', 'thought': 'No tool call found.'}
--- Step 4 ---
Path '/data/oss_bucket_0/qihang/gui_agent/images/ui_tars_zh_simulator/device1/instruction_24/sample_0/step_4.png' does not exist. Sleeping for 1 seconds...
Path '/data/oss_bucket_0/qihang/gui_agent/images/ui_tars_zh_simulator/device1/instruction_24/sample_0/step_4.png' does not exist. Sleeping for 1 seconds...
Path '/data/oss_bucket_0/qihang/gui_agent/images/ui_tars_zh_simulator/device1/instruction_24/sample_0/step_4.png' does not exist. Sleeping for 1 seconds...
Path '/data/oss_bucket_0/qihang/gui_agent/images/ui_tars_zh_simulator/device1/instruction_24/sample_0/step_4.png' does not exist. Sleeping for 1 seconds...
Path '/data/oss_bucket_0/qihang/gui_agent/images/ui_tars_zh_simulator/device1/instruction_24/sample_0/step_4.png' does not exist. Sleeping for 1 seconds...
Path '/data/oss_bucket_0/qihang/gui_agent/images/ui_tars_zh_simulator/device1/instruction_24/sample_0/step_4.png' does not exist. Sleeping for 1 seconds...
Path '/data/oss_bucket_0/qihang/gui_agent/images/ui_tars_zh_simulator/device1/instruction_24/sample_0/step_4.png' exists! Reading the file...
Path '/data/oss_bucket_0/qihang/gui_agent/images/ui_tars_zh_simulator/device1/instruction_24/sample_0/step_3.png' exists! Reading the file...
Model Thought/Action: {'action': 'continue', 'thought': 'No tool call found.'}
--- Step 5 ---
Path '/data/oss_bucket_0/qihang/gui_agent/images/ui_tars_zh_simulator/device1/instruction_24/sample_0/step_5.png' does not exist. Sleeping for 1 seconds...
Path '/data/oss_bucket_0/qihang/gui_agent/images/ui_tars_zh_simulator/device1/instruction_24/sample_0/step_5.png' does not exist. Sleeping for 1 seconds...
Path '/data/oss_bucket_0/qihang/gui_agent/images/ui_tars_zh_simulator/device1/instruction_24/sample_0/step_5.png' does not exist. Sleeping for 1 seconds...
Path '/data/oss_bucket_0/qihang/gui_agent/images/ui_tars_zh_simulator/device1/instruction_24/sample_0/step_5.png' does not exist. Sleeping for 1 seconds...
Path '/data/oss_bucket_0/qihang/gui_agent/images/ui_tars_zh_simulator/device1/instruction_24/sample_0/step_5.png' does not exist. Sleeping for 1 seconds...
Path '/data/oss_bucket_0/qihang/gui_agent/images/ui_tars_zh_simulator/device1/instruction_24/sample_0/step_5.png' does not exist. Sleeping for 1 seconds...
Path '/data/oss_bucket_0/qihang/gui_agent/images/ui_tars_zh_simulator/device1/instruction_24/sample_0/step_5.png' exists! Reading the file...
Path '/data/oss_bucket_0/qihang/gui_agent/images/ui_tars_zh_simulator/device1/instruction_24/sample_0/step_4.png' exists! Reading the file...
Model Thought/Action: {'action': 'continue', 'thought': 'No tool call found.'}
--- Step 6 ---
Path '/data/oss_bucket_0/qihang/gui_agent/images/ui_tars_zh_simulator/device1/instruction_24/sample_0/step_6.png' does not exist. Sleeping for 1 seconds...
Path '/data/oss_bucket_0/qihang/gui_agent/images/ui_tars_zh_simulator/device1/instruction_24/sample_0/step_6.png' does not exist. Sleeping for 1 seconds...
Path '/data/oss_bucket_0/qihang/gui_agent/images/ui_tars_zh_simulator/device1/instruction_24/sample_0/step_6.png' does not exist. Sleeping for 1 seconds...
Path '/data/oss_bucket_0/qihang/gui_agent/images/ui_tars_zh_simulator/device1/instruction_24/sample_0/step_6.png' does not exist. Sleeping for 1 seconds...
Path '/data/oss_bucket_0/qihang/gui_agent/images/ui_tars_zh_simulator/device1/instruction_24/sample_0/step_6.png' does not exist. Sleeping for 1 seconds...
Path '/data/oss_bucket_0/qihang/gui_agent/images/ui_tars_zh_simulator/device1/instruction_24/sample_0/step_6.png' does not exist. Sleeping for 1 seconds...
Path '/data/oss_bucket_0/qihang/gui_agent/images/ui_tars_zh_simulator/device1/instruction_24/sample_0/step_6.png' exists! Reading the file...
Path '/data/oss_bucket_0/qihang/gui_agent/images/ui_tars_zh_simulator/device1/instruction_24/sample_0/step_5.png' exists! Reading the file...
Model Thought/Action: {'action': 'continue', 'thought': 'No tool call found.'}
--- Step 7 ---
Path '/data/oss_bucket_0/qihang/gui_agent/images/ui_tars_zh_simulator/device1/instruction_24/sample_0/step_7.png' does not exist. Sleeping for 1 seconds...
Path '/data/oss_bucket_0/qihang/gui_agent/images/ui_tars_zh_simulator/device1/instruction_24/sample_0/step_7.png' does not exist. Sleeping for 1 seconds...
Path '/data/oss_bucket_0/qihang/gui_agent/images/ui_tars_zh_simulator/device1/instruction_24/sample_0/step_7.png' does not exist. Sleeping for 1 seconds...
Path '/data/oss_bucket_0/qihang/gui_agent/images/ui_tars_zh_simulator/device1/instruction_24/sample_0/step_7.png' does not exist. Sleeping for 1 seconds...
Path '/data/oss_bucket_0/qihang/gui_agent/images/ui_tars_zh_simulator/device1/instruction_24/sample_0/step_7.png' does not exist. Sleeping for 1 seconds...
Path '/data/oss_bucket_0/qihang/gui_agent/images/ui_tars_zh_simulator/device1/instruction_24/sample_0/step_7.png' does not exist. Sleeping for 1 seconds...
Path '/data/oss_bucket_0/qihang/gui_agent/images/ui_tars_zh_simulator/device1/instruction_24/sample_0/step_7.png' exists! Reading the file...
Path '/data/oss_bucket_0/qihang/gui_agent/images/ui_tars_zh_simulator/device1/instruction_24/sample_0/step_6.png' exists! Reading the file...
Model Thought/Action: {'action': 'continue', 'thought': 'No tool call found.'}
--- Step 8 ---
Path '/data/oss_bucket_0/qihang/gui_agent/images/ui_tars_zh_simulator/device1/instruction_24/sample_0/step_8.png' does not exist. Sleeping for 1 seconds...
Path '/data/oss_bucket_0/qihang/gui_agent/images/ui_tars_zh_simulator/device1/instruction_24/sample_0/step_8.png' does not exist. Sleeping for 1 seconds...
Path '/data/oss_bucket_0/qihang/gui_agent/images/ui_tars_zh_simulator/device1/instruction_24/sample_0/step_8.png' does not exist. Sleeping for 1 seconds...
Path '/data/oss_bucket_0/qihang/gui_agent/images/ui_tars_zh_simulator/device1/instruction_24/sample_0/step_8.png' does not exist. Sleeping for 1 seconds...
Path '/data/oss_bucket_0/qihang/gui_agent/images/ui_tars_zh_simulator/device1/instruction_24/sample_0/step_8.png' does not exist. Sleeping for 1 seconds...
Path '/data/oss_bucket_0/qihang/gui_agent/images/ui_tars_zh_simulator/device1/instruction_24/sample_0/step_8.png' does not exist. Sleeping for 1 seconds...
Path '/data/oss_bucket_0/qihang/gui_agent/images/ui_tars_zh_simulator/device1/instruction_24/sample_0/step_8.png' exists! Reading the file...
Path '/data/oss_bucket_0/qihang/gui_agent/images/ui_tars_zh_simulator/device1/instruction_24/sample_0/step_7.png' exists! Reading the file...
Model Thought/Action: {'action': 'continue', 'thought': 'No tool call found.'}
--- Step 9 ---
Path '/data/oss_bucket_0/qihang/gui_agent/images/ui_tars_zh_simulator/device1/instruction_24/sample_0/step_9.png' does not exist. Sleeping for 1 seconds...
Path '/data/oss_bucket_0/qihang/gui_agent/images/ui_tars_zh_simulator/device1/instruction_24/sample_0/step_9.png' does not exist. Sleeping for 1 seconds...
Path '/data/oss_bucket_0/qihang/gui_agent/images/ui_tars_zh_simulator/device1/instruction_24/sample_0/step_9.png' does not exist. Sleeping for 1 seconds...
Path '/data/oss_bucket_0/qihang/gui_agent/images/ui_tars_zh_simulator/device1/instruction_24/sample_0/step_9.png' does not exist. Sleeping for 1 seconds...
Path '/data/oss_bucket_0/qihang/gui_agent/images/ui_tars_zh_simulator/device1/instruction_24/sample_0/step_9.png' does not exist. Sleeping for 1 seconds...
Path '/data/oss_bucket_0/qihang/gui_agent/images/ui_tars_zh_simulator/device1/instruction_24/sample_0/step_9.png' does not exist. Sleeping for 1 seconds...
Path '/data/oss_bucket_0/qihang/gui_agent/images/ui_tars_zh_simulator/device1/instruction_24/sample_0/step_9.png' exists! Reading the file...
Path '/data/oss_bucket_0/qihang/gui_agent/images/ui_tars_zh_simulator/device1/instruction_24/sample_0/step_8.png' exists! Reading the file...
Model Thought/Action: {'action': 'continue', 'thought': 'No tool call found.'}
--- Step 10 ---
Path '/data/oss_bucket_0/qihang/gui_agent/images/ui_tars_zh_simulator/device1/instruction_24/sample_0/step_10.png' does not exist. Sleeping for 1 seconds...
Path '/data/oss_bucket_0/qihang/gui_agent/images/ui_tars_zh_simulator/device1/instruction_24/sample_0/step_10.png' does not exist. Sleeping for 1 seconds...
Path '/data/oss_bucket_0/qihang/gui_agent/images/ui_tars_zh_simulator/device1/instruction_24/sample_0/step_10.png' does not exist. Sleeping for 1 seconds...
Path '/data/oss_bucket_0/qihang/gui_agent/images/ui_tars_zh_simulator/device1/instruction_24/sample_0/step_10.png' does not exist. Sleeping for 1 seconds...
Path '/data/oss_bucket_0/qihang/gui_agent/images/ui_tars_zh_simulator/device1/instruction_24/sample_0/step_10.png' does not exist. Sleeping for 1 seconds...
Path '/data/oss_bucket_0/qihang/gui_agent/images/ui_tars_zh_simulator/device1/instruction_24/sample_0/step_10.png' does not exist. Sleeping for 1 seconds...
Path '/data/oss_bucket_0/qihang/gui_agent/images/ui_tars_zh_simulator/device1/instruction_24/sample_0/step_10.png' exists! Reading the file...
Path '/data/oss_bucket_0/qihang/gui_agent/images/ui_tars_zh_simulator/device1/instruction_24/sample_0/step_9.png' exists! Reading the file...
Model Thought/Action: {'action': 'continue', 'thought': 'No tool call found.'}
--- Step 11 ---
Path '/data/oss_bucket_0/qihang/gui_agent/images/ui_tars_zh_simulator/device1/instruction_24/sample_0/step_11.png' does not exist. Sleeping for 1 seconds...
Path '/data/oss_bucket_0/qihang/gui_agent/images/ui_tars_zh_simulator/device1/instruction_24/sample_0/step_11.png' does not exist. Sleeping for 1 seconds...
Path '/data/oss_bucket_0/qihang/gui_agent/images/ui_tars_zh_simulator/device1/instruction_24/sample_0/step_11.png' does not exist. Sleeping for 1 seconds...
Path '/data/oss_bucket_0/qihang/gui_agent/images/ui_tars_zh_simulator/device1/instruction_24/sample_0/step_11.png' does not exist. Sleeping for 1 seconds...
Path '/data/oss_bucket_0/qihang/gui_agent/images/ui_tars_zh_simulator/device1/instruction_24/sample_0/step_11.png' does not exist. Sleeping for 1 seconds...
Path '/data/oss_bucket_0/qihang/gui_agent/images/ui_tars_zh_simulator/device1/instruction_24/sample_0/step_11.png' does not exist. Sleeping for 1 seconds...
Path '/data/oss_bucket_0/qihang/gui_agent/images/ui_tars_zh_simulator/device1/instruction_24/sample_0/step_11.png' exists! Reading the file...
Path '/data/oss_bucket_0/qihang/gui_agent/images/ui_tars_zh_simulator/device1/instruction_24/sample_0/step_10.png' exists! Reading the file...
Model Thought/Action: {'action': 'continue', 'thought': 'No tool call found.'}
--- Step 12 ---
Path '/data/oss_bucket_0/qihang/gui_agent/images/ui_tars_zh_simulator/device1/instruction_24/sample_0/step_12.png' does not exist. Sleeping for 1 seconds...
Path '/data/oss_bucket_0/qihang/gui_agent/images/ui_tars_zh_simulator/device1/instruction_24/sample_0/step_12.png' does not exist. Sleeping for 1 seconds...
Path '/data/oss_bucket_0/qihang/gui_agent/images/ui_tars_zh_simulator/device1/instruction_24/sample_0/step_12.png' does not exist. Sleeping for 1 seconds...
Path '/data/oss_bucket_0/qihang/gui_agent/images/ui_tars_zh_simulator/device1/instruction_24/sample_0/step_12.png' does not exist. Sleeping for 1 seconds...
Path '/data/oss_bucket_0/qihang/gui_agent/images/ui_tars_zh_simulator/device1/instruction_24/sample_0/step_12.png' does not exist. Sleeping for 1 seconds...
Path '/data/oss_bucket_0/qihang/gui_agent/images/ui_tars_zh_simulator/device1/instruction_24/sample_0/step_12.png' does not exist. Sleeping for 1 seconds...
Path '/data/oss_bucket_0/qihang/gui_agent/images/ui_tars_zh_simulator/device1/instruction_24/sample_0/step_12.png' exists! Reading the file...
Path '/data/oss_bucket_0/qihang/gui_agent/images/ui_tars_zh_simulator/device1/instruction_24/sample_0/step_11.png' exists! Reading the file...
Model Thought/Action: {'action': 'continue', 'thought': 'No tool call found.'}
--- Step 13 ---
Path '/data/oss_bucket_0/qihang/gui_agent/images/ui_tars_zh_simulator/device1/instruction_24/sample_0/step_13.png' does not exist. Sleeping for 1 seconds...
Path '/data/oss_bucket_0/qihang/gui_agent/images/ui_tars_zh_simulator/device1/instruction_24/sample_0/step_13.png' does not exist. Sleeping for 1 seconds...
Path '/data/oss_bucket_0/qihang/gui_agent/images/ui_tars_zh_simulator/device1/instruction_24/sample_0/step_13.png' does not exist. Sleeping for 1 seconds...
Path '/data/oss_bucket_0/qihang/gui_agent/images/ui_tars_zh_simulator/device1/instruction_24/sample_0/step_13.png' does not exist. Sleeping for 1 seconds...
Path '/data/oss_bucket_0/qihang/gui_agent/images/ui_tars_zh_simulator/device1/instruction_24/sample_0/step_13.png' does not exist. Sleeping for 1 seconds...
Path '/data/oss_bucket_0/qihang/gui_agent/images/ui_tars_zh_simulator/device1/instruction_24/sample_0/step_13.png' does not exist. Sleeping for 1 seconds...
Path '/data/oss_bucket_0/qihang/gui_agent/images/ui_tars_zh_simulator/device1/instruction_24/sample_0/step_13.png' exists! Reading the file...
Path '/data/oss_bucket_0/qihang/gui_agent/images/ui_tars_zh_simulator/device1/instruction_24/sample_0/step_12.png' exists! Reading the file...
Model Thought/Action: {'action': 'continue', 'thought': 'No tool call found.'}
--- Step 14 ---
Path '/data/oss_bucket_0/qihang/gui_agent/images/ui_tars_zh_simulator/device1/instruction_24/sample_0/step_14.png' does not exist. Sleeping for 1 seconds...
Path '/data/oss_bucket_0/qihang/gui_agent/images/ui_tars_zh_simulator/device1/instruction_24/sample_0/step_14.png' does not exist. Sleeping for 1 seconds...
Path '/data/oss_bucket_0/qihang/gui_agent/images/ui_tars_zh_simulator/device1/instruction_24/sample_0/step_14.png' does not exist. Sleeping for 1 seconds...
Path '/data/oss_bucket_0/qihang/gui_agent/images/ui_tars_zh_simulator/device1/instruction_24/sample_0/step_14.png' does not exist. Sleeping for 1 seconds...
Path '/data/oss_bucket_0/qihang/gui_agent/images/ui_tars_zh_simulator/device1/instruction_24/sample_0/step_14.png' does not exist. Sleeping for 1 seconds...
Path '/data/oss_bucket_0/qihang/gui_agent/images/ui_tars_zh_simulator/device1/instruction_24/sample_0/step_14.png' does not exist. Sleeping for 1 seconds...
Path '/data/oss_bucket_0/qihang/gui_agent/images/ui_tars_zh_simulator/device1/instruction_24/sample_0/step_14.png' exists! Reading the file...
Path '/data/oss_bucket_0/qihang/gui_agent/images/ui_tars_zh_simulator/device1/instruction_24/sample_0/step_13.png' exists! Reading the file...
Model Thought/Action: {'action': 'continue', 'thought': 'No tool call found.'}
--- Judging with GPT-4o ---
GPT-4o Evaluation Response: {'reason': 'The task was to open Taobao and search for insoles, but the agent repeatedly attempted to open the JD app instead, which is not relevant to the task. The agent did not make any progress towards the task goal, and there was no attempt to interact with the user for clarification or assistance. The actions were repetitive and did not contribute to task completion.', 'reward': 0, 'status': 'failure', 'inquiry': 'failure'}
Evaluating Instructions:  59%|█████▊    | 24/41 [1:07:24<42:55, 151.52s/it]
===== Evaluating Instruction 25/41 =====
Instruction: 我今天发现我的围巾已经三年没换了。
--- Step 0 ---
Path '/data/oss_bucket_0/qihang/gui_agent/images/ui_tars_zh_simulator/device1/instruction_25/sample_0/step_0.png' exists! Reading the file...
Model Thought/Action: {'is_home': False, 'is_home_min': 0.01, 'is_home_max': 0.99}
--- Step 1 ---
Path '/data/oss_bucket_0/qihang/gui_agent/images/ui_tars_zh_simulator/device1/instruction_25/sample_0/step_1.png' does not exist. Sleeping for 1 seconds...
Path '/data/oss_bucket_0/qihang/gui_agent/images/ui_tars_zh_simulator/device1/instruction_25/sample_0/step_1.png' does not exist. Sleeping for 1 seconds...
Path '/data/oss_bucket_0/qihang/gui_agent/images/ui_tars_zh_simulator/device1/instruction_25/sample_0/step_1.png' does not exist. Sleeping for 1 seconds...
Path '/data/oss_bucket_0/qihang/gui_agent/images/ui_tars_zh_simulator/device1/instruction_25/sample_0/step_1.png' does not exist. Sleeping for 1 seconds...
Path '/data/oss_bucket_0/qihang/gui_agent/images/ui_tars_zh_simulator/device1/instruction_25/sample_0/step_1.png' does not exist. Sleeping for 1 seconds...
Path '/data/oss_bucket_0/qihang/gui_agent/images/ui_tars_zh_simulator/device1/instruction_25/sample_0/step_1.png' does not exist. Sleeping for 1 seconds...
Path '/data/oss_bucket_0/qihang/gui_agent/images/ui_tars_zh_simulator/device1/instruction_25/sample_0/step_1.png' does not exist. Sleeping for 1 seconds...
Path '/data/oss_bucket_0/qihang/gui_agent/images/ui_tars_zh_simulator/device1/instruction_25/sample_0/step_1.png' does not exist. Sleeping for 1 seconds...
Path '/data/oss_bucket_0/qihang/gui_agent/images/ui_tars_zh_simulator/device1/instruction_25/sample_0/step_1.png' does not exist. Sleeping for 1 seconds...
Path '/data/oss_bucket_0/qihang/gui_agent/images/ui_tars_zh_simulator/device1/instruction_25/sample_0/step_1.png' does not exist. Sleeping for 1 seconds...
Path '/data/oss_bucket_0/qihang/gui_agent/images/ui_tars_zh_simulator/device1/instruction_25/sample_0/step_1.png' does not exist. Sleeping for 1 seconds...
Path '/data/oss_bucket_0/qihang/gui_agent/images/ui_tars_zh_simulator/device1/instruction_25/sample_0/step_1.png' does not exist. Sleeping for 1 seconds...
Path '/data/oss_bucket_0/qihang/gui_agent/images/ui_tars_zh_simulator/device1/instruction_25/sample_0/step_1.png' exists! Reading the file...
Path '/data/oss_bucket_0/qihang/gui_agent/images/ui_tars_zh_simulator/device1/instruction_25/sample_0/step_0.png' exists! Reading the file...
Model Thought/Action: {'is_home': False, 'is_home_min': 0.01, 'is_home_max': 0.99}
--- Step 2 ---
Path '/data/oss_bucket_0/qihang/gui_agent/images/ui_tars_zh_simulator/device1/instruction_25/sample_0/step_2.png' does not exist. Sleeping for 1 seconds...
Path '/data/oss_bucket_0/qihang/gui_agent/images/ui_tars_zh_simulator/device1/instruction_25/sample_0/step_2.png' does not exist. Sleeping for 1 seconds...
Path '/data/oss_bucket_0/qihang/gui_agent/images/ui_tars_zh_simulator/device1/instruction_25/sample_0/step_2.png' does not exist. Sleeping for 1 seconds...
Path '/data/oss_bucket_0/qihang/gui_agent/images/ui_tars_zh_simulator/device1/instruction_25/sample_0/step_2.png' does not exist. Sleeping for 1 seconds...
Path '/data/oss_bucket_0/qihang/gui_agent/images/ui_tars_zh_simulator/device1/instruction_25/sample_0/step_2.png' does not exist. Sleeping for 1 seconds...
Path '/data/oss_bucket_0/qihang/gui_agent/images/ui_tars_zh_simulator/device1/instruction_25/sample_0/step_2.png' does not exist. Sleeping for 1 seconds...
Path '/data/oss_bucket_0/qihang/gui_agent/images/ui_tars_zh_simulator/device1/instruction_25/sample_0/step_2.png' exists! Reading the file...
Path '/data/oss_bucket_0/qihang/gui_agent/images/ui_tars_zh_simulator/device1/instruction_25/sample_0/step_1.png' exists! Reading the file...
Model Thought/Action: {'is_home': False, 'is_home_min': 0.01, 'is_home_max': 0.99}
--- Step 3 ---
Path '/data/oss_bucket_0/qihang/gui_agent/images/ui_tars_zh_simulator/device1/instruction_25/sample_0/step_3.png' does not exist. Sleeping for 1 seconds...
Path '/data/oss_bucket_0/qihang/gui_agent/images/ui_tars_zh_simulator/device1/instruction_25/sample_0/step_3.png' does not exist. Sleeping for 1 seconds...
Path '/data/oss_bucket_0/qihang/gui_agent/images/ui_tars_zh_simulator/device1/instruction_25/sample_0/step_3.png' does not exist. Sleeping for 1 seconds...
Path '/data/oss_bucket_0/qihang/gui_agent/images/ui_tars_zh_simulator/device1/instruction_25/sample_0/step_3.png' does not exist. Sleeping for 1 seconds...
Path '/data/oss_bucket_0/qihang/gui_agent/images/ui_tars_zh_simulator/device1/instruction_25/sample_0/step_3.png' does not exist. Sleeping for 1 seconds...
Path '/data/oss_bucket_0/qihang/gui_agent/images/ui_tars_zh_simulator/device1/instruction_25/sample_0/step_3.png' does not exist. Sleeping for 1 seconds...
Path '/data/oss_bucket_0/qihang/gui_agent/images/ui_tars_zh_simulator/device1/instruction_25/sample_0/step_3.png' exists! Reading the file...
Path '/data/oss_bucket_0/qihang/gui_agent/images/ui_tars_zh_simulator/device1/instruction_25/sample_0/step_2.png' exists! Reading the file...
Model Thought/Action: {'is_home': False, 'is_home_min': 0.01, 'is_home_max': 0.99}
--- Step 4 ---
Path '/data/oss_bucket_0/qihang/gui_agent/images/ui_tars_zh_simulator/device1/instruction_25/sample_0/step_4.png' does not exist. Sleeping for 1 seconds...
Path '/data/oss_bucket_0/qihang/gui_agent/images/ui_tars_zh_simulator/device1/instruction_25/sample_0/step_4.png' does not exist. Sleeping for 1 seconds...
Path '/data/oss_bucket_0/qihang/gui_agent/images/ui_tars_zh_simulator/device1/instruction_25/sample_0/step_4.png' does not exist. Sleeping for 1 seconds...
Path '/data/oss_bucket_0/qihang/gui_agent/images/ui_tars_zh_simulator/device1/instruction_25/sample_0/step_4.png' does not exist. Sleeping for 1 seconds...
Path '/data/oss_bucket_0/qihang/gui_agent/images/ui_tars_zh_simulator/device1/instruction_25/sample_0/step_4.png' does not exist. Sleeping for 1 seconds...
Path '/data/oss_bucket_0/qihang/gui_agent/images/ui_tars_zh_simulator/device1/instruction_25/sample_0/step_4.png' does not exist. Sleeping for 1 seconds...
Path '/data/oss_bucket_0/qihang/gui_agent/images/ui_tars_zh_simulator/device1/instruction_25/sample_0/step_4.png' exists! Reading the file...
Path '/data/oss_bucket_0/qihang/gui_agent/images/ui_tars_zh_simulator/device1/instruction_25/sample_0/step_3.png' exists! Reading the file...
Model Thought/Action: {'is_home': False, 'is_home_min': 0.01, 'is_home_max': 0.99}
--- Step 5 ---
Path '/data/oss_bucket_0/qihang/gui_agent/images/ui_tars_zh_simulator/device1/instruction_25/sample_0/step_5.png' does not exist. Sleeping for 1 seconds...
Path '/data/oss_bucket_0/qihang/gui_agent/images/ui_tars_zh_simulator/device1/instruction_25/sample_0/step_5.png' does not exist. Sleeping for 1 seconds...
Path '/data/oss_bucket_0/qihang/gui_agent/images/ui_tars_zh_simulator/device1/instruction_25/sample_0/step_5.png' does not exist. Sleeping for 1 seconds...
Path '/data/oss_bucket_0/qihang/gui_agent/images/ui_tars_zh_simulator/device1/instruction_25/sample_0/step_5.png' does not exist. Sleeping for 1 seconds...
Path '/data/oss_bucket_0/qihang/gui_agent/images/ui_tars_zh_simulator/device1/instruction_25/sample_0/step_5.png' does not exist. Sleeping for 1 seconds...
Path '/data/oss_bucket_0/qihang/gui_agent/images/ui_tars_zh_simulator/device1/instruction_25/sample_0/step_5.png' does not exist. Sleeping for 1 seconds...
Path '/data/oss_bucket_0/qihang/gui_agent/images/ui_tars_zh_simulator/device1/instruction_25/sample_0/step_5.png' exists! Reading the file...
Path '/data/oss_bucket_0/qihang/gui_agent/images/ui_tars_zh_simulator/device1/instruction_25/sample_0/step_4.png' exists! Reading the file...
Model Thought/Action: {'is_home': False, 'is_home_min': 0.01, 'is_home_max': 0.99}
--- Step 6 ---
Path '/data/oss_bucket_0/qihang/gui_agent/images/ui_tars_zh_simulator/device1/instruction_25/sample_0/step_6.png' does not exist. Sleeping for 1 seconds...
Path '/data/oss_bucket_0/qihang/gui_agent/images/ui_tars_zh_simulator/device1/instruction_25/sample_0/step_6.png' does not exist. Sleeping for 1 seconds...
Path '/data/oss_bucket_0/qihang/gui_agent/images/ui_tars_zh_simulator/device1/instruction_25/sample_0/step_6.png' does not exist. Sleeping for 1 seconds...
Path '/data/oss_bucket_0/qihang/gui_agent/images/ui_tars_zh_simulator/device1/instruction_25/sample_0/step_6.png' does not exist. Sleeping for 1 seconds...
Path '/data/oss_bucket_0/qihang/gui_agent/images/ui_tars_zh_simulator/device1/instruction_25/sample_0/step_6.png' does not exist. Sleeping for 1 seconds...
Path '/data/oss_bucket_0/qihang/gui_agent/images/ui_tars_zh_simulator/device1/instruction_25/sample_0/step_6.png' does not exist. Sleeping for 1 seconds...
Path '/data/oss_bucket_0/qihang/gui_agent/images/ui_tars_zh_simulator/device1/instruction_25/sample_0/step_6.png' exists! Reading the file...
Path '/data/oss_bucket_0/qihang/gui_agent/images/ui_tars_zh_simulator/device1/instruction_25/sample_0/step_5.png' exists! Reading the file...
Model Thought/Action: {'is_home': False, 'is_home_min': 0.01, 'is_home_max': 0.99}
--- Step 7 ---
Path '/data/oss_bucket_0/qihang/gui_agent/images/ui_tars_zh_simulator/device1/instruction_25/sample_0/step_7.png' does not exist. Sleeping for 1 seconds...
Path '/data/oss_bucket_0/qihang/gui_agent/images/ui_tars_zh_simulator/device1/instruction_25/sample_0/step_7.png' does not exist. Sleeping for 1 seconds...
Path '/data/oss_bucket_0/qihang/gui_agent/images/ui_tars_zh_simulator/device1/instruction_25/sample_0/step_7.png' does not exist. Sleeping for 1 seconds...
Path '/data/oss_bucket_0/qihang/gui_agent/images/ui_tars_zh_simulator/device1/instruction_25/sample_0/step_7.png' does not exist. Sleeping for 1 seconds...
Path '/data/oss_bucket_0/qihang/gui_agent/images/ui_tars_zh_simulator/device1/instruction_25/sample_0/step_7.png' does not exist. Sleeping for 1 seconds...
Path '/data/oss_bucket_0/qihang/gui_agent/images/ui_tars_zh_simulator/device1/instruction_25/sample_0/step_7.png' does not exist. Sleeping for 1 seconds...
Path '/data/oss_bucket_0/qihang/gui_agent/images/ui_tars_zh_simulator/device1/instruction_25/sample_0/step_7.png' exists! Reading the file...
Path '/data/oss_bucket_0/qihang/gui_agent/images/ui_tars_zh_simulator/device1/instruction_25/sample_0/step_6.png' exists! Reading the file...
Model Thought/Action: {'is_home': False, 'is_home_min': 0.01, 'is_home_max': 0.99}
--- Step 8 ---
Path '/data/oss_bucket_0/qihang/gui_agent/images/ui_tars_zh_simulator/device1/instruction_25/sample_0/step_8.png' does not exist. Sleeping for 1 seconds...
Path '/data/oss_bucket_0/qihang/gui_agent/images/ui_tars_zh_simulator/device1/instruction_25/sample_0/step_8.png' does not exist. Sleeping for 1 seconds...
Path '/data/oss_bucket_0/qihang/gui_agent/images/ui_tars_zh_simulator/device1/instruction_25/sample_0/step_8.png' does not exist. Sleeping for 1 seconds...
Path '/data/oss_bucket_0/qihang/gui_agent/images/ui_tars_zh_simulator/device1/instruction_25/sample_0/step_8.png' does not exist. Sleeping for 1 seconds...
Path '/data/oss_bucket_0/qihang/gui_agent/images/ui_tars_zh_simulator/device1/instruction_25/sample_0/step_8.png' does not exist. Sleeping for 1 seconds...
Path '/data/oss_bucket_0/qihang/gui_agent/images/ui_tars_zh_simulator/device1/instruction_25/sample_0/step_8.png' does not exist. Sleeping for 1 seconds...
Path '/data/oss_bucket_0/qihang/gui_agent/images/ui_tars_zh_simulator/device1/instruction_25/sample_0/step_8.png' exists! Reading the file...
Path '/data/oss_bucket_0/qihang/gui_agent/images/ui_tars_zh_simulator/device1/instruction_25/sample_0/step_7.png' exists! Reading the file...
Model Thought/Action: {'is_home': False, 'is_home_min': 0.01, 'is_home_max': 0.99}
--- Step 9 ---
Path '/data/oss_bucket_0/qihang/gui_agent/images/ui_tars_zh_simulator/device1/instruction_25/sample_0/step_9.png' does not exist. Sleeping for 1 seconds...
Path '/data/oss_bucket_0/qihang/gui_agent/images/ui_tars_zh_simulator/device1/instruction_25/sample_0/step_9.png' does not exist. Sleeping for 1 seconds...
Path '/data/oss_bucket_0/qihang/gui_agent/images/ui_tars_zh_simulator/device1/instruction_25/sample_0/step_9.png' does not exist. Sleeping for 1 seconds...
Path '/data/oss_bucket_0/qihang/gui_agent/images/ui_tars_zh_simulator/device1/instruction_25/sample_0/step_9.png' does not exist. Sleeping for 1 seconds...
Path '/data/oss_bucket_0/qihang/gui_agent/images/ui_tars_zh_simulator/device1/instruction_25/sample_0/step_9.png' does not exist. Sleeping for 1 seconds...
Path '/data/oss_bucket_0/qihang/gui_agent/images/ui_tars_zh_simulator/device1/instruction_25/sample_0/step_9.png' does not exist. Sleeping for 1 seconds...
Path '/data/oss_bucket_0/qihang/gui_agent/images/ui_tars_zh_simulator/device1/instruction_25/sample_0/step_9.png' exists! Reading the file...
Path '/data/oss_bucket_0/qihang/gui_agent/images/ui_tars_zh_simulator/device1/instruction_25/sample_0/step_8.png' exists! Reading the file...
Model Thought/Action: {'is_home': False, 'is_home_min': 0.01, 'is_home_max': 0.99}
--- Step 10 ---
Path '/data/oss_bucket_0/qihang/gui_agent/images/ui_tars_zh_simulator/device1/instruction_25/sample_0/step_10.png' does not exist. Sleeping for 1 seconds...
Path '/data/oss_bucket_0/qihang/gui_agent/images/ui_tars_zh_simulator/device1/instruction_25/sample_0/step_10.png' does not exist. Sleeping for 1 seconds...
Path '/data/oss_bucket_0/qihang/gui_agent/images/ui_tars_zh_simulator/device1/instruction_25/sample_0/step_10.png' does not exist. Sleeping for 1 seconds...
Path '/data/oss_bucket_0/qihang/gui_agent/images/ui_tars_zh_simulator/device1/instruction_25/sample_0/step_10.png' does not exist. Sleeping for 1 seconds...
Path '/data/oss_bucket_0/qihang/gui_agent/images/ui_tars_zh_simulator/device1/instruction_25/sample_0/step_10.png' does not exist. Sleeping for 1 seconds...
Path '/data/oss_bucket_0/qihang/gui_agent/images/ui_tars_zh_simulator/device1/instruction_25/sample_0/step_10.png' does not exist. Sleeping for 1 seconds...
Path '/data/oss_bucket_0/qihang/gui_agent/images/ui_tars_zh_simulator/device1/instruction_25/sample_0/step_10.png' exists! Reading the file...
Path '/data/oss_bucket_0/qihang/gui_agent/images/ui_tars_zh_simulator/device1/instruction_25/sample_0/step_9.png' exists! Reading the file...
Model Thought/Action: {'is_home': False, 'is_home_min': 0.01, 'is_home_max': 0.99}
--- Step 11 ---
Path '/data/oss_bucket_0/qihang/gui_agent/images/ui_tars_zh_simulator/device1/instruction_25/sample_0/step_11.png' does not exist. Sleeping for 1 seconds...
Path '/data/oss_bucket_0/qihang/gui_agent/images/ui_tars_zh_simulator/device1/instruction_25/sample_0/step_11.png' does not exist. Sleeping for 1 seconds...
Path '/data/oss_bucket_0/qihang/gui_agent/images/ui_tars_zh_simulator/device1/instruction_25/sample_0/step_11.png' does not exist. Sleeping for 1 seconds...
Path '/data/oss_bucket_0/qihang/gui_agent/images/ui_tars_zh_simulator/device1/instruction_25/sample_0/step_11.png' does not exist. Sleeping for 1 seconds...
Path '/data/oss_bucket_0/qihang/gui_agent/images/ui_tars_zh_simulator/device1/instruction_25/sample_0/step_11.png' does not exist. Sleeping for 1 seconds...
Path '/data/oss_bucket_0/qihang/gui_agent/images/ui_tars_zh_simulator/device1/instruction_25/sample_0/step_11.png' does not exist. Sleeping for 1 seconds...
Path '/data/oss_bucket_0/qihang/gui_agent/images/ui_tars_zh_simulator/device1/instruction_25/sample_0/step_11.png' exists! Reading the file...
Path '/data/oss_bucket_0/qihang/gui_agent/images/ui_tars_zh_simulator/device1/instruction_25/sample_0/step_10.png' exists! Reading the file...
Model Thought/Action: {'is_home': False, 'is_home_min': 0.01, 'is_home_max': 0.99}
--- Step 12 ---
Path '/data/oss_bucket_0/qihang/gui_agent/images/ui_tars_zh_simulator/device1/instruction_25/sample_0/step_12.png' does not exist. Sleeping for 1 seconds...
Path '/data/oss_bucket_0/qihang/gui_agent/images/ui_tars_zh_simulator/device1/instruction_25/sample_0/step_12.png' does not exist. Sleeping for 1 seconds...
Path '/data/oss_bucket_0/qihang/gui_agent/images/ui_tars_zh_simulator/device1/instruction_25/sample_0/step_12.png' does not exist. Sleeping for 1 seconds...
Path '/data/oss_bucket_0/qihang/gui_agent/images/ui_tars_zh_simulator/device1/instruction_25/sample_0/step_12.png' does not exist. Sleeping for 1 seconds...
Path '/data/oss_bucket_0/qihang/gui_agent/images/ui_tars_zh_simulator/device1/instruction_25/sample_0/step_12.png' does not exist. Sleeping for 1 seconds...
Path '/data/oss_bucket_0/qihang/gui_agent/images/ui_tars_zh_simulator/device1/instruction_25/sample_0/step_12.png' does not exist. Sleeping for 1 seconds...
Path '/data/oss_bucket_0/qihang/gui_agent/images/ui_tars_zh_simulator/device1/instruction_25/sample_0/step_12.png' exists! Reading the file...
Path '/data/oss_bucket_0/qihang/gui_agent/images/ui_tars_zh_simulator/device1/instruction_25/sample_0/step_11.png' exists! Reading the file...
Model Thought/Action: {'is_home': False, 'is_home_min': 0.01, 'is_home_max': 0.99}
--- Step 13 ---
Path '/data/oss_bucket_0/qihang/gui_agent/images/ui_tars_zh_simulator/device1/instruction_25/sample_0/step_13.png' does not exist. Sleeping for 1 seconds...
Path '/data/oss_bucket_0/qihang/gui_agent/images/ui_tars_zh_simulator/device1/instruction_25/sample_0/step_13.png' does not exist. Sleeping for 1 seconds...
Path '/data/oss_bucket_0/qihang/gui_agent/images/ui_tars_zh_simulator/device1/instruction_25/sample_0/step_13.png' does not exist. Sleeping for 1 seconds...
Path '/data/oss_bucket_0/qihang/gui_agent/images/ui_tars_zh_simulator/device1/instruction_25/sample_0/step_13.png' does not exist. Sleeping for 1 seconds...
Path '/data/oss_bucket_0/qihang/gui_agent/images/ui_tars_zh_simulator/device1/instruction_25/sample_0/step_13.png' does not exist. Sleeping for 1 seconds...
Path '/data/oss_bucket_0/qihang/gui_agent/images/ui_tars_zh_simulator/device1/instruction_25/sample_0/step_13.png' does not exist. Sleeping for 1 seconds...
Path '/data/oss_bucket_0/qihang/gui_agent/images/ui_tars_zh_simulator/device1/instruction_25/sample_0/step_13.png' exists! Reading the file...
Path '/data/oss_bucket_0/qihang/gui_agent/images/ui_tars_zh_simulator/device1/instruction_25/sample_0/step_12.png' exists! Reading the file...
Model Thought/Action: {'is_home': False, 'is_home_min': 0.01, 'is_home_max': 0.99}
--- Step 14 ---
Path '/data/oss_bucket_0/qihang/gui_agent/images/ui_tars_zh_simulator/device1/instruction_25/sample_0/step_14.png' does not exist. Sleeping for 1 seconds...
Path '/data/oss_bucket_0/qihang/gui_agent/images/ui_tars_zh_simulator/device1/instruction_25/sample_0/step_14.png' does not exist. Sleeping for 1 seconds...
Path '/data/oss_bucket_0/qihang/gui_agent/images/ui_tars_zh_simulator/device1/instruction_25/sample_0/step_14.png' does not exist. Sleeping for 1 seconds...
Path '/data/oss_bucket_0/qihang/gui_agent/images/ui_tars_zh_simulator/device1/instruction_25/sample_0/step_14.png' does not exist. Sleeping for 1 seconds...
Path '/data/oss_bucket_0/qihang/gui_agent/images/ui_tars_zh_simulator/device1/instruction_25/sample_0/step_14.png' does not exist. Sleeping for 1 seconds...
Path '/data/oss_bucket_0/qihang/gui_agent/images/ui_tars_zh_simulator/device1/instruction_25/sample_0/step_14.png' does not exist. Sleeping for 1 seconds...
Path '/data/oss_bucket_0/qihang/gui_agent/images/ui_tars_zh_simulator/device1/instruction_25/sample_0/step_14.png' exists! Reading the file...
Path '/data/oss_bucket_0/qihang/gui_agent/images/ui_tars_zh_simulator/device1/instruction_25/sample_0/step_13.png' exists! Reading the file...
Model Thought/Action: {'is_home': False, 'is_home_min': 0.01, 'is_home_max': 0.99}
--- Judging with GPT-4o ---
GPT-4o Evaluation Response: {'reason': 'The task was to open Taobao and search for a scarf. However, the agent repeatedly attempted to open the Taobao app without success, as evidenced by the repeated tool calls and unchanged screenshots. The agent did not progress beyond the initial step of opening the app, indicating a failure to execute meaningful actions towards the task. There was no attempt to interact with the user for further instructions or troubleshooting, which could have been beneficial in resolving the issue.', 'reward': 0, 'status': 'failure', 'inquiry': 'failure'}
Evaluating Instructions:  61%|██████    | 25/41 [1:09:54<40:18, 151.15s/it]
===== Evaluating Instruction 26/41 =====
Instruction: 我今天发现我的围巾已经三年没换了。
--- Step 0 ---
Path '/data/oss_bucket_0/qihang/gui_agent/images/ui_tars_zh_simulator/device1/instruction_26/sample_0/step_0.png' exists! Reading the file...
Model Thought/Action: {'app_name': '淘宝', 'arg1': '打开淘宝', 'arg2': '查看围巾的详细信息'}
--- Step 1 ---
Path '/data/oss_bucket_0/qihang/gui_agent/images/ui_tars_zh_simulator/device1/instruction_26/sample_0/step_1.png' does not exist. Sleeping for 1 seconds...
Path '/data/oss_bucket_0/qihang/gui_agent/images/ui_tars_zh_simulator/device1/instruction_26/sample_0/step_1.png' does not exist. Sleeping for 1 seconds...
Path '/data/oss_bucket_0/qihang/gui_agent/images/ui_tars_zh_simulator/device1/instruction_26/sample_0/step_1.png' does not exist. Sleeping for 1 seconds...
Path '/data/oss_bucket_0/qihang/gui_agent/images/ui_tars_zh_simulator/device1/instruction_26/sample_0/step_1.png' does not exist. Sleeping for 1 seconds...
Path '/data/oss_bucket_0/qihang/gui_agent/images/ui_tars_zh_simulator/device1/instruction_26/sample_0/step_1.png' does not exist. Sleeping for 1 seconds...
Path '/data/oss_bucket_0/qihang/gui_agent/images/ui_tars_zh_simulator/device1/instruction_26/sample_0/step_1.png' does not exist. Sleeping for 1 seconds...
Path '/data/oss_bucket_0/qihang/gui_agent/images/ui_tars_zh_simulator/device1/instruction_26/sample_0/step_1.png' does not exist. Sleeping for 1 seconds...
Path '/data/oss_bucket_0/qihang/gui_agent/images/ui_tars_zh_simulator/device1/instruction_26/sample_0/step_1.png' does not exist. Sleeping for 1 seconds...
Path '/data/oss_bucket_0/qihang/gui_agent/images/ui_tars_zh_simulator/device1/instruction_26/sample_0/step_1.png' does not exist. Sleeping for 1 seconds...
Path '/data/oss_bucket_0/qihang/gui_agent/images/ui_tars_zh_simulator/device1/instruction_26/sample_0/step_1.png' does not exist. Sleeping for 1 seconds...
Path '/data/oss_bucket_0/qihang/gui_agent/images/ui_tars_zh_simulator/device1/instruction_26/sample_0/step_1.png' does not exist. Sleeping for 1 seconds...
Path '/data/oss_bucket_0/qihang/gui_agent/images/ui_tars_zh_simulator/device1/instruction_26/sample_0/step_1.png' does not exist. Sleeping for 1 seconds...
Path '/data/oss_bucket_0/qihang/gui_agent/images/ui_tars_zh_simulator/device1/instruction_26/sample_0/step_1.png' exists! Reading the file...
Path '/data/oss_bucket_0/qihang/gui_agent/images/ui_tars_zh_simulator/device1/instruction_26/sample_0/step_0.png' exists! Reading the file...
Model Thought/Action: {'app_name': '淘宝', 'arg1': '打开淘宝', 'arg2': '查看围巾的详细信息'}
--- Step 2 ---
Path '/data/oss_bucket_0/qihang/gui_agent/images/ui_tars_zh_simulator/device1/instruction_26/sample_0/step_2.png' does not exist. Sleeping for 1 seconds...
Path '/data/oss_bucket_0/qihang/gui_agent/images/ui_tars_zh_simulator/device1/instruction_26/sample_0/step_2.png' does not exist. Sleeping for 1 seconds...
Path '/data/oss_bucket_0/qihang/gui_agent/images/ui_tars_zh_simulator/device1/instruction_26/sample_0/step_2.png' does not exist. Sleeping for 1 seconds...
Path '/data/oss_bucket_0/qihang/gui_agent/images/ui_tars_zh_simulator/device1/instruction_26/sample_0/step_2.png' does not exist. Sleeping for 1 seconds...
Path '/data/oss_bucket_0/qihang/gui_agent/images/ui_tars_zh_simulator/device1/instruction_26/sample_0/step_2.png' does not exist. Sleeping for 1 seconds...
Path '/data/oss_bucket_0/qihang/gui_agent/images/ui_tars_zh_simulator/device1/instruction_26/sample_0/step_2.png' does not exist. Sleeping for 1 seconds...
Path '/data/oss_bucket_0/qihang/gui_agent/images/ui_tars_zh_simulator/device1/instruction_26/sample_0/step_2.png' exists! Reading the file...
Path '/data/oss_bucket_0/qihang/gui_agent/images/ui_tars_zh_simulator/device1/instruction_26/sample_0/step_1.png' exists! Reading the file...
Model Thought/Action: {'app_name': '淘宝', 'arg1': '打开淘宝', 'arg2': '查看围巾的详细信息'}
--- Step 3 ---
Path '/data/oss_bucket_0/qihang/gui_agent/images/ui_tars_zh_simulator/device1/instruction_26/sample_0/step_3.png' does not exist. Sleeping for 1 seconds...
Path '/data/oss_bucket_0/qihang/gui_agent/images/ui_tars_zh_simulator/device1/instruction_26/sample_0/step_3.png' does not exist. Sleeping for 1 seconds...
Path '/data/oss_bucket_0/qihang/gui_agent/images/ui_tars_zh_simulator/device1/instruction_26/sample_0/step_3.png' does not exist. Sleeping for 1 seconds...
Path '/data/oss_bucket_0/qihang/gui_agent/images/ui_tars_zh_simulator/device1/instruction_26/sample_0/step_3.png' does not exist. Sleeping for 1 seconds...
Path '/data/oss_bucket_0/qihang/gui_agent/images/ui_tars_zh_simulator/device1/instruction_26/sample_0/step_3.png' does not exist. Sleeping for 1 seconds...
Path '/data/oss_bucket_0/qihang/gui_agent/images/ui_tars_zh_simulator/device1/instruction_26/sample_0/step_3.png' does not exist. Sleeping for 1 seconds...
Path '/data/oss_bucket_0/qihang/gui_agent/images/ui_tars_zh_simulator/device1/instruction_26/sample_0/step_3.png' exists! Reading the file...
Path '/data/oss_bucket_0/qihang/gui_agent/images/ui_tars_zh_simulator/device1/instruction_26/sample_0/step_2.png' exists! Reading the file...
Model Thought/Action: {'app_name': '淘宝', 'arg1': '打开淘宝', 'arg2': '查看围巾的详细信息'}
--- Step 4 ---
Path '/data/oss_bucket_0/qihang/gui_agent/images/ui_tars_zh_simulator/device1/instruction_26/sample_0/step_4.png' does not exist. Sleeping for 1 seconds...
Path '/data/oss_bucket_0/qihang/gui_agent/images/ui_tars_zh_simulator/device1/instruction_26/sample_0/step_4.png' does not exist. Sleeping for 1 seconds...
Path '/data/oss_bucket_0/qihang/gui_agent/images/ui_tars_zh_simulator/device1/instruction_26/sample_0/step_4.png' does not exist. Sleeping for 1 seconds...
Path '/data/oss_bucket_0/qihang/gui_agent/images/ui_tars_zh_simulator/device1/instruction_26/sample_0/step_4.png' does not exist. Sleeping for 1 seconds...
Path '/data/oss_bucket_0/qihang/gui_agent/images/ui_tars_zh_simulator/device1/instruction_26/sample_0/step_4.png' does not exist. Sleeping for 1 seconds...
Path '/data/oss_bucket_0/qihang/gui_agent/images/ui_tars_zh_simulator/device1/instruction_26/sample_0/step_4.png' does not exist. Sleeping for 1 seconds...
Path '/data/oss_bucket_0/qihang/gui_agent/images/ui_tars_zh_simulator/device1/instruction_26/sample_0/step_4.png' exists! Reading the file...
Path '/data/oss_bucket_0/qihang/gui_agent/images/ui_tars_zh_simulator/device1/instruction_26/sample_0/step_3.png' exists! Reading the file...
Model Thought/Action: {'app_name': '淘宝', 'arg1': '打开淘宝', 'arg2': '查看围巾的详细信息'}
--- Step 5 ---
Path '/data/oss_bucket_0/qihang/gui_agent/images/ui_tars_zh_simulator/device1/instruction_26/sample_0/step_5.png' does not exist. Sleeping for 1 seconds...
Path '/data/oss_bucket_0/qihang/gui_agent/images/ui_tars_zh_simulator/device1/instruction_26/sample_0/step_5.png' does not exist. Sleeping for 1 seconds...
Path '/data/oss_bucket_0/qihang/gui_agent/images/ui_tars_zh_simulator/device1/instruction_26/sample_0/step_5.png' does not exist. Sleeping for 1 seconds...
Path '/data/oss_bucket_0/qihang/gui_agent/images/ui_tars_zh_simulator/device1/instruction_26/sample_0/step_5.png' does not exist. Sleeping for 1 seconds...
Path '/data/oss_bucket_0/qihang/gui_agent/images/ui_tars_zh_simulator/device1/instruction_26/sample_0/step_5.png' does not exist. Sleeping for 1 seconds...
Path '/data/oss_bucket_0/qihang/gui_agent/images/ui_tars_zh_simulator/device1/instruction_26/sample_0/step_5.png' does not exist. Sleeping for 1 seconds...
Path '/data/oss_bucket_0/qihang/gui_agent/images/ui_tars_zh_simulator/device1/instruction_26/sample_0/step_5.png' exists! Reading the file...
Path '/data/oss_bucket_0/qihang/gui_agent/images/ui_tars_zh_simulator/device1/instruction_26/sample_0/step_4.png' exists! Reading the file...
Model Thought/Action: {'app_name': '淘宝', 'arg1': '打开淘宝', 'arg2': '查看围巾的详细信息'}
--- Step 6 ---
Path '/data/oss_bucket_0/qihang/gui_agent/images/ui_tars_zh_simulator/device1/instruction_26/sample_0/step_6.png' does not exist. Sleeping for 1 seconds...
Path '/data/oss_bucket_0/qihang/gui_agent/images/ui_tars_zh_simulator/device1/instruction_26/sample_0/step_6.png' does not exist. Sleeping for 1 seconds...
Path '/data/oss_bucket_0/qihang/gui_agent/images/ui_tars_zh_simulator/device1/instruction_26/sample_0/step_6.png' does not exist. Sleeping for 1 seconds...
Path '/data/oss_bucket_0/qihang/gui_agent/images/ui_tars_zh_simulator/device1/instruction_26/sample_0/step_6.png' does not exist. Sleeping for 1 seconds...
Path '/data/oss_bucket_0/qihang/gui_agent/images/ui_tars_zh_simulator/device1/instruction_26/sample_0/step_6.png' does not exist. Sleeping for 1 seconds...
Path '/data/oss_bucket_0/qihang/gui_agent/images/ui_tars_zh_simulator/device1/instruction_26/sample_0/step_6.png' does not exist. Sleeping for 1 seconds...
Path '/data/oss_bucket_0/qihang/gui_agent/images/ui_tars_zh_simulator/device1/instruction_26/sample_0/step_6.png' exists! Reading the file...
Path '/data/oss_bucket_0/qihang/gui_agent/images/ui_tars_zh_simulator/device1/instruction_26/sample_0/step_5.png' exists! Reading the file...
Model Thought/Action: {'app_name': '淘宝', 'arg1': '打开淘宝', 'arg2': '查看围巾的详细信息'}
--- Step 7 ---
Path '/data/oss_bucket_0/qihang/gui_agent/images/ui_tars_zh_simulator/device1/instruction_26/sample_0/step_7.png' does not exist. Sleeping for 1 seconds...
Path '/data/oss_bucket_0/qihang/gui_agent/images/ui_tars_zh_simulator/device1/instruction_26/sample_0/step_7.png' does not exist. Sleeping for 1 seconds...
Path '/data/oss_bucket_0/qihang/gui_agent/images/ui_tars_zh_simulator/device1/instruction_26/sample_0/step_7.png' does not exist. Sleeping for 1 seconds...
Path '/data/oss_bucket_0/qihang/gui_agent/images/ui_tars_zh_simulator/device1/instruction_26/sample_0/step_7.png' does not exist. Sleeping for 1 seconds...
Path '/data/oss_bucket_0/qihang/gui_agent/images/ui_tars_zh_simulator/device1/instruction_26/sample_0/step_7.png' does not exist. Sleeping for 1 seconds...
Path '/data/oss_bucket_0/qihang/gui_agent/images/ui_tars_zh_simulator/device1/instruction_26/sample_0/step_7.png' does not exist. Sleeping for 1 seconds...
Path '/data/oss_bucket_0/qihang/gui_agent/images/ui_tars_zh_simulator/device1/instruction_26/sample_0/step_7.png' exists! Reading the file...
Path '/data/oss_bucket_0/qihang/gui_agent/images/ui_tars_zh_simulator/device1/instruction_26/sample_0/step_6.png' exists! Reading the file...
Model Thought/Action: {'app_name': '淘宝', 'arg1': '打开淘宝', 'arg2': '查看围巾的详细信息'}
--- Step 8 ---
Path '/data/oss_bucket_0/qihang/gui_agent/images/ui_tars_zh_simulator/device1/instruction_26/sample_0/step_8.png' does not exist. Sleeping for 1 seconds...
Path '/data/oss_bucket_0/qihang/gui_agent/images/ui_tars_zh_simulator/device1/instruction_26/sample_0/step_8.png' does not exist. Sleeping for 1 seconds...
Path '/data/oss_bucket_0/qihang/gui_agent/images/ui_tars_zh_simulator/device1/instruction_26/sample_0/step_8.png' does not exist. Sleeping for 1 seconds...
Path '/data/oss_bucket_0/qihang/gui_agent/images/ui_tars_zh_simulator/device1/instruction_26/sample_0/step_8.png' does not exist. Sleeping for 1 seconds...
Path '/data/oss_bucket_0/qihang/gui_agent/images/ui_tars_zh_simulator/device1/instruction_26/sample_0/step_8.png' does not exist. Sleeping for 1 seconds...
Path '/data/oss_bucket_0/qihang/gui_agent/images/ui_tars_zh_simulator/device1/instruction_26/sample_0/step_8.png' does not exist. Sleeping for 1 seconds...
Path '/data/oss_bucket_0/qihang/gui_agent/images/ui_tars_zh_simulator/device1/instruction_26/sample_0/step_8.png' exists! Reading the file...
Path '/data/oss_bucket_0/qihang/gui_agent/images/ui_tars_zh_simulator/device1/instruction_26/sample_0/step_7.png' exists! Reading the file...
Model Thought/Action: {'app_name': '淘宝', 'arg1': '打开淘宝', 'arg2': '查看围巾的详细信息'}
--- Step 9 ---
Path '/data/oss_bucket_0/qihang/gui_agent/images/ui_tars_zh_simulator/device1/instruction_26/sample_0/step_9.png' does not exist. Sleeping for 1 seconds...
Path '/data/oss_bucket_0/qihang/gui_agent/images/ui_tars_zh_simulator/device1/instruction_26/sample_0/step_9.png' does not exist. Sleeping for 1 seconds...
Path '/data/oss_bucket_0/qihang/gui_agent/images/ui_tars_zh_simulator/device1/instruction_26/sample_0/step_9.png' does not exist. Sleeping for 1 seconds...
Path '/data/oss_bucket_0/qihang/gui_agent/images/ui_tars_zh_simulator/device1/instruction_26/sample_0/step_9.png' does not exist. Sleeping for 1 seconds...
Path '/data/oss_bucket_0/qihang/gui_agent/images/ui_tars_zh_simulator/device1/instruction_26/sample_0/step_9.png' does not exist. Sleeping for 1 seconds...
Path '/data/oss_bucket_0/qihang/gui_agent/images/ui_tars_zh_simulator/device1/instruction_26/sample_0/step_9.png' does not exist. Sleeping for 1 seconds...
Path '/data/oss_bucket_0/qihang/gui_agent/images/ui_tars_zh_simulator/device1/instruction_26/sample_0/step_9.png' exists! Reading the file...
Path '/data/oss_bucket_0/qihang/gui_agent/images/ui_tars_zh_simulator/device1/instruction_26/sample_0/step_8.png' exists! Reading the file...
Model Thought/Action: {'app_name': '淘宝', 'arg1': '打开淘宝', 'arg2': '查看围巾的详细信息'}
--- Step 10 ---
Path '/data/oss_bucket_0/qihang/gui_agent/images/ui_tars_zh_simulator/device1/instruction_26/sample_0/step_10.png' does not exist. Sleeping for 1 seconds...
Path '/data/oss_bucket_0/qihang/gui_agent/images/ui_tars_zh_simulator/device1/instruction_26/sample_0/step_10.png' does not exist. Sleeping for 1 seconds...
Path '/data/oss_bucket_0/qihang/gui_agent/images/ui_tars_zh_simulator/device1/instruction_26/sample_0/step_10.png' does not exist. Sleeping for 1 seconds...
Path '/data/oss_bucket_0/qihang/gui_agent/images/ui_tars_zh_simulator/device1/instruction_26/sample_0/step_10.png' does not exist. Sleeping for 1 seconds...
Path '/data/oss_bucket_0/qihang/gui_agent/images/ui_tars_zh_simulator/device1/instruction_26/sample_0/step_10.png' does not exist. Sleeping for 1 seconds...
Path '/data/oss_bucket_0/qihang/gui_agent/images/ui_tars_zh_simulator/device1/instruction_26/sample_0/step_10.png' does not exist. Sleeping for 1 seconds...
Path '/data/oss_bucket_0/qihang/gui_agent/images/ui_tars_zh_simulator/device1/instruction_26/sample_0/step_10.png' exists! Reading the file...
Path '/data/oss_bucket_0/qihang/gui_agent/images/ui_tars_zh_simulator/device1/instruction_26/sample_0/step_9.png' exists! Reading the file...
Model Thought/Action: {'app_name': '淘宝', 'arg1': '打开淘宝', 'arg2': '查看围巾的详细信息'}
--- Step 11 ---
Path '/data/oss_bucket_0/qihang/gui_agent/images/ui_tars_zh_simulator/device1/instruction_26/sample_0/step_11.png' does not exist. Sleeping for 1 seconds...
Path '/data/oss_bucket_0/qihang/gui_agent/images/ui_tars_zh_simulator/device1/instruction_26/sample_0/step_11.png' does not exist. Sleeping for 1 seconds...
Path '/data/oss_bucket_0/qihang/gui_agent/images/ui_tars_zh_simulator/device1/instruction_26/sample_0/step_11.png' does not exist. Sleeping for 1 seconds...
Path '/data/oss_bucket_0/qihang/gui_agent/images/ui_tars_zh_simulator/device1/instruction_26/sample_0/step_11.png' does not exist. Sleeping for 1 seconds...
Path '/data/oss_bucket_0/qihang/gui_agent/images/ui_tars_zh_simulator/device1/instruction_26/sample_0/step_11.png' does not exist. Sleeping for 1 seconds...
Path '/data/oss_bucket_0/qihang/gui_agent/images/ui_tars_zh_simulator/device1/instruction_26/sample_0/step_11.png' does not exist. Sleeping for 1 seconds...
Path '/data/oss_bucket_0/qihang/gui_agent/images/ui_tars_zh_simulator/device1/instruction_26/sample_0/step_11.png' exists! Reading the file...
Path '/data/oss_bucket_0/qihang/gui_agent/images/ui_tars_zh_simulator/device1/instruction_26/sample_0/step_10.png' exists! Reading the file...
Model Thought/Action: {'app_name': '淘宝', 'arg1': '打开淘宝', 'arg2': '查看围巾的详细信息'}
--- Step 12 ---
Path '/data/oss_bucket_0/qihang/gui_agent/images/ui_tars_zh_simulator/device1/instruction_26/sample_0/step_12.png' does not exist. Sleeping for 1 seconds...
Path '/data/oss_bucket_0/qihang/gui_agent/images/ui_tars_zh_simulator/device1/instruction_26/sample_0/step_12.png' does not exist. Sleeping for 1 seconds...
Path '/data/oss_bucket_0/qihang/gui_agent/images/ui_tars_zh_simulator/device1/instruction_26/sample_0/step_12.png' does not exist. Sleeping for 1 seconds...
Path '/data/oss_bucket_0/qihang/gui_agent/images/ui_tars_zh_simulator/device1/instruction_26/sample_0/step_12.png' does not exist. Sleeping for 1 seconds...
Path '/data/oss_bucket_0/qihang/gui_agent/images/ui_tars_zh_simulator/device1/instruction_26/sample_0/step_12.png' does not exist. Sleeping for 1 seconds...
Path '/data/oss_bucket_0/qihang/gui_agent/images/ui_tars_zh_simulator/device1/instruction_26/sample_0/step_12.png' does not exist. Sleeping for 1 seconds...
Path '/data/oss_bucket_0/qihang/gui_agent/images/ui_tars_zh_simulator/device1/instruction_26/sample_0/step_12.png' exists! Reading the file...
Path '/data/oss_bucket_0/qihang/gui_agent/images/ui_tars_zh_simulator/device1/instruction_26/sample_0/step_11.png' exists! Reading the file...
Model Thought/Action: {'app_name': '淘宝', 'arg1': '打开淘宝', 'arg2': '查看围巾的详细信息'}
--- Step 13 ---
Path '/data/oss_bucket_0/qihang/gui_agent/images/ui_tars_zh_simulator/device1/instruction_26/sample_0/step_13.png' does not exist. Sleeping for 1 seconds...
Path '/data/oss_bucket_0/qihang/gui_agent/images/ui_tars_zh_simulator/device1/instruction_26/sample_0/step_13.png' does not exist. Sleeping for 1 seconds...
Path '/data/oss_bucket_0/qihang/gui_agent/images/ui_tars_zh_simulator/device1/instruction_26/sample_0/step_13.png' does not exist. Sleeping for 1 seconds...
Path '/data/oss_bucket_0/qihang/gui_agent/images/ui_tars_zh_simulator/device1/instruction_26/sample_0/step_13.png' does not exist. Sleeping for 1 seconds...
Path '/data/oss_bucket_0/qihang/gui_agent/images/ui_tars_zh_simulator/device1/instruction_26/sample_0/step_13.png' does not exist. Sleeping for 1 seconds...
Path '/data/oss_bucket_0/qihang/gui_agent/images/ui_tars_zh_simulator/device1/instruction_26/sample_0/step_13.png' does not exist. Sleeping for 1 seconds...
Path '/data/oss_bucket_0/qihang/gui_agent/images/ui_tars_zh_simulator/device1/instruction_26/sample_0/step_13.png' exists! Reading the file...
Path '/data/oss_bucket_0/qihang/gui_agent/images/ui_tars_zh_simulator/device1/instruction_26/sample_0/step_12.png' exists! Reading the file...
Model Thought/Action: {'app_name': '淘宝', 'arg1': '打开淘宝', 'arg2': '查看围巾的详细信息'}
--- Step 14 ---
Path '/data/oss_bucket_0/qihang/gui_agent/images/ui_tars_zh_simulator/device1/instruction_26/sample_0/step_14.png' does not exist. Sleeping for 1 seconds...
Path '/data/oss_bucket_0/qihang/gui_agent/images/ui_tars_zh_simulator/device1/instruction_26/sample_0/step_14.png' does not exist. Sleeping for 1 seconds...
Path '/data/oss_bucket_0/qihang/gui_agent/images/ui_tars_zh_simulator/device1/instruction_26/sample_0/step_14.png' does not exist. Sleeping for 1 seconds...
Path '/data/oss_bucket_0/qihang/gui_agent/images/ui_tars_zh_simulator/device1/instruction_26/sample_0/step_14.png' does not exist. Sleeping for 1 seconds...
Path '/data/oss_bucket_0/qihang/gui_agent/images/ui_tars_zh_simulator/device1/instruction_26/sample_0/step_14.png' does not exist. Sleeping for 1 seconds...
Path '/data/oss_bucket_0/qihang/gui_agent/images/ui_tars_zh_simulator/device1/instruction_26/sample_0/step_14.png' does not exist. Sleeping for 1 seconds...
Path '/data/oss_bucket_0/qihang/gui_agent/images/ui_tars_zh_simulator/device1/instruction_26/sample_0/step_14.png' exists! Reading the file...
Path '/data/oss_bucket_0/qihang/gui_agent/images/ui_tars_zh_simulator/device1/instruction_26/sample_0/step_13.png' exists! Reading the file...
Model Thought/Action: {'app_name': '淘宝', 'arg1': '打开淘宝', 'arg2': '查看围巾的详细信息'}
--- Judging with GPT-4o ---
GPT-4o Evaluation Response: {'reason': 'The agent repeatedly attempted to open the Taobao app but failed to make any progress. The screenshots show no change in the state of the interface, indicating that the actions were ineffective. The task was not completed, and there was no meaningful interaction or progress towards the goal.', 'reward': 0, 'status': 'failure', 'inquiry': 'failure'}
Evaluating Instructions:  63%|██████▎   | 26/41 [1:12:25<37:48, 151.25s/it]
===== Evaluating Instruction 27/41 =====
Instruction: 我今天发现我的围巾已经三年没换了。
--- Step 0 ---
Path '/data/oss_bucket_0/qihang/gui_agent/images/ui_tars_zh_simulator/device1/instruction_27/sample_0/step_0.png' exists! Reading the file...
Model Thought/Action: {'is_home': False, 'is_home_min': 0.01, 'is_home_max': 0.99}
--- Step 1 ---
Path '/data/oss_bucket_0/qihang/gui_agent/images/ui_tars_zh_simulator/device1/instruction_27/sample_0/step_1.png' does not exist. Sleeping for 1 seconds...
Path '/data/oss_bucket_0/qihang/gui_agent/images/ui_tars_zh_simulator/device1/instruction_27/sample_0/step_1.png' does not exist. Sleeping for 1 seconds...
Path '/data/oss_bucket_0/qihang/gui_agent/images/ui_tars_zh_simulator/device1/instruction_27/sample_0/step_1.png' does not exist. Sleeping for 1 seconds...
Path '/data/oss_bucket_0/qihang/gui_agent/images/ui_tars_zh_simulator/device1/instruction_27/sample_0/step_1.png' does not exist. Sleeping for 1 seconds...
Path '/data/oss_bucket_0/qihang/gui_agent/images/ui_tars_zh_simulator/device1/instruction_27/sample_0/step_1.png' does not exist. Sleeping for 1 seconds...
Path '/data/oss_bucket_0/qihang/gui_agent/images/ui_tars_zh_simulator/device1/instruction_27/sample_0/step_1.png' does not exist. Sleeping for 1 seconds...
Path '/data/oss_bucket_0/qihang/gui_agent/images/ui_tars_zh_simulator/device1/instruction_27/sample_0/step_1.png' does not exist. Sleeping for 1 seconds...
Path '/data/oss_bucket_0/qihang/gui_agent/images/ui_tars_zh_simulator/device1/instruction_27/sample_0/step_1.png' does not exist. Sleeping for 1 seconds...
Path '/data/oss_bucket_0/qihang/gui_agent/images/ui_tars_zh_simulator/device1/instruction_27/sample_0/step_1.png' does not exist. Sleeping for 1 seconds...
Path '/data/oss_bucket_0/qihang/gui_agent/images/ui_tars_zh_simulator/device1/instruction_27/sample_0/step_1.png' does not exist. Sleeping for 1 seconds...
Path '/data/oss_bucket_0/qihang/gui_agent/images/ui_tars_zh_simulator/device1/instruction_27/sample_0/step_1.png' does not exist. Sleeping for 1 seconds...
Path '/data/oss_bucket_0/qihang/gui_agent/images/ui_tars_zh_simulator/device1/instruction_27/sample_0/step_1.png' does not exist. Sleeping for 1 seconds...
Path '/data/oss_bucket_0/qihang/gui_agent/images/ui_tars_zh_simulator/device1/instruction_27/sample_0/step_1.png' does not exist. Sleeping for 1 seconds...
Path '/data/oss_bucket_0/qihang/gui_agent/images/ui_tars_zh_simulator/device1/instruction_27/sample_0/step_1.png' does not exist. Sleeping for 1 seconds...
Path '/data/oss_bucket_0/qihang/gui_agent/images/ui_tars_zh_simulator/device1/instruction_27/sample_0/step_1.png' does not exist. Sleeping for 1 seconds...
Path '/data/oss_bucket_0/qihang/gui_agent/images/ui_tars_zh_simulator/device1/instruction_27/sample_0/step_1.png' does not exist. Sleeping for 1 seconds...
Path '/data/oss_bucket_0/qihang/gui_agent/images/ui_tars_zh_simulator/device1/instruction_27/sample_0/step_1.png' does not exist. Sleeping for 1 seconds...
Path '/data/oss_bucket_0/qihang/gui_agent/images/ui_tars_zh_simulator/device1/instruction_27/sample_0/step_1.png' does not exist. Sleeping for 1 seconds...
Path '/data/oss_bucket_0/qihang/gui_agent/images/ui_tars_zh_simulator/device1/instruction_27/sample_0/step_1.png' exists! Reading the file...
Path '/data/oss_bucket_0/qihang/gui_agent/images/ui_tars_zh_simulator/device1/instruction_27/sample_0/step_0.png' exists! Reading the file...
Model Thought/Action: {'is_home': False, 'is_home_min': 0.01, 'is_home_max': 0.99}
--- Step 2 ---
Path '/data/oss_bucket_0/qihang/gui_agent/images/ui_tars_zh_simulator/device1/instruction_27/sample_0/step_2.png' does not exist. Sleeping for 1 seconds...
Path '/data/oss_bucket_0/qihang/gui_agent/images/ui_tars_zh_simulator/device1/instruction_27/sample_0/step_2.png' does not exist. Sleeping for 1 seconds...
Path '/data/oss_bucket_0/qihang/gui_agent/images/ui_tars_zh_simulator/device1/instruction_27/sample_0/step_2.png' does not exist. Sleeping for 1 seconds...
Path '/data/oss_bucket_0/qihang/gui_agent/images/ui_tars_zh_simulator/device1/instruction_27/sample_0/step_2.png' does not exist. Sleeping for 1 seconds...
Path '/data/oss_bucket_0/qihang/gui_agent/images/ui_tars_zh_simulator/device1/instruction_27/sample_0/step_2.png' does not exist. Sleeping for 1 seconds...
Path '/data/oss_bucket_0/qihang/gui_agent/images/ui_tars_zh_simulator/device1/instruction_27/sample_0/step_2.png' does not exist. Sleeping for 1 seconds...
Path '/data/oss_bucket_0/qihang/gui_agent/images/ui_tars_zh_simulator/device1/instruction_27/sample_0/step_2.png' exists! Reading the file...
Path '/data/oss_bucket_0/qihang/gui_agent/images/ui_tars_zh_simulator/device1/instruction_27/sample_0/step_1.png' exists! Reading the file...
Model Thought/Action: {'is_home': False, 'is_home_min': 0.01, 'is_home_max': 0.99}
--- Step 3 ---
Path '/data/oss_bucket_0/qihang/gui_agent/images/ui_tars_zh_simulator/device1/instruction_27/sample_0/step_3.png' does not exist. Sleeping for 1 seconds...
Path '/data/oss_bucket_0/qihang/gui_agent/images/ui_tars_zh_simulator/device1/instruction_27/sample_0/step_3.png' does not exist. Sleeping for 1 seconds...
Path '/data/oss_bucket_0/qihang/gui_agent/images/ui_tars_zh_simulator/device1/instruction_27/sample_0/step_3.png' does not exist. Sleeping for 1 seconds...
Path '/data/oss_bucket_0/qihang/gui_agent/images/ui_tars_zh_simulator/device1/instruction_27/sample_0/step_3.png' does not exist. Sleeping for 1 seconds...
Path '/data/oss_bucket_0/qihang/gui_agent/images/ui_tars_zh_simulator/device1/instruction_27/sample_0/step_3.png' does not exist. Sleeping for 1 seconds...
Path '/data/oss_bucket_0/qihang/gui_agent/images/ui_tars_zh_simulator/device1/instruction_27/sample_0/step_3.png' does not exist. Sleeping for 1 seconds...
Path '/data/oss_bucket_0/qihang/gui_agent/images/ui_tars_zh_simulator/device1/instruction_27/sample_0/step_3.png' exists! Reading the file...
Path '/data/oss_bucket_0/qihang/gui_agent/images/ui_tars_zh_simulator/device1/instruction_27/sample_0/step_2.png' exists! Reading the file...
Model Thought/Action: {'is_home': False, 'is_home_min': 0.01, 'is_home_max': 0.99}
--- Step 4 ---
Path '/data/oss_bucket_0/qihang/gui_agent/images/ui_tars_zh_simulator/device1/instruction_27/sample_0/step_4.png' does not exist. Sleeping for 1 seconds...
Path '/data/oss_bucket_0/qihang/gui_agent/images/ui_tars_zh_simulator/device1/instruction_27/sample_0/step_4.png' does not exist. Sleeping for 1 seconds...
Path '/data/oss_bucket_0/qihang/gui_agent/images/ui_tars_zh_simulator/device1/instruction_27/sample_0/step_4.png' does not exist. Sleeping for 1 seconds...
Path '/data/oss_bucket_0/qihang/gui_agent/images/ui_tars_zh_simulator/device1/instruction_27/sample_0/step_4.png' does not exist. Sleeping for 1 seconds...
Path '/data/oss_bucket_0/qihang/gui_agent/images/ui_tars_zh_simulator/device1/instruction_27/sample_0/step_4.png' does not exist. Sleeping for 1 seconds...
Path '/data/oss_bucket_0/qihang/gui_agent/images/ui_tars_zh_simulator/device1/instruction_27/sample_0/step_4.png' does not exist. Sleeping for 1 seconds...
Path '/data/oss_bucket_0/qihang/gui_agent/images/ui_tars_zh_simulator/device1/instruction_27/sample_0/step_4.png' exists! Reading the file...
Path '/data/oss_bucket_0/qihang/gui_agent/images/ui_tars_zh_simulator/device1/instruction_27/sample_0/step_3.png' exists! Reading the file...
Model Thought/Action: {'is_home': False, 'is_home_min': 0.01, 'is_home_max': 0.99}
--- Step 5 ---
Path '/data/oss_bucket_0/qihang/gui_agent/images/ui_tars_zh_simulator/device1/instruction_27/sample_0/step_5.png' does not exist. Sleeping for 1 seconds...
Path '/data/oss_bucket_0/qihang/gui_agent/images/ui_tars_zh_simulator/device1/instruction_27/sample_0/step_5.png' does not exist. Sleeping for 1 seconds...
Path '/data/oss_bucket_0/qihang/gui_agent/images/ui_tars_zh_simulator/device1/instruction_27/sample_0/step_5.png' does not exist. Sleeping for 1 seconds...
Path '/data/oss_bucket_0/qihang/gui_agent/images/ui_tars_zh_simulator/device1/instruction_27/sample_0/step_5.png' does not exist. Sleeping for 1 seconds...
Path '/data/oss_bucket_0/qihang/gui_agent/images/ui_tars_zh_simulator/device1/instruction_27/sample_0/step_5.png' does not exist. Sleeping for 1 seconds...
Path '/data/oss_bucket_0/qihang/gui_agent/images/ui_tars_zh_simulator/device1/instruction_27/sample_0/step_5.png' does not exist. Sleeping for 1 seconds...
Path '/data/oss_bucket_0/qihang/gui_agent/images/ui_tars_zh_simulator/device1/instruction_27/sample_0/step_5.png' exists! Reading the file...
Path '/data/oss_bucket_0/qihang/gui_agent/images/ui_tars_zh_simulator/device1/instruction_27/sample_0/step_4.png' exists! Reading the file...
Model Thought/Action: {'is_home': False, 'is_home_min': 0.01, 'is_home_max': 0.99}
--- Step 6 ---
Path '/data/oss_bucket_0/qihang/gui_agent/images/ui_tars_zh_simulator/device1/instruction_27/sample_0/step_6.png' does not exist. Sleeping for 1 seconds...
Path '/data/oss_bucket_0/qihang/gui_agent/images/ui_tars_zh_simulator/device1/instruction_27/sample_0/step_6.png' does not exist. Sleeping for 1 seconds...
Path '/data/oss_bucket_0/qihang/gui_agent/images/ui_tars_zh_simulator/device1/instruction_27/sample_0/step_6.png' does not exist. Sleeping for 1 seconds...
Path '/data/oss_bucket_0/qihang/gui_agent/images/ui_tars_zh_simulator/device1/instruction_27/sample_0/step_6.png' does not exist. Sleeping for 1 seconds...
Path '/data/oss_bucket_0/qihang/gui_agent/images/ui_tars_zh_simulator/device1/instruction_27/sample_0/step_6.png' does not exist. Sleeping for 1 seconds...
Path '/data/oss_bucket_0/qihang/gui_agent/images/ui_tars_zh_simulator/device1/instruction_27/sample_0/step_6.png' does not exist. Sleeping for 1 seconds...
Path '/data/oss_bucket_0/qihang/gui_agent/images/ui_tars_zh_simulator/device1/instruction_27/sample_0/step_6.png' exists! Reading the file...
Path '/data/oss_bucket_0/qihang/gui_agent/images/ui_tars_zh_simulator/device1/instruction_27/sample_0/step_5.png' exists! Reading the file...
Model Thought/Action: {'is_home': False, 'is_home_min': 0.01, 'is_home_max': 0.99}
--- Step 7 ---
Path '/data/oss_bucket_0/qihang/gui_agent/images/ui_tars_zh_simulator/device1/instruction_27/sample_0/step_7.png' does not exist. Sleeping for 1 seconds...
Path '/data/oss_bucket_0/qihang/gui_agent/images/ui_tars_zh_simulator/device1/instruction_27/sample_0/step_7.png' does not exist. Sleeping for 1 seconds...
Path '/data/oss_bucket_0/qihang/gui_agent/images/ui_tars_zh_simulator/device1/instruction_27/sample_0/step_7.png' does not exist. Sleeping for 1 seconds...
Path '/data/oss_bucket_0/qihang/gui_agent/images/ui_tars_zh_simulator/device1/instruction_27/sample_0/step_7.png' does not exist. Sleeping for 1 seconds...
Path '/data/oss_bucket_0/qihang/gui_agent/images/ui_tars_zh_simulator/device1/instruction_27/sample_0/step_7.png' does not exist. Sleeping for 1 seconds...
Path '/data/oss_bucket_0/qihang/gui_agent/images/ui_tars_zh_simulator/device1/instruction_27/sample_0/step_7.png' does not exist. Sleeping for 1 seconds...
Path '/data/oss_bucket_0/qihang/gui_agent/images/ui_tars_zh_simulator/device1/instruction_27/sample_0/step_7.png' exists! Reading the file...
Path '/data/oss_bucket_0/qihang/gui_agent/images/ui_tars_zh_simulator/device1/instruction_27/sample_0/step_6.png' exists! Reading the file...
Model Thought/Action: {'is_home': False, 'is_home_min': 0.01, 'is_home_max': 0.99}
--- Step 8 ---
Path '/data/oss_bucket_0/qihang/gui_agent/images/ui_tars_zh_simulator/device1/instruction_27/sample_0/step_8.png' does not exist. Sleeping for 1 seconds...
Path '/data/oss_bucket_0/qihang/gui_agent/images/ui_tars_zh_simulator/device1/instruction_27/sample_0/step_8.png' does not exist. Sleeping for 1 seconds...
Path '/data/oss_bucket_0/qihang/gui_agent/images/ui_tars_zh_simulator/device1/instruction_27/sample_0/step_8.png' does not exist. Sleeping for 1 seconds...
Path '/data/oss_bucket_0/qihang/gui_agent/images/ui_tars_zh_simulator/device1/instruction_27/sample_0/step_8.png' does not exist. Sleeping for 1 seconds...
Path '/data/oss_bucket_0/qihang/gui_agent/images/ui_tars_zh_simulator/device1/instruction_27/sample_0/step_8.png' does not exist. Sleeping for 1 seconds...
Path '/data/oss_bucket_0/qihang/gui_agent/images/ui_tars_zh_simulator/device1/instruction_27/sample_0/step_8.png' does not exist. Sleeping for 1 seconds...
Path '/data/oss_bucket_0/qihang/gui_agent/images/ui_tars_zh_simulator/device1/instruction_27/sample_0/step_8.png' exists! Reading the file...
Path '/data/oss_bucket_0/qihang/gui_agent/images/ui_tars_zh_simulator/device1/instruction_27/sample_0/step_7.png' exists! Reading the file...
Model Thought/Action: {'is_home': False, 'is_home_min': 0.01, 'is_home_max': 0.99}
--- Step 9 ---
Path '/data/oss_bucket_0/qihang/gui_agent/images/ui_tars_zh_simulator/device1/instruction_27/sample_0/step_9.png' does not exist. Sleeping for 1 seconds...
Path '/data/oss_bucket_0/qihang/gui_agent/images/ui_tars_zh_simulator/device1/instruction_27/sample_0/step_9.png' does not exist. Sleeping for 1 seconds...
Path '/data/oss_bucket_0/qihang/gui_agent/images/ui_tars_zh_simulator/device1/instruction_27/sample_0/step_9.png' does not exist. Sleeping for 1 seconds...
Path '/data/oss_bucket_0/qihang/gui_agent/images/ui_tars_zh_simulator/device1/instruction_27/sample_0/step_9.png' does not exist. Sleeping for 1 seconds...
Path '/data/oss_bucket_0/qihang/gui_agent/images/ui_tars_zh_simulator/device1/instruction_27/sample_0/step_9.png' does not exist. Sleeping for 1 seconds...
Path '/data/oss_bucket_0/qihang/gui_agent/images/ui_tars_zh_simulator/device1/instruction_27/sample_0/step_9.png' does not exist. Sleeping for 1 seconds...
Path '/data/oss_bucket_0/qihang/gui_agent/images/ui_tars_zh_simulator/device1/instruction_27/sample_0/step_9.png' exists! Reading the file...
Path '/data/oss_bucket_0/qihang/gui_agent/images/ui_tars_zh_simulator/device1/instruction_27/sample_0/step_8.png' exists! Reading the file...
Model Thought/Action: {'is_home': False, 'is_home_min': 0.01, 'is_home_max': 0.99}
--- Step 10 ---
Path '/data/oss_bucket_0/qihang/gui_agent/images/ui_tars_zh_simulator/device1/instruction_27/sample_0/step_10.png' does not exist. Sleeping for 1 seconds...
Path '/data/oss_bucket_0/qihang/gui_agent/images/ui_tars_zh_simulator/device1/instruction_27/sample_0/step_10.png' does not exist. Sleeping for 1 seconds...
Path '/data/oss_bucket_0/qihang/gui_agent/images/ui_tars_zh_simulator/device1/instruction_27/sample_0/step_10.png' does not exist. Sleeping for 1 seconds...
Path '/data/oss_bucket_0/qihang/gui_agent/images/ui_tars_zh_simulator/device1/instruction_27/sample_0/step_10.png' does not exist. Sleeping for 1 seconds...
Path '/data/oss_bucket_0/qihang/gui_agent/images/ui_tars_zh_simulator/device1/instruction_27/sample_0/step_10.png' does not exist. Sleeping for 1 seconds...
Path '/data/oss_bucket_0/qihang/gui_agent/images/ui_tars_zh_simulator/device1/instruction_27/sample_0/step_10.png' does not exist. Sleeping for 1 seconds...
Path '/data/oss_bucket_0/qihang/gui_agent/images/ui_tars_zh_simulator/device1/instruction_27/sample_0/step_10.png' does not exist. Sleeping for 1 seconds...
Path '/data/oss_bucket_0/qihang/gui_agent/images/ui_tars_zh_simulator/device1/instruction_27/sample_0/step_10.png' does not exist. Sleeping for 1 seconds...
Path '/data/oss_bucket_0/qihang/gui_agent/images/ui_tars_zh_simulator/device1/instruction_27/sample_0/step_10.png' does not exist. Sleeping for 1 seconds...
Path '/data/oss_bucket_0/qihang/gui_agent/images/ui_tars_zh_simulator/device1/instruction_27/sample_0/step_10.png' does not exist. Sleeping for 1 seconds...
Path '/data/oss_bucket_0/qihang/gui_agent/images/ui_tars_zh_simulator/device1/instruction_27/sample_0/step_10.png' does not exist. Sleeping for 1 seconds...
Path '/data/oss_bucket_0/qihang/gui_agent/images/ui_tars_zh_simulator/device1/instruction_27/sample_0/step_10.png' does not exist. Sleeping for 1 seconds...
Path '/data/oss_bucket_0/qihang/gui_agent/images/ui_tars_zh_simulator/device1/instruction_27/sample_0/step_10.png' does not exist. Sleeping for 1 seconds...
Path '/data/oss_bucket_0/qihang/gui_agent/images/ui_tars_zh_simulator/device1/instruction_27/sample_0/step_10.png' does not exist. Sleeping for 1 seconds...
Path '/data/oss_bucket_0/qihang/gui_agent/images/ui_tars_zh_simulator/device1/instruction_27/sample_0/step_10.png' does not exist. Sleeping for 1 seconds...
Path '/data/oss_bucket_0/qihang/gui_agent/images/ui_tars_zh_simulator/device1/instruction_27/sample_0/step_10.png' does not exist. Sleeping for 1 seconds...
Path '/data/oss_bucket_0/qihang/gui_agent/images/ui_tars_zh_simulator/device1/instruction_27/sample_0/step_10.png' does not exist. Sleeping for 1 seconds...
Path '/data/oss_bucket_0/qihang/gui_agent/images/ui_tars_zh_simulator/device1/instruction_27/sample_0/step_10.png' does not exist. Sleeping for 1 seconds...
Path '/data/oss_bucket_0/qihang/gui_agent/images/ui_tars_zh_simulator/device1/instruction_27/sample_0/step_10.png' exists! Reading the file...
Path '/data/oss_bucket_0/qihang/gui_agent/images/ui_tars_zh_simulator/device1/instruction_27/sample_0/step_9.png' exists! Reading the file...
Model Thought/Action: {'is_home': False, 'is_home_min': 0.01, 'is_home_max': 0.99}
--- Step 11 ---
Path '/data/oss_bucket_0/qihang/gui_agent/images/ui_tars_zh_simulator/device1/instruction_27/sample_0/step_11.png' does not exist. Sleeping for 1 seconds...
Path '/data/oss_bucket_0/qihang/gui_agent/images/ui_tars_zh_simulator/device1/instruction_27/sample_0/step_11.png' does not exist. Sleeping for 1 seconds...
Path '/data/oss_bucket_0/qihang/gui_agent/images/ui_tars_zh_simulator/device1/instruction_27/sample_0/step_11.png' does not exist. Sleeping for 1 seconds...
Path '/data/oss_bucket_0/qihang/gui_agent/images/ui_tars_zh_simulator/device1/instruction_27/sample_0/step_11.png' does not exist. Sleeping for 1 seconds...
Path '/data/oss_bucket_0/qihang/gui_agent/images/ui_tars_zh_simulator/device1/instruction_27/sample_0/step_11.png' does not exist. Sleeping for 1 seconds...
Path '/data/oss_bucket_0/qihang/gui_agent/images/ui_tars_zh_simulator/device1/instruction_27/sample_0/step_11.png' does not exist. Sleeping for 1 seconds...
Path '/data/oss_bucket_0/qihang/gui_agent/images/ui_tars_zh_simulator/device1/instruction_27/sample_0/step_11.png' exists! Reading the file...
Path '/data/oss_bucket_0/qihang/gui_agent/images/ui_tars_zh_simulator/device1/instruction_27/sample_0/step_10.png' exists! Reading the file...
Model Thought/Action: {'is_home': False, 'is_home_min': 0.01, 'is_home_max': 0.99}
--- Step 12 ---
Path '/data/oss_bucket_0/qihang/gui_agent/images/ui_tars_zh_simulator/device1/instruction_27/sample_0/step_12.png' does not exist. Sleeping for 1 seconds...
Path '/data/oss_bucket_0/qihang/gui_agent/images/ui_tars_zh_simulator/device1/instruction_27/sample_0/step_12.png' does not exist. Sleeping for 1 seconds...
Path '/data/oss_bucket_0/qihang/gui_agent/images/ui_tars_zh_simulator/device1/instruction_27/sample_0/step_12.png' does not exist. Sleeping for 1 seconds...
Path '/data/oss_bucket_0/qihang/gui_agent/images/ui_tars_zh_simulator/device1/instruction_27/sample_0/step_12.png' does not exist. Sleeping for 1 seconds...
Path '/data/oss_bucket_0/qihang/gui_agent/images/ui_tars_zh_simulator/device1/instruction_27/sample_0/step_12.png' does not exist. Sleeping for 1 seconds...
Path '/data/oss_bucket_0/qihang/gui_agent/images/ui_tars_zh_simulator/device1/instruction_27/sample_0/step_12.png' does not exist. Sleeping for 1 seconds...
Path '/data/oss_bucket_0/qihang/gui_agent/images/ui_tars_zh_simulator/device1/instruction_27/sample_0/step_12.png' exists! Reading the file...
Path '/data/oss_bucket_0/qihang/gui_agent/images/ui_tars_zh_simulator/device1/instruction_27/sample_0/step_11.png' exists! Reading the file...
Model Thought/Action: {'is_home': False, 'is_home_min': 0.01, 'is_home_max': 0.99}
--- Step 13 ---
Path '/data/oss_bucket_0/qihang/gui_agent/images/ui_tars_zh_simulator/device1/instruction_27/sample_0/step_13.png' does not exist. Sleeping for 1 seconds...
Path '/data/oss_bucket_0/qihang/gui_agent/images/ui_tars_zh_simulator/device1/instruction_27/sample_0/step_13.png' does not exist. Sleeping for 1 seconds...
Path '/data/oss_bucket_0/qihang/gui_agent/images/ui_tars_zh_simulator/device1/instruction_27/sample_0/step_13.png' does not exist. Sleeping for 1 seconds...
Path '/data/oss_bucket_0/qihang/gui_agent/images/ui_tars_zh_simulator/device1/instruction_27/sample_0/step_13.png' does not exist. Sleeping for 1 seconds...
Path '/data/oss_bucket_0/qihang/gui_agent/images/ui_tars_zh_simulator/device1/instruction_27/sample_0/step_13.png' does not exist. Sleeping for 1 seconds...
Path '/data/oss_bucket_0/qihang/gui_agent/images/ui_tars_zh_simulator/device1/instruction_27/sample_0/step_13.png' does not exist. Sleeping for 1 seconds...
Path '/data/oss_bucket_0/qihang/gui_agent/images/ui_tars_zh_simulator/device1/instruction_27/sample_0/step_13.png' exists! Reading the file...
Path '/data/oss_bucket_0/qihang/gui_agent/images/ui_tars_zh_simulator/device1/instruction_27/sample_0/step_12.png' exists! Reading the file...
Model Thought/Action: {'is_home': False, 'is_home_min': 0.01, 'is_home_max': 0.99}
--- Step 14 ---
Path '/data/oss_bucket_0/qihang/gui_agent/images/ui_tars_zh_simulator/device1/instruction_27/sample_0/step_14.png' does not exist. Sleeping for 1 seconds...
Path '/data/oss_bucket_0/qihang/gui_agent/images/ui_tars_zh_simulator/device1/instruction_27/sample_0/step_14.png' does not exist. Sleeping for 1 seconds...
Path '/data/oss_bucket_0/qihang/gui_agent/images/ui_tars_zh_simulator/device1/instruction_27/sample_0/step_14.png' does not exist. Sleeping for 1 seconds...
Path '/data/oss_bucket_0/qihang/gui_agent/images/ui_tars_zh_simulator/device1/instruction_27/sample_0/step_14.png' does not exist. Sleeping for 1 seconds...
Path '/data/oss_bucket_0/qihang/gui_agent/images/ui_tars_zh_simulator/device1/instruction_27/sample_0/step_14.png' does not exist. Sleeping for 1 seconds...
Path '/data/oss_bucket_0/qihang/gui_agent/images/ui_tars_zh_simulator/device1/instruction_27/sample_0/step_14.png' does not exist. Sleeping for 1 seconds...
Path '/data/oss_bucket_0/qihang/gui_agent/images/ui_tars_zh_simulator/device1/instruction_27/sample_0/step_14.png' exists! Reading the file...
Path '/data/oss_bucket_0/qihang/gui_agent/images/ui_tars_zh_simulator/device1/instruction_27/sample_0/step_13.png' exists! Reading the file...
Model Thought/Action: {'is_home': False, 'is_home_min': 0.01, 'is_home_max': 0.99}
--- Judging with GPT-4o ---
GPT-4o Evaluation Response: {'reason': 'The agent repeatedly attempted to open the Taobao app but failed to make any progress. The screenshots show no change in the interface, indicating that the app was never successfully opened. The actions were redundant and did not contribute to achieving the task. There was no attempt to interact with the user for further instructions or troubleshooting.', 'reward': 0, 'status': 'failure', 'inquiry': 'failure'}
Evaluating Instructions:  66%|██████▌   | 27/41 [1:15:18<36:48, 157.72s/it]
===== Evaluating Instruction 28/41 =====
Instruction: 我今天滑雪把我的手套弄丢了。
--- Step 0 ---
Path '/data/oss_bucket_0/qihang/gui_agent/images/ui_tars_zh_simulator/device1/instruction_28/sample_0/step_0.png' exists! Reading the file...
Model Thought/Action: {'action': 'continue', 'thought': 'No tool call found.'}
--- Step 1 ---
Path '/data/oss_bucket_0/qihang/gui_agent/images/ui_tars_zh_simulator/device1/instruction_28/sample_0/step_1.png' does not exist. Sleeping for 1 seconds...
Path '/data/oss_bucket_0/qihang/gui_agent/images/ui_tars_zh_simulator/device1/instruction_28/sample_0/step_1.png' does not exist. Sleeping for 1 seconds...
Path '/data/oss_bucket_0/qihang/gui_agent/images/ui_tars_zh_simulator/device1/instruction_28/sample_0/step_1.png' does not exist. Sleeping for 1 seconds...
Path '/data/oss_bucket_0/qihang/gui_agent/images/ui_tars_zh_simulator/device1/instruction_28/sample_0/step_1.png' does not exist. Sleeping for 1 seconds...
Path '/data/oss_bucket_0/qihang/gui_agent/images/ui_tars_zh_simulator/device1/instruction_28/sample_0/step_1.png' does not exist. Sleeping for 1 seconds...
Path '/data/oss_bucket_0/qihang/gui_agent/images/ui_tars_zh_simulator/device1/instruction_28/sample_0/step_1.png' does not exist. Sleeping for 1 seconds...
Path '/data/oss_bucket_0/qihang/gui_agent/images/ui_tars_zh_simulator/device1/instruction_28/sample_0/step_1.png' does not exist. Sleeping for 1 seconds...
Path '/data/oss_bucket_0/qihang/gui_agent/images/ui_tars_zh_simulator/device1/instruction_28/sample_0/step_1.png' does not exist. Sleeping for 1 seconds...
Path '/data/oss_bucket_0/qihang/gui_agent/images/ui_tars_zh_simulator/device1/instruction_28/sample_0/step_1.png' does not exist. Sleeping for 1 seconds...
Path '/data/oss_bucket_0/qihang/gui_agent/images/ui_tars_zh_simulator/device1/instruction_28/sample_0/step_1.png' does not exist. Sleeping for 1 seconds...
Path '/data/oss_bucket_0/qihang/gui_agent/images/ui_tars_zh_simulator/device1/instruction_28/sample_0/step_1.png' does not exist. Sleeping for 1 seconds...
Path '/data/oss_bucket_0/qihang/gui_agent/images/ui_tars_zh_simulator/device1/instruction_28/sample_0/step_1.png' does not exist. Sleeping for 1 seconds...
Path '/data/oss_bucket_0/qihang/gui_agent/images/ui_tars_zh_simulator/device1/instruction_28/sample_0/step_1.png' does not exist. Sleeping for 1 seconds...
Path '/data/oss_bucket_0/qihang/gui_agent/images/ui_tars_zh_simulator/device1/instruction_28/sample_0/step_1.png' does not exist. Sleeping for 1 seconds...
Path '/data/oss_bucket_0/qihang/gui_agent/images/ui_tars_zh_simulator/device1/instruction_28/sample_0/step_1.png' does not exist. Sleeping for 1 seconds...
Path '/data/oss_bucket_0/qihang/gui_agent/images/ui_tars_zh_simulator/device1/instruction_28/sample_0/step_1.png' does not exist. Sleeping for 1 seconds...
Path '/data/oss_bucket_0/qihang/gui_agent/images/ui_tars_zh_simulator/device1/instruction_28/sample_0/step_1.png' does not exist. Sleeping for 1 seconds...
Path '/data/oss_bucket_0/qihang/gui_agent/images/ui_tars_zh_simulator/device1/instruction_28/sample_0/step_1.png' does not exist. Sleeping for 1 seconds...
Path '/data/oss_bucket_0/qihang/gui_agent/images/ui_tars_zh_simulator/device1/instruction_28/sample_0/step_1.png' exists! Reading the file...
Path '/data/oss_bucket_0/qihang/gui_agent/images/ui_tars_zh_simulator/device1/instruction_28/sample_0/step_0.png' exists! Reading the file...
Model Thought/Action: {'action': 'continue', 'thought': 'No tool call found.'}
--- Step 2 ---
Path '/data/oss_bucket_0/qihang/gui_agent/images/ui_tars_zh_simulator/device1/instruction_28/sample_0/step_2.png' does not exist. Sleeping for 1 seconds...
Path '/data/oss_bucket_0/qihang/gui_agent/images/ui_tars_zh_simulator/device1/instruction_28/sample_0/step_2.png' does not exist. Sleeping for 1 seconds...
Path '/data/oss_bucket_0/qihang/gui_agent/images/ui_tars_zh_simulator/device1/instruction_28/sample_0/step_2.png' does not exist. Sleeping for 1 seconds...
Path '/data/oss_bucket_0/qihang/gui_agent/images/ui_tars_zh_simulator/device1/instruction_28/sample_0/step_2.png' does not exist. Sleeping for 1 seconds...
Path '/data/oss_bucket_0/qihang/gui_agent/images/ui_tars_zh_simulator/device1/instruction_28/sample_0/step_2.png' does not exist. Sleeping for 1 seconds...
Path '/data/oss_bucket_0/qihang/gui_agent/images/ui_tars_zh_simulator/device1/instruction_28/sample_0/step_2.png' does not exist. Sleeping for 1 seconds...
Path '/data/oss_bucket_0/qihang/gui_agent/images/ui_tars_zh_simulator/device1/instruction_28/sample_0/step_2.png' exists! Reading the file...
Path '/data/oss_bucket_0/qihang/gui_agent/images/ui_tars_zh_simulator/device1/instruction_28/sample_0/step_1.png' exists! Reading the file...
Model Thought/Action: {'action': 'continue', 'thought': 'No tool call found.'}
--- Step 3 ---
Path '/data/oss_bucket_0/qihang/gui_agent/images/ui_tars_zh_simulator/device1/instruction_28/sample_0/step_3.png' does not exist. Sleeping for 1 seconds...
Path '/data/oss_bucket_0/qihang/gui_agent/images/ui_tars_zh_simulator/device1/instruction_28/sample_0/step_3.png' does not exist. Sleeping for 1 seconds...
Path '/data/oss_bucket_0/qihang/gui_agent/images/ui_tars_zh_simulator/device1/instruction_28/sample_0/step_3.png' does not exist. Sleeping for 1 seconds...
Path '/data/oss_bucket_0/qihang/gui_agent/images/ui_tars_zh_simulator/device1/instruction_28/sample_0/step_3.png' does not exist. Sleeping for 1 seconds...
Path '/data/oss_bucket_0/qihang/gui_agent/images/ui_tars_zh_simulator/device1/instruction_28/sample_0/step_3.png' does not exist. Sleeping for 1 seconds...
Path '/data/oss_bucket_0/qihang/gui_agent/images/ui_tars_zh_simulator/device1/instruction_28/sample_0/step_3.png' does not exist. Sleeping for 1 seconds...
Path '/data/oss_bucket_0/qihang/gui_agent/images/ui_tars_zh_simulator/device1/instruction_28/sample_0/step_3.png' exists! Reading the file...
Path '/data/oss_bucket_0/qihang/gui_agent/images/ui_tars_zh_simulator/device1/instruction_28/sample_0/step_2.png' exists! Reading the file...
Model Thought/Action: {'action': 'continue', 'thought': 'No tool call found.'}
--- Step 4 ---
Path '/data/oss_bucket_0/qihang/gui_agent/images/ui_tars_zh_simulator/device1/instruction_28/sample_0/step_4.png' does not exist. Sleeping for 1 seconds...
Path '/data/oss_bucket_0/qihang/gui_agent/images/ui_tars_zh_simulator/device1/instruction_28/sample_0/step_4.png' does not exist. Sleeping for 1 seconds...
Path '/data/oss_bucket_0/qihang/gui_agent/images/ui_tars_zh_simulator/device1/instruction_28/sample_0/step_4.png' does not exist. Sleeping for 1 seconds...
Path '/data/oss_bucket_0/qihang/gui_agent/images/ui_tars_zh_simulator/device1/instruction_28/sample_0/step_4.png' does not exist. Sleeping for 1 seconds...
Path '/data/oss_bucket_0/qihang/gui_agent/images/ui_tars_zh_simulator/device1/instruction_28/sample_0/step_4.png' does not exist. Sleeping for 1 seconds...
Path '/data/oss_bucket_0/qihang/gui_agent/images/ui_tars_zh_simulator/device1/instruction_28/sample_0/step_4.png' does not exist. Sleeping for 1 seconds...
Path '/data/oss_bucket_0/qihang/gui_agent/images/ui_tars_zh_simulator/device1/instruction_28/sample_0/step_4.png' exists! Reading the file...
Path '/data/oss_bucket_0/qihang/gui_agent/images/ui_tars_zh_simulator/device1/instruction_28/sample_0/step_3.png' exists! Reading the file...
Model Thought/Action: {'action': 'continue', 'thought': 'No tool call found.'}
--- Step 5 ---
Path '/data/oss_bucket_0/qihang/gui_agent/images/ui_tars_zh_simulator/device1/instruction_28/sample_0/step_5.png' does not exist. Sleeping for 1 seconds...
Path '/data/oss_bucket_0/qihang/gui_agent/images/ui_tars_zh_simulator/device1/instruction_28/sample_0/step_5.png' does not exist. Sleeping for 1 seconds...
Path '/data/oss_bucket_0/qihang/gui_agent/images/ui_tars_zh_simulator/device1/instruction_28/sample_0/step_5.png' does not exist. Sleeping for 1 seconds...
Path '/data/oss_bucket_0/qihang/gui_agent/images/ui_tars_zh_simulator/device1/instruction_28/sample_0/step_5.png' does not exist. Sleeping for 1 seconds...
Path '/data/oss_bucket_0/qihang/gui_agent/images/ui_tars_zh_simulator/device1/instruction_28/sample_0/step_5.png' does not exist. Sleeping for 1 seconds...
Path '/data/oss_bucket_0/qihang/gui_agent/images/ui_tars_zh_simulator/device1/instruction_28/sample_0/step_5.png' does not exist. Sleeping for 1 seconds...
Path '/data/oss_bucket_0/qihang/gui_agent/images/ui_tars_zh_simulator/device1/instruction_28/sample_0/step_5.png' exists! Reading the file...
Path '/data/oss_bucket_0/qihang/gui_agent/images/ui_tars_zh_simulator/device1/instruction_28/sample_0/step_4.png' exists! Reading the file...
Model Thought/Action: {'action': 'continue', 'thought': 'No tool call found.'}
--- Step 6 ---
Path '/data/oss_bucket_0/qihang/gui_agent/images/ui_tars_zh_simulator/device1/instruction_28/sample_0/step_6.png' does not exist. Sleeping for 1 seconds...
Path '/data/oss_bucket_0/qihang/gui_agent/images/ui_tars_zh_simulator/device1/instruction_28/sample_0/step_6.png' does not exist. Sleeping for 1 seconds...
Path '/data/oss_bucket_0/qihang/gui_agent/images/ui_tars_zh_simulator/device1/instruction_28/sample_0/step_6.png' does not exist. Sleeping for 1 seconds...
Path '/data/oss_bucket_0/qihang/gui_agent/images/ui_tars_zh_simulator/device1/instruction_28/sample_0/step_6.png' does not exist. Sleeping for 1 seconds...
Path '/data/oss_bucket_0/qihang/gui_agent/images/ui_tars_zh_simulator/device1/instruction_28/sample_0/step_6.png' does not exist. Sleeping for 1 seconds...
Path '/data/oss_bucket_0/qihang/gui_agent/images/ui_tars_zh_simulator/device1/instruction_28/sample_0/step_6.png' does not exist. Sleeping for 1 seconds...
Path '/data/oss_bucket_0/qihang/gui_agent/images/ui_tars_zh_simulator/device1/instruction_28/sample_0/step_6.png' exists! Reading the file...
Path '/data/oss_bucket_0/qihang/gui_agent/images/ui_tars_zh_simulator/device1/instruction_28/sample_0/step_5.png' exists! Reading the file...
Model Thought/Action: {'action': 'continue', 'thought': 'No tool call found.'}
--- Step 7 ---
Path '/data/oss_bucket_0/qihang/gui_agent/images/ui_tars_zh_simulator/device1/instruction_28/sample_0/step_7.png' does not exist. Sleeping for 1 seconds...
Path '/data/oss_bucket_0/qihang/gui_agent/images/ui_tars_zh_simulator/device1/instruction_28/sample_0/step_7.png' does not exist. Sleeping for 1 seconds...
Path '/data/oss_bucket_0/qihang/gui_agent/images/ui_tars_zh_simulator/device1/instruction_28/sample_0/step_7.png' does not exist. Sleeping for 1 seconds...
Path '/data/oss_bucket_0/qihang/gui_agent/images/ui_tars_zh_simulator/device1/instruction_28/sample_0/step_7.png' does not exist. Sleeping for 1 seconds...
Path '/data/oss_bucket_0/qihang/gui_agent/images/ui_tars_zh_simulator/device1/instruction_28/sample_0/step_7.png' does not exist. Sleeping for 1 seconds...
Path '/data/oss_bucket_0/qihang/gui_agent/images/ui_tars_zh_simulator/device1/instruction_28/sample_0/step_7.png' does not exist. Sleeping for 1 seconds...
Path '/data/oss_bucket_0/qihang/gui_agent/images/ui_tars_zh_simulator/device1/instruction_28/sample_0/step_7.png' exists! Reading the file...
Path '/data/oss_bucket_0/qihang/gui_agent/images/ui_tars_zh_simulator/device1/instruction_28/sample_0/step_6.png' exists! Reading the file...
Model Thought/Action: {'action': 'continue', 'thought': 'No tool call found.'}
--- Step 8 ---
Path '/data/oss_bucket_0/qihang/gui_agent/images/ui_tars_zh_simulator/device1/instruction_28/sample_0/step_8.png' does not exist. Sleeping for 1 seconds...
Path '/data/oss_bucket_0/qihang/gui_agent/images/ui_tars_zh_simulator/device1/instruction_28/sample_0/step_8.png' does not exist. Sleeping for 1 seconds...
Path '/data/oss_bucket_0/qihang/gui_agent/images/ui_tars_zh_simulator/device1/instruction_28/sample_0/step_8.png' does not exist. Sleeping for 1 seconds...
Path '/data/oss_bucket_0/qihang/gui_agent/images/ui_tars_zh_simulator/device1/instruction_28/sample_0/step_8.png' does not exist. Sleeping for 1 seconds...
Path '/data/oss_bucket_0/qihang/gui_agent/images/ui_tars_zh_simulator/device1/instruction_28/sample_0/step_8.png' does not exist. Sleeping for 1 seconds...
Path '/data/oss_bucket_0/qihang/gui_agent/images/ui_tars_zh_simulator/device1/instruction_28/sample_0/step_8.png' does not exist. Sleeping for 1 seconds...
Path '/data/oss_bucket_0/qihang/gui_agent/images/ui_tars_zh_simulator/device1/instruction_28/sample_0/step_8.png' exists! Reading the file...
Path '/data/oss_bucket_0/qihang/gui_agent/images/ui_tars_zh_simulator/device1/instruction_28/sample_0/step_7.png' exists! Reading the file...
Model Thought/Action: {'action': 'continue', 'thought': 'No tool call found.'}
--- Step 9 ---
Path '/data/oss_bucket_0/qihang/gui_agent/images/ui_tars_zh_simulator/device1/instruction_28/sample_0/step_9.png' does not exist. Sleeping for 1 seconds...
Path '/data/oss_bucket_0/qihang/gui_agent/images/ui_tars_zh_simulator/device1/instruction_28/sample_0/step_9.png' does not exist. Sleeping for 1 seconds...
Path '/data/oss_bucket_0/qihang/gui_agent/images/ui_tars_zh_simulator/device1/instruction_28/sample_0/step_9.png' does not exist. Sleeping for 1 seconds...
Path '/data/oss_bucket_0/qihang/gui_agent/images/ui_tars_zh_simulator/device1/instruction_28/sample_0/step_9.png' does not exist. Sleeping for 1 seconds...
Path '/data/oss_bucket_0/qihang/gui_agent/images/ui_tars_zh_simulator/device1/instruction_28/sample_0/step_9.png' does not exist. Sleeping for 1 seconds...
Path '/data/oss_bucket_0/qihang/gui_agent/images/ui_tars_zh_simulator/device1/instruction_28/sample_0/step_9.png' does not exist. Sleeping for 1 seconds...
Path '/data/oss_bucket_0/qihang/gui_agent/images/ui_tars_zh_simulator/device1/instruction_28/sample_0/step_9.png' exists! Reading the file...
Path '/data/oss_bucket_0/qihang/gui_agent/images/ui_tars_zh_simulator/device1/instruction_28/sample_0/step_8.png' exists! Reading the file...
Model Thought/Action: {'action': 'continue', 'thought': 'No tool call found.'}
--- Step 10 ---
Path '/data/oss_bucket_0/qihang/gui_agent/images/ui_tars_zh_simulator/device1/instruction_28/sample_0/step_10.png' does not exist. Sleeping for 1 seconds...
Path '/data/oss_bucket_0/qihang/gui_agent/images/ui_tars_zh_simulator/device1/instruction_28/sample_0/step_10.png' does not exist. Sleeping for 1 seconds...
Path '/data/oss_bucket_0/qihang/gui_agent/images/ui_tars_zh_simulator/device1/instruction_28/sample_0/step_10.png' does not exist. Sleeping for 1 seconds...
Path '/data/oss_bucket_0/qihang/gui_agent/images/ui_tars_zh_simulator/device1/instruction_28/sample_0/step_10.png' does not exist. Sleeping for 1 seconds...
Path '/data/oss_bucket_0/qihang/gui_agent/images/ui_tars_zh_simulator/device1/instruction_28/sample_0/step_10.png' does not exist. Sleeping for 1 seconds...
Path '/data/oss_bucket_0/qihang/gui_agent/images/ui_tars_zh_simulator/device1/instruction_28/sample_0/step_10.png' does not exist. Sleeping for 1 seconds...
Path '/data/oss_bucket_0/qihang/gui_agent/images/ui_tars_zh_simulator/device1/instruction_28/sample_0/step_10.png' exists! Reading the file...
Path '/data/oss_bucket_0/qihang/gui_agent/images/ui_tars_zh_simulator/device1/instruction_28/sample_0/step_9.png' exists! Reading the file...
Model Thought/Action: {'action': 'continue', 'thought': 'No tool call found.'}
--- Step 11 ---
Path '/data/oss_bucket_0/qihang/gui_agent/images/ui_tars_zh_simulator/device1/instruction_28/sample_0/step_11.png' does not exist. Sleeping for 1 seconds...
Path '/data/oss_bucket_0/qihang/gui_agent/images/ui_tars_zh_simulator/device1/instruction_28/sample_0/step_11.png' does not exist. Sleeping for 1 seconds...
Path '/data/oss_bucket_0/qihang/gui_agent/images/ui_tars_zh_simulator/device1/instruction_28/sample_0/step_11.png' does not exist. Sleeping for 1 seconds...
Path '/data/oss_bucket_0/qihang/gui_agent/images/ui_tars_zh_simulator/device1/instruction_28/sample_0/step_11.png' does not exist. Sleeping for 1 seconds...
Path '/data/oss_bucket_0/qihang/gui_agent/images/ui_tars_zh_simulator/device1/instruction_28/sample_0/step_11.png' does not exist. Sleeping for 1 seconds...
Path '/data/oss_bucket_0/qihang/gui_agent/images/ui_tars_zh_simulator/device1/instruction_28/sample_0/step_11.png' does not exist. Sleeping for 1 seconds...
Path '/data/oss_bucket_0/qihang/gui_agent/images/ui_tars_zh_simulator/device1/instruction_28/sample_0/step_11.png' exists! Reading the file...
Path '/data/oss_bucket_0/qihang/gui_agent/images/ui_tars_zh_simulator/device1/instruction_28/sample_0/step_10.png' exists! Reading the file...
Model Thought/Action: {'action': 'continue', 'thought': 'No tool call found.'}
--- Step 12 ---
Path '/data/oss_bucket_0/qihang/gui_agent/images/ui_tars_zh_simulator/device1/instruction_28/sample_0/step_12.png' does not exist. Sleeping for 1 seconds...
Path '/data/oss_bucket_0/qihang/gui_agent/images/ui_tars_zh_simulator/device1/instruction_28/sample_0/step_12.png' does not exist. Sleeping for 1 seconds...
Path '/data/oss_bucket_0/qihang/gui_agent/images/ui_tars_zh_simulator/device1/instruction_28/sample_0/step_12.png' does not exist. Sleeping for 1 seconds...
Path '/data/oss_bucket_0/qihang/gui_agent/images/ui_tars_zh_simulator/device1/instruction_28/sample_0/step_12.png' does not exist. Sleeping for 1 seconds...
Path '/data/oss_bucket_0/qihang/gui_agent/images/ui_tars_zh_simulator/device1/instruction_28/sample_0/step_12.png' does not exist. Sleeping for 1 seconds...
Path '/data/oss_bucket_0/qihang/gui_agent/images/ui_tars_zh_simulator/device1/instruction_28/sample_0/step_12.png' does not exist. Sleeping for 1 seconds...
Path '/data/oss_bucket_0/qihang/gui_agent/images/ui_tars_zh_simulator/device1/instruction_28/sample_0/step_12.png' exists! Reading the file...
Path '/data/oss_bucket_0/qihang/gui_agent/images/ui_tars_zh_simulator/device1/instruction_28/sample_0/step_11.png' exists! Reading the file...
Model Thought/Action: {'action': 'continue', 'thought': 'No tool call found.'}
--- Step 13 ---
Path '/data/oss_bucket_0/qihang/gui_agent/images/ui_tars_zh_simulator/device1/instruction_28/sample_0/step_13.png' does not exist. Sleeping for 1 seconds...
Path '/data/oss_bucket_0/qihang/gui_agent/images/ui_tars_zh_simulator/device1/instruction_28/sample_0/step_13.png' does not exist. Sleeping for 1 seconds...
Path '/data/oss_bucket_0/qihang/gui_agent/images/ui_tars_zh_simulator/device1/instruction_28/sample_0/step_13.png' does not exist. Sleeping for 1 seconds...
Path '/data/oss_bucket_0/qihang/gui_agent/images/ui_tars_zh_simulator/device1/instruction_28/sample_0/step_13.png' does not exist. Sleeping for 1 seconds...
Path '/data/oss_bucket_0/qihang/gui_agent/images/ui_tars_zh_simulator/device1/instruction_28/sample_0/step_13.png' does not exist. Sleeping for 1 seconds...
Path '/data/oss_bucket_0/qihang/gui_agent/images/ui_tars_zh_simulator/device1/instruction_28/sample_0/step_13.png' does not exist. Sleeping for 1 seconds...
Path '/data/oss_bucket_0/qihang/gui_agent/images/ui_tars_zh_simulator/device1/instruction_28/sample_0/step_13.png' exists! Reading the file...
Path '/data/oss_bucket_0/qihang/gui_agent/images/ui_tars_zh_simulator/device1/instruction_28/sample_0/step_12.png' exists! Reading the file...
Model Thought/Action: {'action': 'continue', 'thought': 'No tool call found.'}
--- Step 14 ---
Path '/data/oss_bucket_0/qihang/gui_agent/images/ui_tars_zh_simulator/device1/instruction_28/sample_0/step_14.png' does not exist. Sleeping for 1 seconds...
Path '/data/oss_bucket_0/qihang/gui_agent/images/ui_tars_zh_simulator/device1/instruction_28/sample_0/step_14.png' does not exist. Sleeping for 1 seconds...
Path '/data/oss_bucket_0/qihang/gui_agent/images/ui_tars_zh_simulator/device1/instruction_28/sample_0/step_14.png' does not exist. Sleeping for 1 seconds...
Path '/data/oss_bucket_0/qihang/gui_agent/images/ui_tars_zh_simulator/device1/instruction_28/sample_0/step_14.png' does not exist. Sleeping for 1 seconds...
Path '/data/oss_bucket_0/qihang/gui_agent/images/ui_tars_zh_simulator/device1/instruction_28/sample_0/step_14.png' does not exist. Sleeping for 1 seconds...
Path '/data/oss_bucket_0/qihang/gui_agent/images/ui_tars_zh_simulator/device1/instruction_28/sample_0/step_14.png' does not exist. Sleeping for 1 seconds...
Path '/data/oss_bucket_0/qihang/gui_agent/images/ui_tars_zh_simulator/device1/instruction_28/sample_0/step_14.png' exists! Reading the file...
Path '/data/oss_bucket_0/qihang/gui_agent/images/ui_tars_zh_simulator/device1/instruction_28/sample_0/step_13.png' exists! Reading the file...
Model Thought/Action: {'action': 'continue', 'thought': 'No tool call found.'}
--- Judging with GPT-4o ---
GPT-4o Evaluation Response: {'reason': "The agent repeatedly executed the same action 'click_home' without making any progress towards the task of opening Taobao and searching for ski gloves. The sequence is stuck in a loop, and no meaningful actions were taken to achieve the user's intent. There was no attempt to interact with the user for further instructions or clarification.", 'reward': 0, 'status': 'failure', 'inquiry': 'failure'}
Evaluating Instructions:  68%|██████▊   | 28/41 [1:19:23<39:48, 183.75s/it]
===== Evaluating Instruction 29/41 =====
Instruction: 我今天滑雪把我的手套弄丢了。
--- Step 0 ---
Path '/data/oss_bucket_0/qihang/gui_agent/images/ui_tars_zh_simulator/device1/instruction_29/sample_0/step_0.png' exists! Reading the file...
Model Thought/Action: {'action': 'continue', 'thought': 'No tool call found.'}
--- Step 1 ---
Path '/data/oss_bucket_0/qihang/gui_agent/images/ui_tars_zh_simulator/device1/instruction_29/sample_0/step_1.png' does not exist. Sleeping for 1 seconds...
Path '/data/oss_bucket_0/qihang/gui_agent/images/ui_tars_zh_simulator/device1/instruction_29/sample_0/step_1.png' does not exist. Sleeping for 1 seconds...
Path '/data/oss_bucket_0/qihang/gui_agent/images/ui_tars_zh_simulator/device1/instruction_29/sample_0/step_1.png' does not exist. Sleeping for 1 seconds...
Path '/data/oss_bucket_0/qihang/gui_agent/images/ui_tars_zh_simulator/device1/instruction_29/sample_0/step_1.png' does not exist. Sleeping for 1 seconds...
Path '/data/oss_bucket_0/qihang/gui_agent/images/ui_tars_zh_simulator/device1/instruction_29/sample_0/step_1.png' does not exist. Sleeping for 1 seconds...
Path '/data/oss_bucket_0/qihang/gui_agent/images/ui_tars_zh_simulator/device1/instruction_29/sample_0/step_1.png' does not exist. Sleeping for 1 seconds...
Path '/data/oss_bucket_0/qihang/gui_agent/images/ui_tars_zh_simulator/device1/instruction_29/sample_0/step_1.png' does not exist. Sleeping for 1 seconds...
Path '/data/oss_bucket_0/qihang/gui_agent/images/ui_tars_zh_simulator/device1/instruction_29/sample_0/step_1.png' does not exist. Sleeping for 1 seconds...
Path '/data/oss_bucket_0/qihang/gui_agent/images/ui_tars_zh_simulator/device1/instruction_29/sample_0/step_1.png' does not exist. Sleeping for 1 seconds...
Path '/data/oss_bucket_0/qihang/gui_agent/images/ui_tars_zh_simulator/device1/instruction_29/sample_0/step_1.png' does not exist. Sleeping for 1 seconds...
Path '/data/oss_bucket_0/qihang/gui_agent/images/ui_tars_zh_simulator/device1/instruction_29/sample_0/step_1.png' does not exist. Sleeping for 1 seconds...
Path '/data/oss_bucket_0/qihang/gui_agent/images/ui_tars_zh_simulator/device1/instruction_29/sample_0/step_1.png' does not exist. Sleeping for 1 seconds...
Path '/data/oss_bucket_0/qihang/gui_agent/images/ui_tars_zh_simulator/device1/instruction_29/sample_0/step_1.png' does not exist. Sleeping for 1 seconds...
Path '/data/oss_bucket_0/qihang/gui_agent/images/ui_tars_zh_simulator/device1/instruction_29/sample_0/step_1.png' does not exist. Sleeping for 1 seconds...
Path '/data/oss_bucket_0/qihang/gui_agent/images/ui_tars_zh_simulator/device1/instruction_29/sample_0/step_1.png' does not exist. Sleeping for 1 seconds...
Path '/data/oss_bucket_0/qihang/gui_agent/images/ui_tars_zh_simulator/device1/instruction_29/sample_0/step_1.png' does not exist. Sleeping for 1 seconds...
Path '/data/oss_bucket_0/qihang/gui_agent/images/ui_tars_zh_simulator/device1/instruction_29/sample_0/step_1.png' does not exist. Sleeping for 1 seconds...
Path '/data/oss_bucket_0/qihang/gui_agent/images/ui_tars_zh_simulator/device1/instruction_29/sample_0/step_1.png' does not exist. Sleeping for 1 seconds...
Path '/data/oss_bucket_0/qihang/gui_agent/images/ui_tars_zh_simulator/device1/instruction_29/sample_0/step_1.png' exists! Reading the file...
Path '/data/oss_bucket_0/qihang/gui_agent/images/ui_tars_zh_simulator/device1/instruction_29/sample_0/step_0.png' exists! Reading the file...
Model Thought/Action: {'action': 'continue', 'thought': 'No tool call found.'}
--- Step 2 ---
Path '/data/oss_bucket_0/qihang/gui_agent/images/ui_tars_zh_simulator/device1/instruction_29/sample_0/step_2.png' does not exist. Sleeping for 1 seconds...
Path '/data/oss_bucket_0/qihang/gui_agent/images/ui_tars_zh_simulator/device1/instruction_29/sample_0/step_2.png' does not exist. Sleeping for 1 seconds...
Path '/data/oss_bucket_0/qihang/gui_agent/images/ui_tars_zh_simulator/device1/instruction_29/sample_0/step_2.png' does not exist. Sleeping for 1 seconds...
Path '/data/oss_bucket_0/qihang/gui_agent/images/ui_tars_zh_simulator/device1/instruction_29/sample_0/step_2.png' does not exist. Sleeping for 1 seconds...
Path '/data/oss_bucket_0/qihang/gui_agent/images/ui_tars_zh_simulator/device1/instruction_29/sample_0/step_2.png' does not exist. Sleeping for 1 seconds...
Path '/data/oss_bucket_0/qihang/gui_agent/images/ui_tars_zh_simulator/device1/instruction_29/sample_0/step_2.png' does not exist. Sleeping for 1 seconds...
Path '/data/oss_bucket_0/qihang/gui_agent/images/ui_tars_zh_simulator/device1/instruction_29/sample_0/step_2.png' exists! Reading the file...
Path '/data/oss_bucket_0/qihang/gui_agent/images/ui_tars_zh_simulator/device1/instruction_29/sample_0/step_1.png' exists! Reading the file...
Model Thought/Action: {'action': 'continue', 'thought': 'No tool call found.'}
--- Step 3 ---
Path '/data/oss_bucket_0/qihang/gui_agent/images/ui_tars_zh_simulator/device1/instruction_29/sample_0/step_3.png' does not exist. Sleeping for 1 seconds...
Path '/data/oss_bucket_0/qihang/gui_agent/images/ui_tars_zh_simulator/device1/instruction_29/sample_0/step_3.png' does not exist. Sleeping for 1 seconds...
Path '/data/oss_bucket_0/qihang/gui_agent/images/ui_tars_zh_simulator/device1/instruction_29/sample_0/step_3.png' does not exist. Sleeping for 1 seconds...
Path '/data/oss_bucket_0/qihang/gui_agent/images/ui_tars_zh_simulator/device1/instruction_29/sample_0/step_3.png' does not exist. Sleeping for 1 seconds...
Path '/data/oss_bucket_0/qihang/gui_agent/images/ui_tars_zh_simulator/device1/instruction_29/sample_0/step_3.png' does not exist. Sleeping for 1 seconds...
Path '/data/oss_bucket_0/qihang/gui_agent/images/ui_tars_zh_simulator/device1/instruction_29/sample_0/step_3.png' does not exist. Sleeping for 1 seconds...
Path '/data/oss_bucket_0/qihang/gui_agent/images/ui_tars_zh_simulator/device1/instruction_29/sample_0/step_3.png' exists! Reading the file...
Path '/data/oss_bucket_0/qihang/gui_agent/images/ui_tars_zh_simulator/device1/instruction_29/sample_0/step_2.png' exists! Reading the file...
Model Thought/Action: {'action': 'continue', 'thought': 'No tool call found.'}
--- Step 4 ---
Path '/data/oss_bucket_0/qihang/gui_agent/images/ui_tars_zh_simulator/device1/instruction_29/sample_0/step_4.png' does not exist. Sleeping for 1 seconds...
Path '/data/oss_bucket_0/qihang/gui_agent/images/ui_tars_zh_simulator/device1/instruction_29/sample_0/step_4.png' does not exist. Sleeping for 1 seconds...
Path '/data/oss_bucket_0/qihang/gui_agent/images/ui_tars_zh_simulator/device1/instruction_29/sample_0/step_4.png' does not exist. Sleeping for 1 seconds...
Path '/data/oss_bucket_0/qihang/gui_agent/images/ui_tars_zh_simulator/device1/instruction_29/sample_0/step_4.png' does not exist. Sleeping for 1 seconds...
Path '/data/oss_bucket_0/qihang/gui_agent/images/ui_tars_zh_simulator/device1/instruction_29/sample_0/step_4.png' does not exist. Sleeping for 1 seconds...
Path '/data/oss_bucket_0/qihang/gui_agent/images/ui_tars_zh_simulator/device1/instruction_29/sample_0/step_4.png' does not exist. Sleeping for 1 seconds...
Path '/data/oss_bucket_0/qihang/gui_agent/images/ui_tars_zh_simulator/device1/instruction_29/sample_0/step_4.png' exists! Reading the file...
Path '/data/oss_bucket_0/qihang/gui_agent/images/ui_tars_zh_simulator/device1/instruction_29/sample_0/step_3.png' exists! Reading the file...
Model Thought/Action: {'action': 'continue', 'thought': 'No tool call found.'}
--- Step 5 ---
Path '/data/oss_bucket_0/qihang/gui_agent/images/ui_tars_zh_simulator/device1/instruction_29/sample_0/step_5.png' does not exist. Sleeping for 1 seconds...
Path '/data/oss_bucket_0/qihang/gui_agent/images/ui_tars_zh_simulator/device1/instruction_29/sample_0/step_5.png' does not exist. Sleeping for 1 seconds...
Path '/data/oss_bucket_0/qihang/gui_agent/images/ui_tars_zh_simulator/device1/instruction_29/sample_0/step_5.png' does not exist. Sleeping for 1 seconds...
Path '/data/oss_bucket_0/qihang/gui_agent/images/ui_tars_zh_simulator/device1/instruction_29/sample_0/step_5.png' does not exist. Sleeping for 1 seconds...
Path '/data/oss_bucket_0/qihang/gui_agent/images/ui_tars_zh_simulator/device1/instruction_29/sample_0/step_5.png' does not exist. Sleeping for 1 seconds...
Path '/data/oss_bucket_0/qihang/gui_agent/images/ui_tars_zh_simulator/device1/instruction_29/sample_0/step_5.png' does not exist. Sleeping for 1 seconds...
Path '/data/oss_bucket_0/qihang/gui_agent/images/ui_tars_zh_simulator/device1/instruction_29/sample_0/step_5.png' exists! Reading the file...
Path '/data/oss_bucket_0/qihang/gui_agent/images/ui_tars_zh_simulator/device1/instruction_29/sample_0/step_4.png' exists! Reading the file...
Model Thought/Action: {'action': 'continue', 'thought': 'No tool call found.'}
--- Step 6 ---
Path '/data/oss_bucket_0/qihang/gui_agent/images/ui_tars_zh_simulator/device1/instruction_29/sample_0/step_6.png' does not exist. Sleeping for 1 seconds...
Path '/data/oss_bucket_0/qihang/gui_agent/images/ui_tars_zh_simulator/device1/instruction_29/sample_0/step_6.png' does not exist. Sleeping for 1 seconds...
Path '/data/oss_bucket_0/qihang/gui_agent/images/ui_tars_zh_simulator/device1/instruction_29/sample_0/step_6.png' does not exist. Sleeping for 1 seconds...
Path '/data/oss_bucket_0/qihang/gui_agent/images/ui_tars_zh_simulator/device1/instruction_29/sample_0/step_6.png' does not exist. Sleeping for 1 seconds...
Path '/data/oss_bucket_0/qihang/gui_agent/images/ui_tars_zh_simulator/device1/instruction_29/sample_0/step_6.png' does not exist. Sleeping for 1 seconds...
Path '/data/oss_bucket_0/qihang/gui_agent/images/ui_tars_zh_simulator/device1/instruction_29/sample_0/step_6.png' does not exist. Sleeping for 1 seconds...
Path '/data/oss_bucket_0/qihang/gui_agent/images/ui_tars_zh_simulator/device1/instruction_29/sample_0/step_6.png' exists! Reading the file...
Path '/data/oss_bucket_0/qihang/gui_agent/images/ui_tars_zh_simulator/device1/instruction_29/sample_0/step_5.png' exists! Reading the file...
Model Thought/Action: {'action': 'continue', 'thought': 'No tool call found.'}
--- Step 7 ---
Path '/data/oss_bucket_0/qihang/gui_agent/images/ui_tars_zh_simulator/device1/instruction_29/sample_0/step_7.png' does not exist. Sleeping for 1 seconds...
Path '/data/oss_bucket_0/qihang/gui_agent/images/ui_tars_zh_simulator/device1/instruction_29/sample_0/step_7.png' does not exist. Sleeping for 1 seconds...
Path '/data/oss_bucket_0/qihang/gui_agent/images/ui_tars_zh_simulator/device1/instruction_29/sample_0/step_7.png' does not exist. Sleeping for 1 seconds...
Path '/data/oss_bucket_0/qihang/gui_agent/images/ui_tars_zh_simulator/device1/instruction_29/sample_0/step_7.png' does not exist. Sleeping for 1 seconds...
Path '/data/oss_bucket_0/qihang/gui_agent/images/ui_tars_zh_simulator/device1/instruction_29/sample_0/step_7.png' does not exist. Sleeping for 1 seconds...
Path '/data/oss_bucket_0/qihang/gui_agent/images/ui_tars_zh_simulator/device1/instruction_29/sample_0/step_7.png' does not exist. Sleeping for 1 seconds...
Path '/data/oss_bucket_0/qihang/gui_agent/images/ui_tars_zh_simulator/device1/instruction_29/sample_0/step_7.png' exists! Reading the file...
Path '/data/oss_bucket_0/qihang/gui_agent/images/ui_tars_zh_simulator/device1/instruction_29/sample_0/step_6.png' exists! Reading the file...
Model Thought/Action: {'action': 'continue', 'thought': 'No tool call found.'}
--- Step 8 ---
Path '/data/oss_bucket_0/qihang/gui_agent/images/ui_tars_zh_simulator/device1/instruction_29/sample_0/step_8.png' does not exist. Sleeping for 1 seconds...
Path '/data/oss_bucket_0/qihang/gui_agent/images/ui_tars_zh_simulator/device1/instruction_29/sample_0/step_8.png' does not exist. Sleeping for 1 seconds...
Path '/data/oss_bucket_0/qihang/gui_agent/images/ui_tars_zh_simulator/device1/instruction_29/sample_0/step_8.png' does not exist. Sleeping for 1 seconds...
Path '/data/oss_bucket_0/qihang/gui_agent/images/ui_tars_zh_simulator/device1/instruction_29/sample_0/step_8.png' does not exist. Sleeping for 1 seconds...
Path '/data/oss_bucket_0/qihang/gui_agent/images/ui_tars_zh_simulator/device1/instruction_29/sample_0/step_8.png' does not exist. Sleeping for 1 seconds...
Path '/data/oss_bucket_0/qihang/gui_agent/images/ui_tars_zh_simulator/device1/instruction_29/sample_0/step_8.png' does not exist. Sleeping for 1 seconds...
Path '/data/oss_bucket_0/qihang/gui_agent/images/ui_tars_zh_simulator/device1/instruction_29/sample_0/step_8.png' exists! Reading the file...
Path '/data/oss_bucket_0/qihang/gui_agent/images/ui_tars_zh_simulator/device1/instruction_29/sample_0/step_7.png' exists! Reading the file...
Model Thought/Action: {'action': 'continue', 'thought': 'No tool call found.'}
--- Step 9 ---
Path '/data/oss_bucket_0/qihang/gui_agent/images/ui_tars_zh_simulator/device1/instruction_29/sample_0/step_9.png' does not exist. Sleeping for 1 seconds...
Path '/data/oss_bucket_0/qihang/gui_agent/images/ui_tars_zh_simulator/device1/instruction_29/sample_0/step_9.png' does not exist. Sleeping for 1 seconds...
Path '/data/oss_bucket_0/qihang/gui_agent/images/ui_tars_zh_simulator/device1/instruction_29/sample_0/step_9.png' does not exist. Sleeping for 1 seconds...
Path '/data/oss_bucket_0/qihang/gui_agent/images/ui_tars_zh_simulator/device1/instruction_29/sample_0/step_9.png' does not exist. Sleeping for 1 seconds...
Path '/data/oss_bucket_0/qihang/gui_agent/images/ui_tars_zh_simulator/device1/instruction_29/sample_0/step_9.png' does not exist. Sleeping for 1 seconds...
Path '/data/oss_bucket_0/qihang/gui_agent/images/ui_tars_zh_simulator/device1/instruction_29/sample_0/step_9.png' does not exist. Sleeping for 1 seconds...
Path '/data/oss_bucket_0/qihang/gui_agent/images/ui_tars_zh_simulator/device1/instruction_29/sample_0/step_9.png' exists! Reading the file...
Path '/data/oss_bucket_0/qihang/gui_agent/images/ui_tars_zh_simulator/device1/instruction_29/sample_0/step_8.png' exists! Reading the file...
Model Thought/Action: {'action': 'continue', 'thought': 'No tool call found.'}
--- Step 10 ---
Path '/data/oss_bucket_0/qihang/gui_agent/images/ui_tars_zh_simulator/device1/instruction_29/sample_0/step_10.png' does not exist. Sleeping for 1 seconds...
Path '/data/oss_bucket_0/qihang/gui_agent/images/ui_tars_zh_simulator/device1/instruction_29/sample_0/step_10.png' does not exist. Sleeping for 1 seconds...
Path '/data/oss_bucket_0/qihang/gui_agent/images/ui_tars_zh_simulator/device1/instruction_29/sample_0/step_10.png' does not exist. Sleeping for 1 seconds...
Path '/data/oss_bucket_0/qihang/gui_agent/images/ui_tars_zh_simulator/device1/instruction_29/sample_0/step_10.png' does not exist. Sleeping for 1 seconds...
Path '/data/oss_bucket_0/qihang/gui_agent/images/ui_tars_zh_simulator/device1/instruction_29/sample_0/step_10.png' does not exist. Sleeping for 1 seconds...
Path '/data/oss_bucket_0/qihang/gui_agent/images/ui_tars_zh_simulator/device1/instruction_29/sample_0/step_10.png' does not exist. Sleeping for 1 seconds...
Path '/data/oss_bucket_0/qihang/gui_agent/images/ui_tars_zh_simulator/device1/instruction_29/sample_0/step_10.png' exists! Reading the file...
Path '/data/oss_bucket_0/qihang/gui_agent/images/ui_tars_zh_simulator/device1/instruction_29/sample_0/step_9.png' exists! Reading the file...
Model Thought/Action: {'action': 'continue', 'thought': 'No tool call found.'}
--- Step 11 ---
Path '/data/oss_bucket_0/qihang/gui_agent/images/ui_tars_zh_simulator/device1/instruction_29/sample_0/step_11.png' does not exist. Sleeping for 1 seconds...
Path '/data/oss_bucket_0/qihang/gui_agent/images/ui_tars_zh_simulator/device1/instruction_29/sample_0/step_11.png' does not exist. Sleeping for 1 seconds...
Path '/data/oss_bucket_0/qihang/gui_agent/images/ui_tars_zh_simulator/device1/instruction_29/sample_0/step_11.png' does not exist. Sleeping for 1 seconds...
Path '/data/oss_bucket_0/qihang/gui_agent/images/ui_tars_zh_simulator/device1/instruction_29/sample_0/step_11.png' does not exist. Sleeping for 1 seconds...
Path '/data/oss_bucket_0/qihang/gui_agent/images/ui_tars_zh_simulator/device1/instruction_29/sample_0/step_11.png' does not exist. Sleeping for 1 seconds...
Path '/data/oss_bucket_0/qihang/gui_agent/images/ui_tars_zh_simulator/device1/instruction_29/sample_0/step_11.png' does not exist. Sleeping for 1 seconds...
Path '/data/oss_bucket_0/qihang/gui_agent/images/ui_tars_zh_simulator/device1/instruction_29/sample_0/step_11.png' exists! Reading the file...
Path '/data/oss_bucket_0/qihang/gui_agent/images/ui_tars_zh_simulator/device1/instruction_29/sample_0/step_10.png' exists! Reading the file...
Model Thought/Action: {'action': 'continue', 'thought': 'No tool call found.'}
--- Step 12 ---
Path '/data/oss_bucket_0/qihang/gui_agent/images/ui_tars_zh_simulator/device1/instruction_29/sample_0/step_12.png' does not exist. Sleeping for 1 seconds...
Path '/data/oss_bucket_0/qihang/gui_agent/images/ui_tars_zh_simulator/device1/instruction_29/sample_0/step_12.png' does not exist. Sleeping for 1 seconds...
Path '/data/oss_bucket_0/qihang/gui_agent/images/ui_tars_zh_simulator/device1/instruction_29/sample_0/step_12.png' does not exist. Sleeping for 1 seconds...
Path '/data/oss_bucket_0/qihang/gui_agent/images/ui_tars_zh_simulator/device1/instruction_29/sample_0/step_12.png' does not exist. Sleeping for 1 seconds...
Path '/data/oss_bucket_0/qihang/gui_agent/images/ui_tars_zh_simulator/device1/instruction_29/sample_0/step_12.png' does not exist. Sleeping for 1 seconds...
Path '/data/oss_bucket_0/qihang/gui_agent/images/ui_tars_zh_simulator/device1/instruction_29/sample_0/step_12.png' does not exist. Sleeping for 1 seconds...
Path '/data/oss_bucket_0/qihang/gui_agent/images/ui_tars_zh_simulator/device1/instruction_29/sample_0/step_12.png' exists! Reading the file...
Path '/data/oss_bucket_0/qihang/gui_agent/images/ui_tars_zh_simulator/device1/instruction_29/sample_0/step_11.png' exists! Reading the file...
Model Thought/Action: {'action': 'continue', 'thought': 'No tool call found.'}
--- Step 13 ---
Path '/data/oss_bucket_0/qihang/gui_agent/images/ui_tars_zh_simulator/device1/instruction_29/sample_0/step_13.png' does not exist. Sleeping for 1 seconds...
Path '/data/oss_bucket_0/qihang/gui_agent/images/ui_tars_zh_simulator/device1/instruction_29/sample_0/step_13.png' does not exist. Sleeping for 1 seconds...
Path '/data/oss_bucket_0/qihang/gui_agent/images/ui_tars_zh_simulator/device1/instruction_29/sample_0/step_13.png' does not exist. Sleeping for 1 seconds...
Path '/data/oss_bucket_0/qihang/gui_agent/images/ui_tars_zh_simulator/device1/instruction_29/sample_0/step_13.png' does not exist. Sleeping for 1 seconds...
Path '/data/oss_bucket_0/qihang/gui_agent/images/ui_tars_zh_simulator/device1/instruction_29/sample_0/step_13.png' does not exist. Sleeping for 1 seconds...
Path '/data/oss_bucket_0/qihang/gui_agent/images/ui_tars_zh_simulator/device1/instruction_29/sample_0/step_13.png' does not exist. Sleeping for 1 seconds...
Path '/data/oss_bucket_0/qihang/gui_agent/images/ui_tars_zh_simulator/device1/instruction_29/sample_0/step_13.png' exists! Reading the file...
Path '/data/oss_bucket_0/qihang/gui_agent/images/ui_tars_zh_simulator/device1/instruction_29/sample_0/step_12.png' exists! Reading the file...
Model Thought/Action: {'action': 'continue', 'thought': 'No tool call found.'}
--- Step 14 ---
Path '/data/oss_bucket_0/qihang/gui_agent/images/ui_tars_zh_simulator/device1/instruction_29/sample_0/step_14.png' does not exist. Sleeping for 1 seconds...
Path '/data/oss_bucket_0/qihang/gui_agent/images/ui_tars_zh_simulator/device1/instruction_29/sample_0/step_14.png' does not exist. Sleeping for 1 seconds...
Path '/data/oss_bucket_0/qihang/gui_agent/images/ui_tars_zh_simulator/device1/instruction_29/sample_0/step_14.png' does not exist. Sleeping for 1 seconds...
Path '/data/oss_bucket_0/qihang/gui_agent/images/ui_tars_zh_simulator/device1/instruction_29/sample_0/step_14.png' does not exist. Sleeping for 1 seconds...
Path '/data/oss_bucket_0/qihang/gui_agent/images/ui_tars_zh_simulator/device1/instruction_29/sample_0/step_14.png' does not exist. Sleeping for 1 seconds...
Path '/data/oss_bucket_0/qihang/gui_agent/images/ui_tars_zh_simulator/device1/instruction_29/sample_0/step_14.png' does not exist. Sleeping for 1 seconds...
Path '/data/oss_bucket_0/qihang/gui_agent/images/ui_tars_zh_simulator/device1/instruction_29/sample_0/step_14.png' exists! Reading the file...
Path '/data/oss_bucket_0/qihang/gui_agent/images/ui_tars_zh_simulator/device1/instruction_29/sample_0/step_13.png' exists! Reading the file...
Model Thought/Action: {'action': 'continue', 'thought': 'No tool call found.'}
--- Judging with GPT-4o ---
GPT-4o Evaluation Response: {'reason': "The agent repeatedly executed the same action 'click_home' without making any progress towards the task of opening Taobao and searching for ski gloves. The reasoning process was not aligned with the actions taken, as the agent did not attempt to open the Taobao app or perform a search. The task was not completed, and there was no meaningful interaction with the user.", 'reward': 0, 'status': 'failure', 'inquiry': 'failure'}
Evaluating Instructions:  71%|███████   | 29/41 [1:21:55<34:51, 174.31s/it]
===== Evaluating Instruction 30/41 =====
Instruction: 我今天滑雪把我的手套弄丢了。
--- Step 0 ---
Path '/data/oss_bucket_0/qihang/gui_agent/images/ui_tars_zh_simulator/device1/instruction_30/sample_0/step_0.png' exists! Reading the file...
Model Thought/Action: {'action': 'continue', 'thought': 'No tool call found.'}
--- Step 1 ---
Path '/data/oss_bucket_0/qihang/gui_agent/images/ui_tars_zh_simulator/device1/instruction_30/sample_0/step_1.png' does not exist. Sleeping for 1 seconds...
Path '/data/oss_bucket_0/qihang/gui_agent/images/ui_tars_zh_simulator/device1/instruction_30/sample_0/step_1.png' does not exist. Sleeping for 1 seconds...
Path '/data/oss_bucket_0/qihang/gui_agent/images/ui_tars_zh_simulator/device1/instruction_30/sample_0/step_1.png' does not exist. Sleeping for 1 seconds...
Path '/data/oss_bucket_0/qihang/gui_agent/images/ui_tars_zh_simulator/device1/instruction_30/sample_0/step_1.png' does not exist. Sleeping for 1 seconds...
Path '/data/oss_bucket_0/qihang/gui_agent/images/ui_tars_zh_simulator/device1/instruction_30/sample_0/step_1.png' does not exist. Sleeping for 1 seconds...
Path '/data/oss_bucket_0/qihang/gui_agent/images/ui_tars_zh_simulator/device1/instruction_30/sample_0/step_1.png' does not exist. Sleeping for 1 seconds...
Path '/data/oss_bucket_0/qihang/gui_agent/images/ui_tars_zh_simulator/device1/instruction_30/sample_0/step_1.png' does not exist. Sleeping for 1 seconds...
Path '/data/oss_bucket_0/qihang/gui_agent/images/ui_tars_zh_simulator/device1/instruction_30/sample_0/step_1.png' does not exist. Sleeping for 1 seconds...
Path '/data/oss_bucket_0/qihang/gui_agent/images/ui_tars_zh_simulator/device1/instruction_30/sample_0/step_1.png' does not exist. Sleeping for 1 seconds...
Path '/data/oss_bucket_0/qihang/gui_agent/images/ui_tars_zh_simulator/device1/instruction_30/sample_0/step_1.png' does not exist. Sleeping for 1 seconds...
Path '/data/oss_bucket_0/qihang/gui_agent/images/ui_tars_zh_simulator/device1/instruction_30/sample_0/step_1.png' does not exist. Sleeping for 1 seconds...
Path '/data/oss_bucket_0/qihang/gui_agent/images/ui_tars_zh_simulator/device1/instruction_30/sample_0/step_1.png' does not exist. Sleeping for 1 seconds...
Path '/data/oss_bucket_0/qihang/gui_agent/images/ui_tars_zh_simulator/device1/instruction_30/sample_0/step_1.png' does not exist. Sleeping for 1 seconds...
Path '/data/oss_bucket_0/qihang/gui_agent/images/ui_tars_zh_simulator/device1/instruction_30/sample_0/step_1.png' does not exist. Sleeping for 1 seconds...
Path '/data/oss_bucket_0/qihang/gui_agent/images/ui_tars_zh_simulator/device1/instruction_30/sample_0/step_1.png' does not exist. Sleeping for 1 seconds...
Path '/data/oss_bucket_0/qihang/gui_agent/images/ui_tars_zh_simulator/device1/instruction_30/sample_0/step_1.png' does not exist. Sleeping for 1 seconds...
Path '/data/oss_bucket_0/qihang/gui_agent/images/ui_tars_zh_simulator/device1/instruction_30/sample_0/step_1.png' does not exist. Sleeping for 1 seconds...
Path '/data/oss_bucket_0/qihang/gui_agent/images/ui_tars_zh_simulator/device1/instruction_30/sample_0/step_1.png' does not exist. Sleeping for 1 seconds...
Path '/data/oss_bucket_0/qihang/gui_agent/images/ui_tars_zh_simulator/device1/instruction_30/sample_0/step_1.png' exists! Reading the file...
Path '/data/oss_bucket_0/qihang/gui_agent/images/ui_tars_zh_simulator/device1/instruction_30/sample_0/step_0.png' exists! Reading the file...
Model Thought/Action: {'action': 'continue', 'thought': 'No tool call found.'}
--- Step 2 ---
Path '/data/oss_bucket_0/qihang/gui_agent/images/ui_tars_zh_simulator/device1/instruction_30/sample_0/step_2.png' does not exist. Sleeping for 1 seconds...
Path '/data/oss_bucket_0/qihang/gui_agent/images/ui_tars_zh_simulator/device1/instruction_30/sample_0/step_2.png' does not exist. Sleeping for 1 seconds...
Path '/data/oss_bucket_0/qihang/gui_agent/images/ui_tars_zh_simulator/device1/instruction_30/sample_0/step_2.png' does not exist. Sleeping for 1 seconds...
Path '/data/oss_bucket_0/qihang/gui_agent/images/ui_tars_zh_simulator/device1/instruction_30/sample_0/step_2.png' does not exist. Sleeping for 1 seconds...
Path '/data/oss_bucket_0/qihang/gui_agent/images/ui_tars_zh_simulator/device1/instruction_30/sample_0/step_2.png' does not exist. Sleeping for 1 seconds...
Path '/data/oss_bucket_0/qihang/gui_agent/images/ui_tars_zh_simulator/device1/instruction_30/sample_0/step_2.png' does not exist. Sleeping for 1 seconds...
Path '/data/oss_bucket_0/qihang/gui_agent/images/ui_tars_zh_simulator/device1/instruction_30/sample_0/step_2.png' exists! Reading the file...
Path '/data/oss_bucket_0/qihang/gui_agent/images/ui_tars_zh_simulator/device1/instruction_30/sample_0/step_1.png' exists! Reading the file...
Model Thought/Action: {'action': 'continue', 'thought': 'No tool call found.'}
--- Step 3 ---
Path '/data/oss_bucket_0/qihang/gui_agent/images/ui_tars_zh_simulator/device1/instruction_30/sample_0/step_3.png' does not exist. Sleeping for 1 seconds...
Path '/data/oss_bucket_0/qihang/gui_agent/images/ui_tars_zh_simulator/device1/instruction_30/sample_0/step_3.png' does not exist. Sleeping for 1 seconds...
Path '/data/oss_bucket_0/qihang/gui_agent/images/ui_tars_zh_simulator/device1/instruction_30/sample_0/step_3.png' does not exist. Sleeping for 1 seconds...
Path '/data/oss_bucket_0/qihang/gui_agent/images/ui_tars_zh_simulator/device1/instruction_30/sample_0/step_3.png' does not exist. Sleeping for 1 seconds...
Path '/data/oss_bucket_0/qihang/gui_agent/images/ui_tars_zh_simulator/device1/instruction_30/sample_0/step_3.png' does not exist. Sleeping for 1 seconds...
Path '/data/oss_bucket_0/qihang/gui_agent/images/ui_tars_zh_simulator/device1/instruction_30/sample_0/step_3.png' does not exist. Sleeping for 1 seconds...
Path '/data/oss_bucket_0/qihang/gui_agent/images/ui_tars_zh_simulator/device1/instruction_30/sample_0/step_3.png' exists! Reading the file...
Path '/data/oss_bucket_0/qihang/gui_agent/images/ui_tars_zh_simulator/device1/instruction_30/sample_0/step_2.png' exists! Reading the file...
Model Thought/Action: {'action': 'continue', 'thought': 'No tool call found.'}
--- Step 4 ---
Path '/data/oss_bucket_0/qihang/gui_agent/images/ui_tars_zh_simulator/device1/instruction_30/sample_0/step_4.png' does not exist. Sleeping for 1 seconds...
Path '/data/oss_bucket_0/qihang/gui_agent/images/ui_tars_zh_simulator/device1/instruction_30/sample_0/step_4.png' does not exist. Sleeping for 1 seconds...
Path '/data/oss_bucket_0/qihang/gui_agent/images/ui_tars_zh_simulator/device1/instruction_30/sample_0/step_4.png' does not exist. Sleeping for 1 seconds...
Path '/data/oss_bucket_0/qihang/gui_agent/images/ui_tars_zh_simulator/device1/instruction_30/sample_0/step_4.png' does not exist. Sleeping for 1 seconds...
Path '/data/oss_bucket_0/qihang/gui_agent/images/ui_tars_zh_simulator/device1/instruction_30/sample_0/step_4.png' does not exist. Sleeping for 1 seconds...
Path '/data/oss_bucket_0/qihang/gui_agent/images/ui_tars_zh_simulator/device1/instruction_30/sample_0/step_4.png' does not exist. Sleeping for 1 seconds...
Path '/data/oss_bucket_0/qihang/gui_agent/images/ui_tars_zh_simulator/device1/instruction_30/sample_0/step_4.png' exists! Reading the file...
Path '/data/oss_bucket_0/qihang/gui_agent/images/ui_tars_zh_simulator/device1/instruction_30/sample_0/step_3.png' exists! Reading the file...
Model Thought/Action: {'action': 'continue', 'thought': 'No tool call found.'}
--- Step 5 ---
Path '/data/oss_bucket_0/qihang/gui_agent/images/ui_tars_zh_simulator/device1/instruction_30/sample_0/step_5.png' does not exist. Sleeping for 1 seconds...
Path '/data/oss_bucket_0/qihang/gui_agent/images/ui_tars_zh_simulator/device1/instruction_30/sample_0/step_5.png' does not exist. Sleeping for 1 seconds...
Path '/data/oss_bucket_0/qihang/gui_agent/images/ui_tars_zh_simulator/device1/instruction_30/sample_0/step_5.png' does not exist. Sleeping for 1 seconds...
Path '/data/oss_bucket_0/qihang/gui_agent/images/ui_tars_zh_simulator/device1/instruction_30/sample_0/step_5.png' does not exist. Sleeping for 1 seconds...
Path '/data/oss_bucket_0/qihang/gui_agent/images/ui_tars_zh_simulator/device1/instruction_30/sample_0/step_5.png' does not exist. Sleeping for 1 seconds...
Path '/data/oss_bucket_0/qihang/gui_agent/images/ui_tars_zh_simulator/device1/instruction_30/sample_0/step_5.png' does not exist. Sleeping for 1 seconds...
Path '/data/oss_bucket_0/qihang/gui_agent/images/ui_tars_zh_simulator/device1/instruction_30/sample_0/step_5.png' exists! Reading the file...
Path '/data/oss_bucket_0/qihang/gui_agent/images/ui_tars_zh_simulator/device1/instruction_30/sample_0/step_4.png' exists! Reading the file...
Model Thought/Action: {'action': 'continue', 'thought': 'No tool call found.'}
--- Step 6 ---
Path '/data/oss_bucket_0/qihang/gui_agent/images/ui_tars_zh_simulator/device1/instruction_30/sample_0/step_6.png' does not exist. Sleeping for 1 seconds...
Path '/data/oss_bucket_0/qihang/gui_agent/images/ui_tars_zh_simulator/device1/instruction_30/sample_0/step_6.png' does not exist. Sleeping for 1 seconds...
Path '/data/oss_bucket_0/qihang/gui_agent/images/ui_tars_zh_simulator/device1/instruction_30/sample_0/step_6.png' does not exist. Sleeping for 1 seconds...
Path '/data/oss_bucket_0/qihang/gui_agent/images/ui_tars_zh_simulator/device1/instruction_30/sample_0/step_6.png' does not exist. Sleeping for 1 seconds...
Path '/data/oss_bucket_0/qihang/gui_agent/images/ui_tars_zh_simulator/device1/instruction_30/sample_0/step_6.png' does not exist. Sleeping for 1 seconds...
Path '/data/oss_bucket_0/qihang/gui_agent/images/ui_tars_zh_simulator/device1/instruction_30/sample_0/step_6.png' does not exist. Sleeping for 1 seconds...
Path '/data/oss_bucket_0/qihang/gui_agent/images/ui_tars_zh_simulator/device1/instruction_30/sample_0/step_6.png' exists! Reading the file...
Path '/data/oss_bucket_0/qihang/gui_agent/images/ui_tars_zh_simulator/device1/instruction_30/sample_0/step_5.png' exists! Reading the file...
Model Thought/Action: {'action': 'continue', 'thought': 'No tool call found.'}
--- Step 7 ---
Path '/data/oss_bucket_0/qihang/gui_agent/images/ui_tars_zh_simulator/device1/instruction_30/sample_0/step_7.png' does not exist. Sleeping for 1 seconds...
Path '/data/oss_bucket_0/qihang/gui_agent/images/ui_tars_zh_simulator/device1/instruction_30/sample_0/step_7.png' does not exist. Sleeping for 1 seconds...
Path '/data/oss_bucket_0/qihang/gui_agent/images/ui_tars_zh_simulator/device1/instruction_30/sample_0/step_7.png' does not exist. Sleeping for 1 seconds...
Path '/data/oss_bucket_0/qihang/gui_agent/images/ui_tars_zh_simulator/device1/instruction_30/sample_0/step_7.png' does not exist. Sleeping for 1 seconds...
Path '/data/oss_bucket_0/qihang/gui_agent/images/ui_tars_zh_simulator/device1/instruction_30/sample_0/step_7.png' does not exist. Sleeping for 1 seconds...
Path '/data/oss_bucket_0/qihang/gui_agent/images/ui_tars_zh_simulator/device1/instruction_30/sample_0/step_7.png' does not exist. Sleeping for 1 seconds...
Path '/data/oss_bucket_0/qihang/gui_agent/images/ui_tars_zh_simulator/device1/instruction_30/sample_0/step_7.png' exists! Reading the file...
Path '/data/oss_bucket_0/qihang/gui_agent/images/ui_tars_zh_simulator/device1/instruction_30/sample_0/step_6.png' exists! Reading the file...
Model Thought/Action: {'action': 'continue', 'thought': 'No tool call found.'}
--- Step 8 ---
Path '/data/oss_bucket_0/qihang/gui_agent/images/ui_tars_zh_simulator/device1/instruction_30/sample_0/step_8.png' does not exist. Sleeping for 1 seconds...
Path '/data/oss_bucket_0/qihang/gui_agent/images/ui_tars_zh_simulator/device1/instruction_30/sample_0/step_8.png' does not exist. Sleeping for 1 seconds...
Path '/data/oss_bucket_0/qihang/gui_agent/images/ui_tars_zh_simulator/device1/instruction_30/sample_0/step_8.png' does not exist. Sleeping for 1 seconds...
Path '/data/oss_bucket_0/qihang/gui_agent/images/ui_tars_zh_simulator/device1/instruction_30/sample_0/step_8.png' does not exist. Sleeping for 1 seconds...
Path '/data/oss_bucket_0/qihang/gui_agent/images/ui_tars_zh_simulator/device1/instruction_30/sample_0/step_8.png' does not exist. Sleeping for 1 seconds...
Path '/data/oss_bucket_0/qihang/gui_agent/images/ui_tars_zh_simulator/device1/instruction_30/sample_0/step_8.png' does not exist. Sleeping for 1 seconds...
Path '/data/oss_bucket_0/qihang/gui_agent/images/ui_tars_zh_simulator/device1/instruction_30/sample_0/step_8.png' exists! Reading the file...
Path '/data/oss_bucket_0/qihang/gui_agent/images/ui_tars_zh_simulator/device1/instruction_30/sample_0/step_7.png' exists! Reading the file...
Model Thought/Action: {'action': 'continue', 'thought': 'No tool call found.'}
--- Step 9 ---
Path '/data/oss_bucket_0/qihang/gui_agent/images/ui_tars_zh_simulator/device1/instruction_30/sample_0/step_9.png' does not exist. Sleeping for 1 seconds...
Path '/data/oss_bucket_0/qihang/gui_agent/images/ui_tars_zh_simulator/device1/instruction_30/sample_0/step_9.png' does not exist. Sleeping for 1 seconds...
Path '/data/oss_bucket_0/qihang/gui_agent/images/ui_tars_zh_simulator/device1/instruction_30/sample_0/step_9.png' does not exist. Sleeping for 1 seconds...
Path '/data/oss_bucket_0/qihang/gui_agent/images/ui_tars_zh_simulator/device1/instruction_30/sample_0/step_9.png' does not exist. Sleeping for 1 seconds...
Path '/data/oss_bucket_0/qihang/gui_agent/images/ui_tars_zh_simulator/device1/instruction_30/sample_0/step_9.png' does not exist. Sleeping for 1 seconds...
Path '/data/oss_bucket_0/qihang/gui_agent/images/ui_tars_zh_simulator/device1/instruction_30/sample_0/step_9.png' does not exist. Sleeping for 1 seconds...
Path '/data/oss_bucket_0/qihang/gui_agent/images/ui_tars_zh_simulator/device1/instruction_30/sample_0/step_9.png' exists! Reading the file...
Path '/data/oss_bucket_0/qihang/gui_agent/images/ui_tars_zh_simulator/device1/instruction_30/sample_0/step_8.png' exists! Reading the file...
Model Thought/Action: {'action': 'continue', 'thought': 'No tool call found.'}
--- Step 10 ---
Path '/data/oss_bucket_0/qihang/gui_agent/images/ui_tars_zh_simulator/device1/instruction_30/sample_0/step_10.png' does not exist. Sleeping for 1 seconds...
Path '/data/oss_bucket_0/qihang/gui_agent/images/ui_tars_zh_simulator/device1/instruction_30/sample_0/step_10.png' does not exist. Sleeping for 1 seconds...
Path '/data/oss_bucket_0/qihang/gui_agent/images/ui_tars_zh_simulator/device1/instruction_30/sample_0/step_10.png' does not exist. Sleeping for 1 seconds...
Path '/data/oss_bucket_0/qihang/gui_agent/images/ui_tars_zh_simulator/device1/instruction_30/sample_0/step_10.png' does not exist. Sleeping for 1 seconds...
Path '/data/oss_bucket_0/qihang/gui_agent/images/ui_tars_zh_simulator/device1/instruction_30/sample_0/step_10.png' does not exist. Sleeping for 1 seconds...
Path '/data/oss_bucket_0/qihang/gui_agent/images/ui_tars_zh_simulator/device1/instruction_30/sample_0/step_10.png' does not exist. Sleeping for 1 seconds...
Path '/data/oss_bucket_0/qihang/gui_agent/images/ui_tars_zh_simulator/device1/instruction_30/sample_0/step_10.png' exists! Reading the file...
Path '/data/oss_bucket_0/qihang/gui_agent/images/ui_tars_zh_simulator/device1/instruction_30/sample_0/step_9.png' exists! Reading the file...
Model Thought/Action: {'action': 'continue', 'thought': 'No tool call found.'}
--- Step 11 ---
Path '/data/oss_bucket_0/qihang/gui_agent/images/ui_tars_zh_simulator/device1/instruction_30/sample_0/step_11.png' does not exist. Sleeping for 1 seconds...
Path '/data/oss_bucket_0/qihang/gui_agent/images/ui_tars_zh_simulator/device1/instruction_30/sample_0/step_11.png' does not exist. Sleeping for 1 seconds...
Path '/data/oss_bucket_0/qihang/gui_agent/images/ui_tars_zh_simulator/device1/instruction_30/sample_0/step_11.png' does not exist. Sleeping for 1 seconds...
Path '/data/oss_bucket_0/qihang/gui_agent/images/ui_tars_zh_simulator/device1/instruction_30/sample_0/step_11.png' does not exist. Sleeping for 1 seconds...
Path '/data/oss_bucket_0/qihang/gui_agent/images/ui_tars_zh_simulator/device1/instruction_30/sample_0/step_11.png' does not exist. Sleeping for 1 seconds...
Path '/data/oss_bucket_0/qihang/gui_agent/images/ui_tars_zh_simulator/device1/instruction_30/sample_0/step_11.png' does not exist. Sleeping for 1 seconds...
Path '/data/oss_bucket_0/qihang/gui_agent/images/ui_tars_zh_simulator/device1/instruction_30/sample_0/step_11.png' exists! Reading the file...
Path '/data/oss_bucket_0/qihang/gui_agent/images/ui_tars_zh_simulator/device1/instruction_30/sample_0/step_10.png' exists! Reading the file...
Model Thought/Action: {'action': 'continue', 'thought': 'No tool call found.'}
--- Step 12 ---
Path '/data/oss_bucket_0/qihang/gui_agent/images/ui_tars_zh_simulator/device1/instruction_30/sample_0/step_12.png' does not exist. Sleeping for 1 seconds...
Path '/data/oss_bucket_0/qihang/gui_agent/images/ui_tars_zh_simulator/device1/instruction_30/sample_0/step_12.png' does not exist. Sleeping for 1 seconds...
Path '/data/oss_bucket_0/qihang/gui_agent/images/ui_tars_zh_simulator/device1/instruction_30/sample_0/step_12.png' does not exist. Sleeping for 1 seconds...
Path '/data/oss_bucket_0/qihang/gui_agent/images/ui_tars_zh_simulator/device1/instruction_30/sample_0/step_12.png' does not exist. Sleeping for 1 seconds...
Path '/data/oss_bucket_0/qihang/gui_agent/images/ui_tars_zh_simulator/device1/instruction_30/sample_0/step_12.png' does not exist. Sleeping for 1 seconds...
Path '/data/oss_bucket_0/qihang/gui_agent/images/ui_tars_zh_simulator/device1/instruction_30/sample_0/step_12.png' does not exist. Sleeping for 1 seconds...
Path '/data/oss_bucket_0/qihang/gui_agent/images/ui_tars_zh_simulator/device1/instruction_30/sample_0/step_12.png' exists! Reading the file...
Path '/data/oss_bucket_0/qihang/gui_agent/images/ui_tars_zh_simulator/device1/instruction_30/sample_0/step_11.png' exists! Reading the file...
Model Thought/Action: {'action': 'continue', 'thought': 'No tool call found.'}
--- Step 13 ---
Path '/data/oss_bucket_0/qihang/gui_agent/images/ui_tars_zh_simulator/device1/instruction_30/sample_0/step_13.png' does not exist. Sleeping for 1 seconds...
Path '/data/oss_bucket_0/qihang/gui_agent/images/ui_tars_zh_simulator/device1/instruction_30/sample_0/step_13.png' does not exist. Sleeping for 1 seconds...
Path '/data/oss_bucket_0/qihang/gui_agent/images/ui_tars_zh_simulator/device1/instruction_30/sample_0/step_13.png' does not exist. Sleeping for 1 seconds...
Path '/data/oss_bucket_0/qihang/gui_agent/images/ui_tars_zh_simulator/device1/instruction_30/sample_0/step_13.png' does not exist. Sleeping for 1 seconds...
Path '/data/oss_bucket_0/qihang/gui_agent/images/ui_tars_zh_simulator/device1/instruction_30/sample_0/step_13.png' does not exist. Sleeping for 1 seconds...
Path '/data/oss_bucket_0/qihang/gui_agent/images/ui_tars_zh_simulator/device1/instruction_30/sample_0/step_13.png' does not exist. Sleeping for 1 seconds...
Path '/data/oss_bucket_0/qihang/gui_agent/images/ui_tars_zh_simulator/device1/instruction_30/sample_0/step_13.png' exists! Reading the file...
Path '/data/oss_bucket_0/qihang/gui_agent/images/ui_tars_zh_simulator/device1/instruction_30/sample_0/step_12.png' exists! Reading the file...
Model Thought/Action: {'action': 'continue', 'thought': 'No tool call found.'}
--- Step 14 ---
Path '/data/oss_bucket_0/qihang/gui_agent/images/ui_tars_zh_simulator/device1/instruction_30/sample_0/step_14.png' does not exist. Sleeping for 1 seconds...
Path '/data/oss_bucket_0/qihang/gui_agent/images/ui_tars_zh_simulator/device1/instruction_30/sample_0/step_14.png' does not exist. Sleeping for 1 seconds...
Path '/data/oss_bucket_0/qihang/gui_agent/images/ui_tars_zh_simulator/device1/instruction_30/sample_0/step_14.png' does not exist. Sleeping for 1 seconds...
Path '/data/oss_bucket_0/qihang/gui_agent/images/ui_tars_zh_simulator/device1/instruction_30/sample_0/step_14.png' does not exist. Sleeping for 1 seconds...
Path '/data/oss_bucket_0/qihang/gui_agent/images/ui_tars_zh_simulator/device1/instruction_30/sample_0/step_14.png' does not exist. Sleeping for 1 seconds...
Path '/data/oss_bucket_0/qihang/gui_agent/images/ui_tars_zh_simulator/device1/instruction_30/sample_0/step_14.png' does not exist. Sleeping for 1 seconds...
Path '/data/oss_bucket_0/qihang/gui_agent/images/ui_tars_zh_simulator/device1/instruction_30/sample_0/step_14.png' exists! Reading the file...
Path '/data/oss_bucket_0/qihang/gui_agent/images/ui_tars_zh_simulator/device1/instruction_30/sample_0/step_13.png' exists! Reading the file...
Model Thought/Action: {'action': 'continue', 'thought': 'No tool call found.'}
--- Judging with GPT-4o ---
GPT-4o Evaluation Response: {'reason': "The agent repeatedly executed the same action 'click_home' without any progress towards the task of opening Taobao and searching for ski gloves. The screenshots show no change in the interface, indicating no meaningful actions were taken. There was no attempt to interact with the user for further instructions or clarification.", 'reward': 0, 'status': 'failure', 'inquiry': 'failure'}
Evaluating Instructions:  73%|███████▎  | 30/41 [1:24:24<30:34, 166.74s/it]
===== Evaluating Instruction 31/41 =====
Instruction: 帮我把13240388773加入到我的通讯录，姓名为阿航。
--- Step 0 ---
Path '/data/oss_bucket_0/qihang/gui_agent/images/ui_tars_zh_simulator/device1/instruction_31/sample_0/step_0.png' exists! Reading the file...
Model Thought/Action: {'phone': '13240388773'}
--- Step 1 ---
Path '/data/oss_bucket_0/qihang/gui_agent/images/ui_tars_zh_simulator/device1/instruction_31/sample_0/step_1.png' does not exist. Sleeping for 1 seconds...
Path '/data/oss_bucket_0/qihang/gui_agent/images/ui_tars_zh_simulator/device1/instruction_31/sample_0/step_1.png' does not exist. Sleeping for 1 seconds...
Path '/data/oss_bucket_0/qihang/gui_agent/images/ui_tars_zh_simulator/device1/instruction_31/sample_0/step_1.png' does not exist. Sleeping for 1 seconds...
Path '/data/oss_bucket_0/qihang/gui_agent/images/ui_tars_zh_simulator/device1/instruction_31/sample_0/step_1.png' does not exist. Sleeping for 1 seconds...
Path '/data/oss_bucket_0/qihang/gui_agent/images/ui_tars_zh_simulator/device1/instruction_31/sample_0/step_1.png' does not exist. Sleeping for 1 seconds...
Path '/data/oss_bucket_0/qihang/gui_agent/images/ui_tars_zh_simulator/device1/instruction_31/sample_0/step_1.png' does not exist. Sleeping for 1 seconds...
Path '/data/oss_bucket_0/qihang/gui_agent/images/ui_tars_zh_simulator/device1/instruction_31/sample_0/step_1.png' does not exist. Sleeping for 1 seconds...
Path '/data/oss_bucket_0/qihang/gui_agent/images/ui_tars_zh_simulator/device1/instruction_31/sample_0/step_1.png' does not exist. Sleeping for 1 seconds...
Path '/data/oss_bucket_0/qihang/gui_agent/images/ui_tars_zh_simulator/device1/instruction_31/sample_0/step_1.png' does not exist. Sleeping for 1 seconds...
Path '/data/oss_bucket_0/qihang/gui_agent/images/ui_tars_zh_simulator/device1/instruction_31/sample_0/step_1.png' does not exist. Sleeping for 1 seconds...
Path '/data/oss_bucket_0/qihang/gui_agent/images/ui_tars_zh_simulator/device1/instruction_31/sample_0/step_1.png' does not exist. Sleeping for 1 seconds...
Path '/data/oss_bucket_0/qihang/gui_agent/images/ui_tars_zh_simulator/device1/instruction_31/sample_0/step_1.png' does not exist. Sleeping for 1 seconds...
Path '/data/oss_bucket_0/qihang/gui_agent/images/ui_tars_zh_simulator/device1/instruction_31/sample_0/step_1.png' exists! Reading the file...
Path '/data/oss_bucket_0/qihang/gui_agent/images/ui_tars_zh_simulator/device1/instruction_31/sample_0/step_0.png' exists! Reading the file...
Model Thought/Action: {'phone': '13240388773'}
--- Step 2 ---
Path '/data/oss_bucket_0/qihang/gui_agent/images/ui_tars_zh_simulator/device1/instruction_31/sample_0/step_2.png' does not exist. Sleeping for 1 seconds...
Path '/data/oss_bucket_0/qihang/gui_agent/images/ui_tars_zh_simulator/device1/instruction_31/sample_0/step_2.png' does not exist. Sleeping for 1 seconds...
Path '/data/oss_bucket_0/qihang/gui_agent/images/ui_tars_zh_simulator/device1/instruction_31/sample_0/step_2.png' does not exist. Sleeping for 1 seconds...
Path '/data/oss_bucket_0/qihang/gui_agent/images/ui_tars_zh_simulator/device1/instruction_31/sample_0/step_2.png' does not exist. Sleeping for 1 seconds...
Path '/data/oss_bucket_0/qihang/gui_agent/images/ui_tars_zh_simulator/device1/instruction_31/sample_0/step_2.png' does not exist. Sleeping for 1 seconds...
Path '/data/oss_bucket_0/qihang/gui_agent/images/ui_tars_zh_simulator/device1/instruction_31/sample_0/step_2.png' does not exist. Sleeping for 1 seconds...
Path '/data/oss_bucket_0/qihang/gui_agent/images/ui_tars_zh_simulator/device1/instruction_31/sample_0/step_2.png' exists! Reading the file...
Path '/data/oss_bucket_0/qihang/gui_agent/images/ui_tars_zh_simulator/device1/instruction_31/sample_0/step_1.png' exists! Reading the file...
Model Thought/Action: {'phone': '13240388773'}
--- Step 3 ---
Path '/data/oss_bucket_0/qihang/gui_agent/images/ui_tars_zh_simulator/device1/instruction_31/sample_0/step_3.png' does not exist. Sleeping for 1 seconds...
Path '/data/oss_bucket_0/qihang/gui_agent/images/ui_tars_zh_simulator/device1/instruction_31/sample_0/step_3.png' does not exist. Sleeping for 1 seconds...
Path '/data/oss_bucket_0/qihang/gui_agent/images/ui_tars_zh_simulator/device1/instruction_31/sample_0/step_3.png' does not exist. Sleeping for 1 seconds...
Path '/data/oss_bucket_0/qihang/gui_agent/images/ui_tars_zh_simulator/device1/instruction_31/sample_0/step_3.png' does not exist. Sleeping for 1 seconds...
Path '/data/oss_bucket_0/qihang/gui_agent/images/ui_tars_zh_simulator/device1/instruction_31/sample_0/step_3.png' does not exist. Sleeping for 1 seconds...
Path '/data/oss_bucket_0/qihang/gui_agent/images/ui_tars_zh_simulator/device1/instruction_31/sample_0/step_3.png' does not exist. Sleeping for 1 seconds...
Path '/data/oss_bucket_0/qihang/gui_agent/images/ui_tars_zh_simulator/device1/instruction_31/sample_0/step_3.png' exists! Reading the file...
Path '/data/oss_bucket_0/qihang/gui_agent/images/ui_tars_zh_simulator/device1/instruction_31/sample_0/step_2.png' exists! Reading the file...
Model Thought/Action: {'phone': '13240388773'}
--- Step 4 ---
Path '/data/oss_bucket_0/qihang/gui_agent/images/ui_tars_zh_simulator/device1/instruction_31/sample_0/step_4.png' does not exist. Sleeping for 1 seconds...
Path '/data/oss_bucket_0/qihang/gui_agent/images/ui_tars_zh_simulator/device1/instruction_31/sample_0/step_4.png' does not exist. Sleeping for 1 seconds...
Path '/data/oss_bucket_0/qihang/gui_agent/images/ui_tars_zh_simulator/device1/instruction_31/sample_0/step_4.png' does not exist. Sleeping for 1 seconds...
Path '/data/oss_bucket_0/qihang/gui_agent/images/ui_tars_zh_simulator/device1/instruction_31/sample_0/step_4.png' does not exist. Sleeping for 1 seconds...
Path '/data/oss_bucket_0/qihang/gui_agent/images/ui_tars_zh_simulator/device1/instruction_31/sample_0/step_4.png' does not exist. Sleeping for 1 seconds...
Path '/data/oss_bucket_0/qihang/gui_agent/images/ui_tars_zh_simulator/device1/instruction_31/sample_0/step_4.png' does not exist. Sleeping for 1 seconds...
Path '/data/oss_bucket_0/qihang/gui_agent/images/ui_tars_zh_simulator/device1/instruction_31/sample_0/step_4.png' exists! Reading the file...
Path '/data/oss_bucket_0/qihang/gui_agent/images/ui_tars_zh_simulator/device1/instruction_31/sample_0/step_3.png' exists! Reading the file...
Model Thought/Action: {'phone': '13240388773'}
--- Step 5 ---
Path '/data/oss_bucket_0/qihang/gui_agent/images/ui_tars_zh_simulator/device1/instruction_31/sample_0/step_5.png' does not exist. Sleeping for 1 seconds...
Path '/data/oss_bucket_0/qihang/gui_agent/images/ui_tars_zh_simulator/device1/instruction_31/sample_0/step_5.png' does not exist. Sleeping for 1 seconds...
Path '/data/oss_bucket_0/qihang/gui_agent/images/ui_tars_zh_simulator/device1/instruction_31/sample_0/step_5.png' does not exist. Sleeping for 1 seconds...
Path '/data/oss_bucket_0/qihang/gui_agent/images/ui_tars_zh_simulator/device1/instruction_31/sample_0/step_5.png' does not exist. Sleeping for 1 seconds...
Path '/data/oss_bucket_0/qihang/gui_agent/images/ui_tars_zh_simulator/device1/instruction_31/sample_0/step_5.png' does not exist. Sleeping for 1 seconds...
Path '/data/oss_bucket_0/qihang/gui_agent/images/ui_tars_zh_simulator/device1/instruction_31/sample_0/step_5.png' does not exist. Sleeping for 1 seconds...
Path '/data/oss_bucket_0/qihang/gui_agent/images/ui_tars_zh_simulator/device1/instruction_31/sample_0/step_5.png' exists! Reading the file...
Path '/data/oss_bucket_0/qihang/gui_agent/images/ui_tars_zh_simulator/device1/instruction_31/sample_0/step_4.png' exists! Reading the file...
Model Thought/Action: {'phone': '13240388773'}
--- Step 6 ---
Path '/data/oss_bucket_0/qihang/gui_agent/images/ui_tars_zh_simulator/device1/instruction_31/sample_0/step_6.png' does not exist. Sleeping for 1 seconds...
Path '/data/oss_bucket_0/qihang/gui_agent/images/ui_tars_zh_simulator/device1/instruction_31/sample_0/step_6.png' does not exist. Sleeping for 1 seconds...
Path '/data/oss_bucket_0/qihang/gui_agent/images/ui_tars_zh_simulator/device1/instruction_31/sample_0/step_6.png' does not exist. Sleeping for 1 seconds...
Path '/data/oss_bucket_0/qihang/gui_agent/images/ui_tars_zh_simulator/device1/instruction_31/sample_0/step_6.png' does not exist. Sleeping for 1 seconds...
Path '/data/oss_bucket_0/qihang/gui_agent/images/ui_tars_zh_simulator/device1/instruction_31/sample_0/step_6.png' does not exist. Sleeping for 1 seconds...
Path '/data/oss_bucket_0/qihang/gui_agent/images/ui_tars_zh_simulator/device1/instruction_31/sample_0/step_6.png' does not exist. Sleeping for 1 seconds...
Path '/data/oss_bucket_0/qihang/gui_agent/images/ui_tars_zh_simulator/device1/instruction_31/sample_0/step_6.png' exists! Reading the file...
Path '/data/oss_bucket_0/qihang/gui_agent/images/ui_tars_zh_simulator/device1/instruction_31/sample_0/step_5.png' exists! Reading the file...
Model Thought/Action: {'phone': '13240388773'}
--- Step 7 ---
Path '/data/oss_bucket_0/qihang/gui_agent/images/ui_tars_zh_simulator/device1/instruction_31/sample_0/step_7.png' does not exist. Sleeping for 1 seconds...
Path '/data/oss_bucket_0/qihang/gui_agent/images/ui_tars_zh_simulator/device1/instruction_31/sample_0/step_7.png' does not exist. Sleeping for 1 seconds...
Path '/data/oss_bucket_0/qihang/gui_agent/images/ui_tars_zh_simulator/device1/instruction_31/sample_0/step_7.png' does not exist. Sleeping for 1 seconds...
Path '/data/oss_bucket_0/qihang/gui_agent/images/ui_tars_zh_simulator/device1/instruction_31/sample_0/step_7.png' does not exist. Sleeping for 1 seconds...
Path '/data/oss_bucket_0/qihang/gui_agent/images/ui_tars_zh_simulator/device1/instruction_31/sample_0/step_7.png' does not exist. Sleeping for 1 seconds...
Path '/data/oss_bucket_0/qihang/gui_agent/images/ui_tars_zh_simulator/device1/instruction_31/sample_0/step_7.png' does not exist. Sleeping for 1 seconds...
Path '/data/oss_bucket_0/qihang/gui_agent/images/ui_tars_zh_simulator/device1/instruction_31/sample_0/step_7.png' exists! Reading the file...
Path '/data/oss_bucket_0/qihang/gui_agent/images/ui_tars_zh_simulator/device1/instruction_31/sample_0/step_6.png' exists! Reading the file...
Model Thought/Action: {'phone': '13240388773'}
--- Step 8 ---
Path '/data/oss_bucket_0/qihang/gui_agent/images/ui_tars_zh_simulator/device1/instruction_31/sample_0/step_8.png' does not exist. Sleeping for 1 seconds...
Path '/data/oss_bucket_0/qihang/gui_agent/images/ui_tars_zh_simulator/device1/instruction_31/sample_0/step_8.png' does not exist. Sleeping for 1 seconds...
Path '/data/oss_bucket_0/qihang/gui_agent/images/ui_tars_zh_simulator/device1/instruction_31/sample_0/step_8.png' does not exist. Sleeping for 1 seconds...
Path '/data/oss_bucket_0/qihang/gui_agent/images/ui_tars_zh_simulator/device1/instruction_31/sample_0/step_8.png' does not exist. Sleeping for 1 seconds...
Path '/data/oss_bucket_0/qihang/gui_agent/images/ui_tars_zh_simulator/device1/instruction_31/sample_0/step_8.png' does not exist. Sleeping for 1 seconds...
Path '/data/oss_bucket_0/qihang/gui_agent/images/ui_tars_zh_simulator/device1/instruction_31/sample_0/step_8.png' does not exist. Sleeping for 1 seconds...
Path '/data/oss_bucket_0/qihang/gui_agent/images/ui_tars_zh_simulator/device1/instruction_31/sample_0/step_8.png' exists! Reading the file...
Path '/data/oss_bucket_0/qihang/gui_agent/images/ui_tars_zh_simulator/device1/instruction_31/sample_0/step_7.png' exists! Reading the file...
Model Thought/Action: {'phone': '13240388773'}
--- Step 9 ---
Path '/data/oss_bucket_0/qihang/gui_agent/images/ui_tars_zh_simulator/device1/instruction_31/sample_0/step_9.png' does not exist. Sleeping for 1 seconds...
Path '/data/oss_bucket_0/qihang/gui_agent/images/ui_tars_zh_simulator/device1/instruction_31/sample_0/step_9.png' does not exist. Sleeping for 1 seconds...
Path '/data/oss_bucket_0/qihang/gui_agent/images/ui_tars_zh_simulator/device1/instruction_31/sample_0/step_9.png' does not exist. Sleeping for 1 seconds...
Path '/data/oss_bucket_0/qihang/gui_agent/images/ui_tars_zh_simulator/device1/instruction_31/sample_0/step_9.png' does not exist. Sleeping for 1 seconds...
Path '/data/oss_bucket_0/qihang/gui_agent/images/ui_tars_zh_simulator/device1/instruction_31/sample_0/step_9.png' does not exist. Sleeping for 1 seconds...
Path '/data/oss_bucket_0/qihang/gui_agent/images/ui_tars_zh_simulator/device1/instruction_31/sample_0/step_9.png' does not exist. Sleeping for 1 seconds...
Path '/data/oss_bucket_0/qihang/gui_agent/images/ui_tars_zh_simulator/device1/instruction_31/sample_0/step_9.png' exists! Reading the file...
Path '/data/oss_bucket_0/qihang/gui_agent/images/ui_tars_zh_simulator/device1/instruction_31/sample_0/step_8.png' exists! Reading the file...
Model Thought/Action: {'phone': '13240388773'}
--- Step 10 ---
Path '/data/oss_bucket_0/qihang/gui_agent/images/ui_tars_zh_simulator/device1/instruction_31/sample_0/step_10.png' does not exist. Sleeping for 1 seconds...
Path '/data/oss_bucket_0/qihang/gui_agent/images/ui_tars_zh_simulator/device1/instruction_31/sample_0/step_10.png' does not exist. Sleeping for 1 seconds...
Path '/data/oss_bucket_0/qihang/gui_agent/images/ui_tars_zh_simulator/device1/instruction_31/sample_0/step_10.png' does not exist. Sleeping for 1 seconds...
Path '/data/oss_bucket_0/qihang/gui_agent/images/ui_tars_zh_simulator/device1/instruction_31/sample_0/step_10.png' does not exist. Sleeping for 1 seconds...
Path '/data/oss_bucket_0/qihang/gui_agent/images/ui_tars_zh_simulator/device1/instruction_31/sample_0/step_10.png' does not exist. Sleeping for 1 seconds...
Path '/data/oss_bucket_0/qihang/gui_agent/images/ui_tars_zh_simulator/device1/instruction_31/sample_0/step_10.png' does not exist. Sleeping for 1 seconds...
Path '/data/oss_bucket_0/qihang/gui_agent/images/ui_tars_zh_simulator/device1/instruction_31/sample_0/step_10.png' exists! Reading the file...
Path '/data/oss_bucket_0/qihang/gui_agent/images/ui_tars_zh_simulator/device1/instruction_31/sample_0/step_9.png' exists! Reading the file...
Model Thought/Action: {'phone': '13240388773'}
--- Step 11 ---
Path '/data/oss_bucket_0/qihang/gui_agent/images/ui_tars_zh_simulator/device1/instruction_31/sample_0/step_11.png' does not exist. Sleeping for 1 seconds...
Path '/data/oss_bucket_0/qihang/gui_agent/images/ui_tars_zh_simulator/device1/instruction_31/sample_0/step_11.png' does not exist. Sleeping for 1 seconds...
Path '/data/oss_bucket_0/qihang/gui_agent/images/ui_tars_zh_simulator/device1/instruction_31/sample_0/step_11.png' does not exist. Sleeping for 1 seconds...
Path '/data/oss_bucket_0/qihang/gui_agent/images/ui_tars_zh_simulator/device1/instruction_31/sample_0/step_11.png' does not exist. Sleeping for 1 seconds...
Path '/data/oss_bucket_0/qihang/gui_agent/images/ui_tars_zh_simulator/device1/instruction_31/sample_0/step_11.png' does not exist. Sleeping for 1 seconds...
Path '/data/oss_bucket_0/qihang/gui_agent/images/ui_tars_zh_simulator/device1/instruction_31/sample_0/step_11.png' does not exist. Sleeping for 1 seconds...
Path '/data/oss_bucket_0/qihang/gui_agent/images/ui_tars_zh_simulator/device1/instruction_31/sample_0/step_11.png' exists! Reading the file...
Path '/data/oss_bucket_0/qihang/gui_agent/images/ui_tars_zh_simulator/device1/instruction_31/sample_0/step_10.png' exists! Reading the file...
Model Thought/Action: {'phone': '13240388773'}
--- Step 12 ---
Path '/data/oss_bucket_0/qihang/gui_agent/images/ui_tars_zh_simulator/device1/instruction_31/sample_0/step_12.png' does not exist. Sleeping for 1 seconds...
Path '/data/oss_bucket_0/qihang/gui_agent/images/ui_tars_zh_simulator/device1/instruction_31/sample_0/step_12.png' does not exist. Sleeping for 1 seconds...
Path '/data/oss_bucket_0/qihang/gui_agent/images/ui_tars_zh_simulator/device1/instruction_31/sample_0/step_12.png' does not exist. Sleeping for 1 seconds...
Path '/data/oss_bucket_0/qihang/gui_agent/images/ui_tars_zh_simulator/device1/instruction_31/sample_0/step_12.png' does not exist. Sleeping for 1 seconds...
Path '/data/oss_bucket_0/qihang/gui_agent/images/ui_tars_zh_simulator/device1/instruction_31/sample_0/step_12.png' does not exist. Sleeping for 1 seconds...
Path '/data/oss_bucket_0/qihang/gui_agent/images/ui_tars_zh_simulator/device1/instruction_31/sample_0/step_12.png' does not exist. Sleeping for 1 seconds...
Path '/data/oss_bucket_0/qihang/gui_agent/images/ui_tars_zh_simulator/device1/instruction_31/sample_0/step_12.png' exists! Reading the file...
Path '/data/oss_bucket_0/qihang/gui_agent/images/ui_tars_zh_simulator/device1/instruction_31/sample_0/step_11.png' exists! Reading the file...
Model Thought/Action: {'phone': '13240388773'}
--- Step 13 ---
Path '/data/oss_bucket_0/qihang/gui_agent/images/ui_tars_zh_simulator/device1/instruction_31/sample_0/step_13.png' does not exist. Sleeping for 1 seconds...
Path '/data/oss_bucket_0/qihang/gui_agent/images/ui_tars_zh_simulator/device1/instruction_31/sample_0/step_13.png' does not exist. Sleeping for 1 seconds...
Path '/data/oss_bucket_0/qihang/gui_agent/images/ui_tars_zh_simulator/device1/instruction_31/sample_0/step_13.png' does not exist. Sleeping for 1 seconds...
Path '/data/oss_bucket_0/qihang/gui_agent/images/ui_tars_zh_simulator/device1/instruction_31/sample_0/step_13.png' does not exist. Sleeping for 1 seconds...
Path '/data/oss_bucket_0/qihang/gui_agent/images/ui_tars_zh_simulator/device1/instruction_31/sample_0/step_13.png' does not exist. Sleeping for 1 seconds...
Path '/data/oss_bucket_0/qihang/gui_agent/images/ui_tars_zh_simulator/device1/instruction_31/sample_0/step_13.png' does not exist. Sleeping for 1 seconds...
Path '/data/oss_bucket_0/qihang/gui_agent/images/ui_tars_zh_simulator/device1/instruction_31/sample_0/step_13.png' exists! Reading the file...
Path '/data/oss_bucket_0/qihang/gui_agent/images/ui_tars_zh_simulator/device1/instruction_31/sample_0/step_12.png' exists! Reading the file...
Model Thought/Action: {'phone': '13240388773'}
--- Step 14 ---
Path '/data/oss_bucket_0/qihang/gui_agent/images/ui_tars_zh_simulator/device1/instruction_31/sample_0/step_14.png' does not exist. Sleeping for 1 seconds...
Path '/data/oss_bucket_0/qihang/gui_agent/images/ui_tars_zh_simulator/device1/instruction_31/sample_0/step_14.png' does not exist. Sleeping for 1 seconds...
Path '/data/oss_bucket_0/qihang/gui_agent/images/ui_tars_zh_simulator/device1/instruction_31/sample_0/step_14.png' does not exist. Sleeping for 1 seconds...
Path '/data/oss_bucket_0/qihang/gui_agent/images/ui_tars_zh_simulator/device1/instruction_31/sample_0/step_14.png' does not exist. Sleeping for 1 seconds...
Path '/data/oss_bucket_0/qihang/gui_agent/images/ui_tars_zh_simulator/device1/instruction_31/sample_0/step_14.png' does not exist. Sleeping for 1 seconds...
Path '/data/oss_bucket_0/qihang/gui_agent/images/ui_tars_zh_simulator/device1/instruction_31/sample_0/step_14.png' does not exist. Sleeping for 1 seconds...
Path '/data/oss_bucket_0/qihang/gui_agent/images/ui_tars_zh_simulator/device1/instruction_31/sample_0/step_14.png' exists! Reading the file...
Path '/data/oss_bucket_0/qihang/gui_agent/images/ui_tars_zh_simulator/device1/instruction_31/sample_0/step_13.png' exists! Reading the file...
Model Thought/Action: {'phone': '13240388773'}
--- Judging with GPT-4o ---
GPT-4o Evaluation Response: {'reason': 'The agent repeatedly attempted to open the contacts application but failed to do so, as evidenced by the repeated tool calls and identical screenshots. The task of adding a contact was not completed, and there was no progress towards the goal. Additionally, there was no user interaction to resolve the issue or seek guidance.', 'reward': 0, 'status': 'failure', 'inquiry': 'failure'}
Evaluating Instructions:  76%|███████▌  | 31/41 [1:27:07<27:36, 165.66s/it]
===== Evaluating Instruction 32/41 =====
Instruction: 帮我把13240388773加入到我的通讯录，姓名为阿航。
--- Step 0 ---
Path '/data/oss_bucket_0/qihang/gui_agent/images/ui_tars_zh_simulator/device1/instruction_32/sample_0/step_0.png' exists! Reading the file...
Model Thought/Action: {'phone': '13240388773'}
--- Step 1 ---
Path '/data/oss_bucket_0/qihang/gui_agent/images/ui_tars_zh_simulator/device1/instruction_32/sample_0/step_1.png' does not exist. Sleeping for 1 seconds...
Path '/data/oss_bucket_0/qihang/gui_agent/images/ui_tars_zh_simulator/device1/instruction_32/sample_0/step_1.png' does not exist. Sleeping for 1 seconds...
Path '/data/oss_bucket_0/qihang/gui_agent/images/ui_tars_zh_simulator/device1/instruction_32/sample_0/step_1.png' does not exist. Sleeping for 1 seconds...
Path '/data/oss_bucket_0/qihang/gui_agent/images/ui_tars_zh_simulator/device1/instruction_32/sample_0/step_1.png' does not exist. Sleeping for 1 seconds...
Path '/data/oss_bucket_0/qihang/gui_agent/images/ui_tars_zh_simulator/device1/instruction_32/sample_0/step_1.png' does not exist. Sleeping for 1 seconds...
Path '/data/oss_bucket_0/qihang/gui_agent/images/ui_tars_zh_simulator/device1/instruction_32/sample_0/step_1.png' does not exist. Sleeping for 1 seconds...
Path '/data/oss_bucket_0/qihang/gui_agent/images/ui_tars_zh_simulator/device1/instruction_32/sample_0/step_1.png' does not exist. Sleeping for 1 seconds...
Path '/data/oss_bucket_0/qihang/gui_agent/images/ui_tars_zh_simulator/device1/instruction_32/sample_0/step_1.png' does not exist. Sleeping for 1 seconds...
Path '/data/oss_bucket_0/qihang/gui_agent/images/ui_tars_zh_simulator/device1/instruction_32/sample_0/step_1.png' does not exist. Sleeping for 1 seconds...
Path '/data/oss_bucket_0/qihang/gui_agent/images/ui_tars_zh_simulator/device1/instruction_32/sample_0/step_1.png' does not exist. Sleeping for 1 seconds...
Path '/data/oss_bucket_0/qihang/gui_agent/images/ui_tars_zh_simulator/device1/instruction_32/sample_0/step_1.png' does not exist. Sleeping for 1 seconds...
Path '/data/oss_bucket_0/qihang/gui_agent/images/ui_tars_zh_simulator/device1/instruction_32/sample_0/step_1.png' does not exist. Sleeping for 1 seconds...
Path '/data/oss_bucket_0/qihang/gui_agent/images/ui_tars_zh_simulator/device1/instruction_32/sample_0/step_1.png' exists! Reading the file...
Path '/data/oss_bucket_0/qihang/gui_agent/images/ui_tars_zh_simulator/device1/instruction_32/sample_0/step_0.png' exists! Reading the file...
Model Thought/Action: {'phone': '13240388773'}
--- Step 2 ---
Path '/data/oss_bucket_0/qihang/gui_agent/images/ui_tars_zh_simulator/device1/instruction_32/sample_0/step_2.png' does not exist. Sleeping for 1 seconds...
Path '/data/oss_bucket_0/qihang/gui_agent/images/ui_tars_zh_simulator/device1/instruction_32/sample_0/step_2.png' does not exist. Sleeping for 1 seconds...
Path '/data/oss_bucket_0/qihang/gui_agent/images/ui_tars_zh_simulator/device1/instruction_32/sample_0/step_2.png' does not exist. Sleeping for 1 seconds...
Path '/data/oss_bucket_0/qihang/gui_agent/images/ui_tars_zh_simulator/device1/instruction_32/sample_0/step_2.png' does not exist. Sleeping for 1 seconds...
Path '/data/oss_bucket_0/qihang/gui_agent/images/ui_tars_zh_simulator/device1/instruction_32/sample_0/step_2.png' does not exist. Sleeping for 1 seconds...
Path '/data/oss_bucket_0/qihang/gui_agent/images/ui_tars_zh_simulator/device1/instruction_32/sample_0/step_2.png' does not exist. Sleeping for 1 seconds...
Path '/data/oss_bucket_0/qihang/gui_agent/images/ui_tars_zh_simulator/device1/instruction_32/sample_0/step_2.png' exists! Reading the file...
Path '/data/oss_bucket_0/qihang/gui_agent/images/ui_tars_zh_simulator/device1/instruction_32/sample_0/step_1.png' exists! Reading the file...
Model Thought/Action: {'phone': '13240388773'}
--- Step 3 ---
Path '/data/oss_bucket_0/qihang/gui_agent/images/ui_tars_zh_simulator/device1/instruction_32/sample_0/step_3.png' does not exist. Sleeping for 1 seconds...
Path '/data/oss_bucket_0/qihang/gui_agent/images/ui_tars_zh_simulator/device1/instruction_32/sample_0/step_3.png' does not exist. Sleeping for 1 seconds...
Path '/data/oss_bucket_0/qihang/gui_agent/images/ui_tars_zh_simulator/device1/instruction_32/sample_0/step_3.png' does not exist. Sleeping for 1 seconds...
Path '/data/oss_bucket_0/qihang/gui_agent/images/ui_tars_zh_simulator/device1/instruction_32/sample_0/step_3.png' does not exist. Sleeping for 1 seconds...
Path '/data/oss_bucket_0/qihang/gui_agent/images/ui_tars_zh_simulator/device1/instruction_32/sample_0/step_3.png' does not exist. Sleeping for 1 seconds...
Path '/data/oss_bucket_0/qihang/gui_agent/images/ui_tars_zh_simulator/device1/instruction_32/sample_0/step_3.png' does not exist. Sleeping for 1 seconds...
Path '/data/oss_bucket_0/qihang/gui_agent/images/ui_tars_zh_simulator/device1/instruction_32/sample_0/step_3.png' exists! Reading the file...
Path '/data/oss_bucket_0/qihang/gui_agent/images/ui_tars_zh_simulator/device1/instruction_32/sample_0/step_2.png' exists! Reading the file...
Model Thought/Action: {'phone': '13240388773'}
--- Step 4 ---
Path '/data/oss_bucket_0/qihang/gui_agent/images/ui_tars_zh_simulator/device1/instruction_32/sample_0/step_4.png' does not exist. Sleeping for 1 seconds...
Path '/data/oss_bucket_0/qihang/gui_agent/images/ui_tars_zh_simulator/device1/instruction_32/sample_0/step_4.png' does not exist. Sleeping for 1 seconds...
Path '/data/oss_bucket_0/qihang/gui_agent/images/ui_tars_zh_simulator/device1/instruction_32/sample_0/step_4.png' does not exist. Sleeping for 1 seconds...
Path '/data/oss_bucket_0/qihang/gui_agent/images/ui_tars_zh_simulator/device1/instruction_32/sample_0/step_4.png' does not exist. Sleeping for 1 seconds...
Path '/data/oss_bucket_0/qihang/gui_agent/images/ui_tars_zh_simulator/device1/instruction_32/sample_0/step_4.png' does not exist. Sleeping for 1 seconds...
Path '/data/oss_bucket_0/qihang/gui_agent/images/ui_tars_zh_simulator/device1/instruction_32/sample_0/step_4.png' does not exist. Sleeping for 1 seconds...
Path '/data/oss_bucket_0/qihang/gui_agent/images/ui_tars_zh_simulator/device1/instruction_32/sample_0/step_4.png' exists! Reading the file...
Path '/data/oss_bucket_0/qihang/gui_agent/images/ui_tars_zh_simulator/device1/instruction_32/sample_0/step_3.png' exists! Reading the file...
Model Thought/Action: {'phone': '13240388773'}
--- Step 5 ---
Path '/data/oss_bucket_0/qihang/gui_agent/images/ui_tars_zh_simulator/device1/instruction_32/sample_0/step_5.png' does not exist. Sleeping for 1 seconds...
Path '/data/oss_bucket_0/qihang/gui_agent/images/ui_tars_zh_simulator/device1/instruction_32/sample_0/step_5.png' does not exist. Sleeping for 1 seconds...
Path '/data/oss_bucket_0/qihang/gui_agent/images/ui_tars_zh_simulator/device1/instruction_32/sample_0/step_5.png' does not exist. Sleeping for 1 seconds...
Path '/data/oss_bucket_0/qihang/gui_agent/images/ui_tars_zh_simulator/device1/instruction_32/sample_0/step_5.png' does not exist. Sleeping for 1 seconds...
Path '/data/oss_bucket_0/qihang/gui_agent/images/ui_tars_zh_simulator/device1/instruction_32/sample_0/step_5.png' does not exist. Sleeping for 1 seconds...
Path '/data/oss_bucket_0/qihang/gui_agent/images/ui_tars_zh_simulator/device1/instruction_32/sample_0/step_5.png' does not exist. Sleeping for 1 seconds...
Path '/data/oss_bucket_0/qihang/gui_agent/images/ui_tars_zh_simulator/device1/instruction_32/sample_0/step_5.png' exists! Reading the file...
Path '/data/oss_bucket_0/qihang/gui_agent/images/ui_tars_zh_simulator/device1/instruction_32/sample_0/step_4.png' exists! Reading the file...
Model Thought/Action: {'phone': '13240388773'}
--- Step 6 ---
Path '/data/oss_bucket_0/qihang/gui_agent/images/ui_tars_zh_simulator/device1/instruction_32/sample_0/step_6.png' does not exist. Sleeping for 1 seconds...
Path '/data/oss_bucket_0/qihang/gui_agent/images/ui_tars_zh_simulator/device1/instruction_32/sample_0/step_6.png' does not exist. Sleeping for 1 seconds...
Path '/data/oss_bucket_0/qihang/gui_agent/images/ui_tars_zh_simulator/device1/instruction_32/sample_0/step_6.png' does not exist. Sleeping for 1 seconds...
Path '/data/oss_bucket_0/qihang/gui_agent/images/ui_tars_zh_simulator/device1/instruction_32/sample_0/step_6.png' does not exist. Sleeping for 1 seconds...
Path '/data/oss_bucket_0/qihang/gui_agent/images/ui_tars_zh_simulator/device1/instruction_32/sample_0/step_6.png' does not exist. Sleeping for 1 seconds...
Path '/data/oss_bucket_0/qihang/gui_agent/images/ui_tars_zh_simulator/device1/instruction_32/sample_0/step_6.png' does not exist. Sleeping for 1 seconds...
Path '/data/oss_bucket_0/qihang/gui_agent/images/ui_tars_zh_simulator/device1/instruction_32/sample_0/step_6.png' exists! Reading the file...
Path '/data/oss_bucket_0/qihang/gui_agent/images/ui_tars_zh_simulator/device1/instruction_32/sample_0/step_5.png' exists! Reading the file...
Model Thought/Action: {'phone': '13240388773'}
--- Step 7 ---
Path '/data/oss_bucket_0/qihang/gui_agent/images/ui_tars_zh_simulator/device1/instruction_32/sample_0/step_7.png' does not exist. Sleeping for 1 seconds...
Path '/data/oss_bucket_0/qihang/gui_agent/images/ui_tars_zh_simulator/device1/instruction_32/sample_0/step_7.png' does not exist. Sleeping for 1 seconds...
Path '/data/oss_bucket_0/qihang/gui_agent/images/ui_tars_zh_simulator/device1/instruction_32/sample_0/step_7.png' does not exist. Sleeping for 1 seconds...
Path '/data/oss_bucket_0/qihang/gui_agent/images/ui_tars_zh_simulator/device1/instruction_32/sample_0/step_7.png' does not exist. Sleeping for 1 seconds...
Path '/data/oss_bucket_0/qihang/gui_agent/images/ui_tars_zh_simulator/device1/instruction_32/sample_0/step_7.png' does not exist. Sleeping for 1 seconds...
Path '/data/oss_bucket_0/qihang/gui_agent/images/ui_tars_zh_simulator/device1/instruction_32/sample_0/step_7.png' does not exist. Sleeping for 1 seconds...
Path '/data/oss_bucket_0/qihang/gui_agent/images/ui_tars_zh_simulator/device1/instruction_32/sample_0/step_7.png' exists! Reading the file...
Path '/data/oss_bucket_0/qihang/gui_agent/images/ui_tars_zh_simulator/device1/instruction_32/sample_0/step_6.png' exists! Reading the file...
Model Thought/Action: {'phone': '13240388773'}
--- Step 8 ---
Path '/data/oss_bucket_0/qihang/gui_agent/images/ui_tars_zh_simulator/device1/instruction_32/sample_0/step_8.png' does not exist. Sleeping for 1 seconds...
Path '/data/oss_bucket_0/qihang/gui_agent/images/ui_tars_zh_simulator/device1/instruction_32/sample_0/step_8.png' does not exist. Sleeping for 1 seconds...
Path '/data/oss_bucket_0/qihang/gui_agent/images/ui_tars_zh_simulator/device1/instruction_32/sample_0/step_8.png' does not exist. Sleeping for 1 seconds...
Path '/data/oss_bucket_0/qihang/gui_agent/images/ui_tars_zh_simulator/device1/instruction_32/sample_0/step_8.png' does not exist. Sleeping for 1 seconds...
Path '/data/oss_bucket_0/qihang/gui_agent/images/ui_tars_zh_simulator/device1/instruction_32/sample_0/step_8.png' does not exist. Sleeping for 1 seconds...
Path '/data/oss_bucket_0/qihang/gui_agent/images/ui_tars_zh_simulator/device1/instruction_32/sample_0/step_8.png' does not exist. Sleeping for 1 seconds...
Path '/data/oss_bucket_0/qihang/gui_agent/images/ui_tars_zh_simulator/device1/instruction_32/sample_0/step_8.png' exists! Reading the file...
Path '/data/oss_bucket_0/qihang/gui_agent/images/ui_tars_zh_simulator/device1/instruction_32/sample_0/step_7.png' exists! Reading the file...
Model Thought/Action: {'phone': '13240388773'}
--- Step 9 ---
Path '/data/oss_bucket_0/qihang/gui_agent/images/ui_tars_zh_simulator/device1/instruction_32/sample_0/step_9.png' does not exist. Sleeping for 1 seconds...
Path '/data/oss_bucket_0/qihang/gui_agent/images/ui_tars_zh_simulator/device1/instruction_32/sample_0/step_9.png' does not exist. Sleeping for 1 seconds...
Path '/data/oss_bucket_0/qihang/gui_agent/images/ui_tars_zh_simulator/device1/instruction_32/sample_0/step_9.png' does not exist. Sleeping for 1 seconds...
Path '/data/oss_bucket_0/qihang/gui_agent/images/ui_tars_zh_simulator/device1/instruction_32/sample_0/step_9.png' does not exist. Sleeping for 1 seconds...
Path '/data/oss_bucket_0/qihang/gui_agent/images/ui_tars_zh_simulator/device1/instruction_32/sample_0/step_9.png' does not exist. Sleeping for 1 seconds...
Path '/data/oss_bucket_0/qihang/gui_agent/images/ui_tars_zh_simulator/device1/instruction_32/sample_0/step_9.png' does not exist. Sleeping for 1 seconds...
Path '/data/oss_bucket_0/qihang/gui_agent/images/ui_tars_zh_simulator/device1/instruction_32/sample_0/step_9.png' exists! Reading the file...
Path '/data/oss_bucket_0/qihang/gui_agent/images/ui_tars_zh_simulator/device1/instruction_32/sample_0/step_8.png' exists! Reading the file...
Model Thought/Action: {'phone': '13240388773'}
--- Step 10 ---
Path '/data/oss_bucket_0/qihang/gui_agent/images/ui_tars_zh_simulator/device1/instruction_32/sample_0/step_10.png' does not exist. Sleeping for 1 seconds...
Path '/data/oss_bucket_0/qihang/gui_agent/images/ui_tars_zh_simulator/device1/instruction_32/sample_0/step_10.png' does not exist. Sleeping for 1 seconds...
Path '/data/oss_bucket_0/qihang/gui_agent/images/ui_tars_zh_simulator/device1/instruction_32/sample_0/step_10.png' does not exist. Sleeping for 1 seconds...
Path '/data/oss_bucket_0/qihang/gui_agent/images/ui_tars_zh_simulator/device1/instruction_32/sample_0/step_10.png' does not exist. Sleeping for 1 seconds...
Path '/data/oss_bucket_0/qihang/gui_agent/images/ui_tars_zh_simulator/device1/instruction_32/sample_0/step_10.png' does not exist. Sleeping for 1 seconds...
Path '/data/oss_bucket_0/qihang/gui_agent/images/ui_tars_zh_simulator/device1/instruction_32/sample_0/step_10.png' does not exist. Sleeping for 1 seconds...
Path '/data/oss_bucket_0/qihang/gui_agent/images/ui_tars_zh_simulator/device1/instruction_32/sample_0/step_10.png' exists! Reading the file...
Path '/data/oss_bucket_0/qihang/gui_agent/images/ui_tars_zh_simulator/device1/instruction_32/sample_0/step_9.png' exists! Reading the file...
Model Thought/Action: {'phone': '13240388773'}
--- Step 11 ---
Path '/data/oss_bucket_0/qihang/gui_agent/images/ui_tars_zh_simulator/device1/instruction_32/sample_0/step_11.png' does not exist. Sleeping for 1 seconds...
Path '/data/oss_bucket_0/qihang/gui_agent/images/ui_tars_zh_simulator/device1/instruction_32/sample_0/step_11.png' does not exist. Sleeping for 1 seconds...
Path '/data/oss_bucket_0/qihang/gui_agent/images/ui_tars_zh_simulator/device1/instruction_32/sample_0/step_11.png' does not exist. Sleeping for 1 seconds...
Path '/data/oss_bucket_0/qihang/gui_agent/images/ui_tars_zh_simulator/device1/instruction_32/sample_0/step_11.png' does not exist. Sleeping for 1 seconds...
Path '/data/oss_bucket_0/qihang/gui_agent/images/ui_tars_zh_simulator/device1/instruction_32/sample_0/step_11.png' does not exist. Sleeping for 1 seconds...
Path '/data/oss_bucket_0/qihang/gui_agent/images/ui_tars_zh_simulator/device1/instruction_32/sample_0/step_11.png' does not exist. Sleeping for 1 seconds...
Path '/data/oss_bucket_0/qihang/gui_agent/images/ui_tars_zh_simulator/device1/instruction_32/sample_0/step_11.png' exists! Reading the file...
Path '/data/oss_bucket_0/qihang/gui_agent/images/ui_tars_zh_simulator/device1/instruction_32/sample_0/step_10.png' exists! Reading the file...
Model Thought/Action: {'phone': '13240388773'}
--- Step 12 ---
Path '/data/oss_bucket_0/qihang/gui_agent/images/ui_tars_zh_simulator/device1/instruction_32/sample_0/step_12.png' does not exist. Sleeping for 1 seconds...
Path '/data/oss_bucket_0/qihang/gui_agent/images/ui_tars_zh_simulator/device1/instruction_32/sample_0/step_12.png' does not exist. Sleeping for 1 seconds...
Path '/data/oss_bucket_0/qihang/gui_agent/images/ui_tars_zh_simulator/device1/instruction_32/sample_0/step_12.png' does not exist. Sleeping for 1 seconds...
Path '/data/oss_bucket_0/qihang/gui_agent/images/ui_tars_zh_simulator/device1/instruction_32/sample_0/step_12.png' does not exist. Sleeping for 1 seconds...
Path '/data/oss_bucket_0/qihang/gui_agent/images/ui_tars_zh_simulator/device1/instruction_32/sample_0/step_12.png' does not exist. Sleeping for 1 seconds...
Path '/data/oss_bucket_0/qihang/gui_agent/images/ui_tars_zh_simulator/device1/instruction_32/sample_0/step_12.png' does not exist. Sleeping for 1 seconds...
Path '/data/oss_bucket_0/qihang/gui_agent/images/ui_tars_zh_simulator/device1/instruction_32/sample_0/step_12.png' exists! Reading the file...
Path '/data/oss_bucket_0/qihang/gui_agent/images/ui_tars_zh_simulator/device1/instruction_32/sample_0/step_11.png' exists! Reading the file...
Model Thought/Action: {'phone': '13240388773'}
--- Step 13 ---
Path '/data/oss_bucket_0/qihang/gui_agent/images/ui_tars_zh_simulator/device1/instruction_32/sample_0/step_13.png' does not exist. Sleeping for 1 seconds...
Path '/data/oss_bucket_0/qihang/gui_agent/images/ui_tars_zh_simulator/device1/instruction_32/sample_0/step_13.png' does not exist. Sleeping for 1 seconds...
Path '/data/oss_bucket_0/qihang/gui_agent/images/ui_tars_zh_simulator/device1/instruction_32/sample_0/step_13.png' does not exist. Sleeping for 1 seconds...
Path '/data/oss_bucket_0/qihang/gui_agent/images/ui_tars_zh_simulator/device1/instruction_32/sample_0/step_13.png' does not exist. Sleeping for 1 seconds...
Path '/data/oss_bucket_0/qihang/gui_agent/images/ui_tars_zh_simulator/device1/instruction_32/sample_0/step_13.png' does not exist. Sleeping for 1 seconds...
Path '/data/oss_bucket_0/qihang/gui_agent/images/ui_tars_zh_simulator/device1/instruction_32/sample_0/step_13.png' does not exist. Sleeping for 1 seconds...
Path '/data/oss_bucket_0/qihang/gui_agent/images/ui_tars_zh_simulator/device1/instruction_32/sample_0/step_13.png' exists! Reading the file...
Path '/data/oss_bucket_0/qihang/gui_agent/images/ui_tars_zh_simulator/device1/instruction_32/sample_0/step_12.png' exists! Reading the file...
Model Thought/Action: {'phone': '13240388773'}
--- Step 14 ---
Path '/data/oss_bucket_0/qihang/gui_agent/images/ui_tars_zh_simulator/device1/instruction_32/sample_0/step_14.png' does not exist. Sleeping for 1 seconds...
Path '/data/oss_bucket_0/qihang/gui_agent/images/ui_tars_zh_simulator/device1/instruction_32/sample_0/step_14.png' does not exist. Sleeping for 1 seconds...
Path '/data/oss_bucket_0/qihang/gui_agent/images/ui_tars_zh_simulator/device1/instruction_32/sample_0/step_14.png' does not exist. Sleeping for 1 seconds...
Path '/data/oss_bucket_0/qihang/gui_agent/images/ui_tars_zh_simulator/device1/instruction_32/sample_0/step_14.png' does not exist. Sleeping for 1 seconds...
Path '/data/oss_bucket_0/qihang/gui_agent/images/ui_tars_zh_simulator/device1/instruction_32/sample_0/step_14.png' does not exist. Sleeping for 1 seconds...
Path '/data/oss_bucket_0/qihang/gui_agent/images/ui_tars_zh_simulator/device1/instruction_32/sample_0/step_14.png' does not exist. Sleeping for 1 seconds...
Path '/data/oss_bucket_0/qihang/gui_agent/images/ui_tars_zh_simulator/device1/instruction_32/sample_0/step_14.png' exists! Reading the file...
Path '/data/oss_bucket_0/qihang/gui_agent/images/ui_tars_zh_simulator/device1/instruction_32/sample_0/step_13.png' exists! Reading the file...
Model Thought/Action: {'phone': '13240388773'}
--- Judging with GPT-4o ---
GPT-4o Evaluation Response: {'reason': 'The agent repeatedly attempted to call a phone number instead of opening the contacts app to add a new contact. The task was not completed as the agent did not perform any meaningful actions towards adding the contact to the address book. The agent did not seek user interaction at any point, which might have helped clarify the task or correct the course of action.', 'reward': 0, 'status': 'failure', 'inquiry': 'failure'}
Evaluating Instructions:  78%|███████▊  | 32/41 [1:29:45<24:31, 163.46s/it]
===== Evaluating Instruction 33/41 =====
Instruction: 帮我拨打号码+86-12345678901
--- Step 0 ---
Path '/data/oss_bucket_0/qihang/gui_agent/images/ui_tars_zh_simulator/device1/instruction_33/sample_0/step_0.png' exists! Reading the file...
Model Thought/Action: {'call': '+86-12345678901'}
--- Step 1 ---
Path '/data/oss_bucket_0/qihang/gui_agent/images/ui_tars_zh_simulator/device1/instruction_33/sample_0/step_1.png' does not exist. Sleeping for 1 seconds...
Path '/data/oss_bucket_0/qihang/gui_agent/images/ui_tars_zh_simulator/device1/instruction_33/sample_0/step_1.png' does not exist. Sleeping for 1 seconds...
Path '/data/oss_bucket_0/qihang/gui_agent/images/ui_tars_zh_simulator/device1/instruction_33/sample_0/step_1.png' does not exist. Sleeping for 1 seconds...
Path '/data/oss_bucket_0/qihang/gui_agent/images/ui_tars_zh_simulator/device1/instruction_33/sample_0/step_1.png' does not exist. Sleeping for 1 seconds...
Path '/data/oss_bucket_0/qihang/gui_agent/images/ui_tars_zh_simulator/device1/instruction_33/sample_0/step_1.png' does not exist. Sleeping for 1 seconds...
Path '/data/oss_bucket_0/qihang/gui_agent/images/ui_tars_zh_simulator/device1/instruction_33/sample_0/step_1.png' does not exist. Sleeping for 1 seconds...
Path '/data/oss_bucket_0/qihang/gui_agent/images/ui_tars_zh_simulator/device1/instruction_33/sample_0/step_1.png' does not exist. Sleeping for 1 seconds...
Path '/data/oss_bucket_0/qihang/gui_agent/images/ui_tars_zh_simulator/device1/instruction_33/sample_0/step_1.png' does not exist. Sleeping for 1 seconds...
Path '/data/oss_bucket_0/qihang/gui_agent/images/ui_tars_zh_simulator/device1/instruction_33/sample_0/step_1.png' does not exist. Sleeping for 1 seconds...
Path '/data/oss_bucket_0/qihang/gui_agent/images/ui_tars_zh_simulator/device1/instruction_33/sample_0/step_1.png' does not exist. Sleeping for 1 seconds...
Path '/data/oss_bucket_0/qihang/gui_agent/images/ui_tars_zh_simulator/device1/instruction_33/sample_0/step_1.png' does not exist. Sleeping for 1 seconds...
Path '/data/oss_bucket_0/qihang/gui_agent/images/ui_tars_zh_simulator/device1/instruction_33/sample_0/step_1.png' does not exist. Sleeping for 1 seconds...
Path '/data/oss_bucket_0/qihang/gui_agent/images/ui_tars_zh_simulator/device1/instruction_33/sample_0/step_1.png' exists! Reading the file...
Path '/data/oss_bucket_0/qihang/gui_agent/images/ui_tars_zh_simulator/device1/instruction_33/sample_0/step_0.png' exists! Reading the file...
Model Thought/Action: {'call': '+86-12345678901'}
--- Step 2 ---
Path '/data/oss_bucket_0/qihang/gui_agent/images/ui_tars_zh_simulator/device1/instruction_33/sample_0/step_2.png' does not exist. Sleeping for 1 seconds...
Path '/data/oss_bucket_0/qihang/gui_agent/images/ui_tars_zh_simulator/device1/instruction_33/sample_0/step_2.png' does not exist. Sleeping for 1 seconds...
Path '/data/oss_bucket_0/qihang/gui_agent/images/ui_tars_zh_simulator/device1/instruction_33/sample_0/step_2.png' does not exist. Sleeping for 1 seconds...
Path '/data/oss_bucket_0/qihang/gui_agent/images/ui_tars_zh_simulator/device1/instruction_33/sample_0/step_2.png' does not exist. Sleeping for 1 seconds...
Path '/data/oss_bucket_0/qihang/gui_agent/images/ui_tars_zh_simulator/device1/instruction_33/sample_0/step_2.png' does not exist. Sleeping for 1 seconds...
Path '/data/oss_bucket_0/qihang/gui_agent/images/ui_tars_zh_simulator/device1/instruction_33/sample_0/step_2.png' does not exist. Sleeping for 1 seconds...
Path '/data/oss_bucket_0/qihang/gui_agent/images/ui_tars_zh_simulator/device1/instruction_33/sample_0/step_2.png' exists! Reading the file...
Path '/data/oss_bucket_0/qihang/gui_agent/images/ui_tars_zh_simulator/device1/instruction_33/sample_0/step_1.png' exists! Reading the file...
Model Thought/Action: {'call': '+86-12345678901'}
--- Step 3 ---
Path '/data/oss_bucket_0/qihang/gui_agent/images/ui_tars_zh_simulator/device1/instruction_33/sample_0/step_3.png' does not exist. Sleeping for 1 seconds...
Path '/data/oss_bucket_0/qihang/gui_agent/images/ui_tars_zh_simulator/device1/instruction_33/sample_0/step_3.png' does not exist. Sleeping for 1 seconds...
Path '/data/oss_bucket_0/qihang/gui_agent/images/ui_tars_zh_simulator/device1/instruction_33/sample_0/step_3.png' does not exist. Sleeping for 1 seconds...
Path '/data/oss_bucket_0/qihang/gui_agent/images/ui_tars_zh_simulator/device1/instruction_33/sample_0/step_3.png' does not exist. Sleeping for 1 seconds...
Path '/data/oss_bucket_0/qihang/gui_agent/images/ui_tars_zh_simulator/device1/instruction_33/sample_0/step_3.png' does not exist. Sleeping for 1 seconds...
Path '/data/oss_bucket_0/qihang/gui_agent/images/ui_tars_zh_simulator/device1/instruction_33/sample_0/step_3.png' does not exist. Sleeping for 1 seconds...
Path '/data/oss_bucket_0/qihang/gui_agent/images/ui_tars_zh_simulator/device1/instruction_33/sample_0/step_3.png' exists! Reading the file...
Path '/data/oss_bucket_0/qihang/gui_agent/images/ui_tars_zh_simulator/device1/instruction_33/sample_0/step_2.png' exists! Reading the file...
Model Thought/Action: {'call': '+86-12345678901'}
--- Step 4 ---
Path '/data/oss_bucket_0/qihang/gui_agent/images/ui_tars_zh_simulator/device1/instruction_33/sample_0/step_4.png' does not exist. Sleeping for 1 seconds...
Path '/data/oss_bucket_0/qihang/gui_agent/images/ui_tars_zh_simulator/device1/instruction_33/sample_0/step_4.png' does not exist. Sleeping for 1 seconds...
Path '/data/oss_bucket_0/qihang/gui_agent/images/ui_tars_zh_simulator/device1/instruction_33/sample_0/step_4.png' does not exist. Sleeping for 1 seconds...
Path '/data/oss_bucket_0/qihang/gui_agent/images/ui_tars_zh_simulator/device1/instruction_33/sample_0/step_4.png' does not exist. Sleeping for 1 seconds...
Path '/data/oss_bucket_0/qihang/gui_agent/images/ui_tars_zh_simulator/device1/instruction_33/sample_0/step_4.png' does not exist. Sleeping for 1 seconds...
Path '/data/oss_bucket_0/qihang/gui_agent/images/ui_tars_zh_simulator/device1/instruction_33/sample_0/step_4.png' does not exist. Sleeping for 1 seconds...
Path '/data/oss_bucket_0/qihang/gui_agent/images/ui_tars_zh_simulator/device1/instruction_33/sample_0/step_4.png' exists! Reading the file...
Path '/data/oss_bucket_0/qihang/gui_agent/images/ui_tars_zh_simulator/device1/instruction_33/sample_0/step_3.png' exists! Reading the file...
Model Thought/Action: {'call': '+86-12345678901'}
--- Step 5 ---
Path '/data/oss_bucket_0/qihang/gui_agent/images/ui_tars_zh_simulator/device1/instruction_33/sample_0/step_5.png' does not exist. Sleeping for 1 seconds...
Path '/data/oss_bucket_0/qihang/gui_agent/images/ui_tars_zh_simulator/device1/instruction_33/sample_0/step_5.png' does not exist. Sleeping for 1 seconds...
Path '/data/oss_bucket_0/qihang/gui_agent/images/ui_tars_zh_simulator/device1/instruction_33/sample_0/step_5.png' does not exist. Sleeping for 1 seconds...
Path '/data/oss_bucket_0/qihang/gui_agent/images/ui_tars_zh_simulator/device1/instruction_33/sample_0/step_5.png' does not exist. Sleeping for 1 seconds...
Path '/data/oss_bucket_0/qihang/gui_agent/images/ui_tars_zh_simulator/device1/instruction_33/sample_0/step_5.png' does not exist. Sleeping for 1 seconds...
Path '/data/oss_bucket_0/qihang/gui_agent/images/ui_tars_zh_simulator/device1/instruction_33/sample_0/step_5.png' does not exist. Sleeping for 1 seconds...
Path '/data/oss_bucket_0/qihang/gui_agent/images/ui_tars_zh_simulator/device1/instruction_33/sample_0/step_5.png' exists! Reading the file...
Path '/data/oss_bucket_0/qihang/gui_agent/images/ui_tars_zh_simulator/device1/instruction_33/sample_0/step_4.png' exists! Reading the file...
Model Thought/Action: {'call': '+86-12345678901'}
--- Step 6 ---
Path '/data/oss_bucket_0/qihang/gui_agent/images/ui_tars_zh_simulator/device1/instruction_33/sample_0/step_6.png' does not exist. Sleeping for 1 seconds...
Path '/data/oss_bucket_0/qihang/gui_agent/images/ui_tars_zh_simulator/device1/instruction_33/sample_0/step_6.png' does not exist. Sleeping for 1 seconds...
Path '/data/oss_bucket_0/qihang/gui_agent/images/ui_tars_zh_simulator/device1/instruction_33/sample_0/step_6.png' does not exist. Sleeping for 1 seconds...
Path '/data/oss_bucket_0/qihang/gui_agent/images/ui_tars_zh_simulator/device1/instruction_33/sample_0/step_6.png' does not exist. Sleeping for 1 seconds...
Path '/data/oss_bucket_0/qihang/gui_agent/images/ui_tars_zh_simulator/device1/instruction_33/sample_0/step_6.png' does not exist. Sleeping for 1 seconds...
Path '/data/oss_bucket_0/qihang/gui_agent/images/ui_tars_zh_simulator/device1/instruction_33/sample_0/step_6.png' does not exist. Sleeping for 1 seconds...
Path '/data/oss_bucket_0/qihang/gui_agent/images/ui_tars_zh_simulator/device1/instruction_33/sample_0/step_6.png' exists! Reading the file...
Path '/data/oss_bucket_0/qihang/gui_agent/images/ui_tars_zh_simulator/device1/instruction_33/sample_0/step_5.png' exists! Reading the file...
Model Thought/Action: {'call': '+86-12345678901'}
--- Step 7 ---
Path '/data/oss_bucket_0/qihang/gui_agent/images/ui_tars_zh_simulator/device1/instruction_33/sample_0/step_7.png' does not exist. Sleeping for 1 seconds...
Path '/data/oss_bucket_0/qihang/gui_agent/images/ui_tars_zh_simulator/device1/instruction_33/sample_0/step_7.png' does not exist. Sleeping for 1 seconds...
Path '/data/oss_bucket_0/qihang/gui_agent/images/ui_tars_zh_simulator/device1/instruction_33/sample_0/step_7.png' does not exist. Sleeping for 1 seconds...
Path '/data/oss_bucket_0/qihang/gui_agent/images/ui_tars_zh_simulator/device1/instruction_33/sample_0/step_7.png' does not exist. Sleeping for 1 seconds...
Path '/data/oss_bucket_0/qihang/gui_agent/images/ui_tars_zh_simulator/device1/instruction_33/sample_0/step_7.png' does not exist. Sleeping for 1 seconds...
Path '/data/oss_bucket_0/qihang/gui_agent/images/ui_tars_zh_simulator/device1/instruction_33/sample_0/step_7.png' does not exist. Sleeping for 1 seconds...
Path '/data/oss_bucket_0/qihang/gui_agent/images/ui_tars_zh_simulator/device1/instruction_33/sample_0/step_7.png' exists! Reading the file...
Path '/data/oss_bucket_0/qihang/gui_agent/images/ui_tars_zh_simulator/device1/instruction_33/sample_0/step_6.png' exists! Reading the file...
Model Thought/Action: {'call': '+86-12345678901'}
--- Step 8 ---
Path '/data/oss_bucket_0/qihang/gui_agent/images/ui_tars_zh_simulator/device1/instruction_33/sample_0/step_8.png' does not exist. Sleeping for 1 seconds...
Path '/data/oss_bucket_0/qihang/gui_agent/images/ui_tars_zh_simulator/device1/instruction_33/sample_0/step_8.png' does not exist. Sleeping for 1 seconds...
Path '/data/oss_bucket_0/qihang/gui_agent/images/ui_tars_zh_simulator/device1/instruction_33/sample_0/step_8.png' does not exist. Sleeping for 1 seconds...
Path '/data/oss_bucket_0/qihang/gui_agent/images/ui_tars_zh_simulator/device1/instruction_33/sample_0/step_8.png' does not exist. Sleeping for 1 seconds...
Path '/data/oss_bucket_0/qihang/gui_agent/images/ui_tars_zh_simulator/device1/instruction_33/sample_0/step_8.png' does not exist. Sleeping for 1 seconds...
Path '/data/oss_bucket_0/qihang/gui_agent/images/ui_tars_zh_simulator/device1/instruction_33/sample_0/step_8.png' does not exist. Sleeping for 1 seconds...
Path '/data/oss_bucket_0/qihang/gui_agent/images/ui_tars_zh_simulator/device1/instruction_33/sample_0/step_8.png' exists! Reading the file...
Path '/data/oss_bucket_0/qihang/gui_agent/images/ui_tars_zh_simulator/device1/instruction_33/sample_0/step_7.png' exists! Reading the file...
Model Thought/Action: {'call': '+86-12345678901'}
--- Step 9 ---
Path '/data/oss_bucket_0/qihang/gui_agent/images/ui_tars_zh_simulator/device1/instruction_33/sample_0/step_9.png' does not exist. Sleeping for 1 seconds...
Path '/data/oss_bucket_0/qihang/gui_agent/images/ui_tars_zh_simulator/device1/instruction_33/sample_0/step_9.png' does not exist. Sleeping for 1 seconds...
Path '/data/oss_bucket_0/qihang/gui_agent/images/ui_tars_zh_simulator/device1/instruction_33/sample_0/step_9.png' does not exist. Sleeping for 1 seconds...
Path '/data/oss_bucket_0/qihang/gui_agent/images/ui_tars_zh_simulator/device1/instruction_33/sample_0/step_9.png' does not exist. Sleeping for 1 seconds...
Path '/data/oss_bucket_0/qihang/gui_agent/images/ui_tars_zh_simulator/device1/instruction_33/sample_0/step_9.png' does not exist. Sleeping for 1 seconds...
Path '/data/oss_bucket_0/qihang/gui_agent/images/ui_tars_zh_simulator/device1/instruction_33/sample_0/step_9.png' does not exist. Sleeping for 1 seconds...
Path '/data/oss_bucket_0/qihang/gui_agent/images/ui_tars_zh_simulator/device1/instruction_33/sample_0/step_9.png' exists! Reading the file...
Path '/data/oss_bucket_0/qihang/gui_agent/images/ui_tars_zh_simulator/device1/instruction_33/sample_0/step_8.png' exists! Reading the file...
Model Thought/Action: {'call': '+86-12345678901'}
--- Step 10 ---
Path '/data/oss_bucket_0/qihang/gui_agent/images/ui_tars_zh_simulator/device1/instruction_33/sample_0/step_10.png' does not exist. Sleeping for 1 seconds...
Path '/data/oss_bucket_0/qihang/gui_agent/images/ui_tars_zh_simulator/device1/instruction_33/sample_0/step_10.png' does not exist. Sleeping for 1 seconds...
Path '/data/oss_bucket_0/qihang/gui_agent/images/ui_tars_zh_simulator/device1/instruction_33/sample_0/step_10.png' does not exist. Sleeping for 1 seconds...
Path '/data/oss_bucket_0/qihang/gui_agent/images/ui_tars_zh_simulator/device1/instruction_33/sample_0/step_10.png' does not exist. Sleeping for 1 seconds...
Path '/data/oss_bucket_0/qihang/gui_agent/images/ui_tars_zh_simulator/device1/instruction_33/sample_0/step_10.png' does not exist. Sleeping for 1 seconds...
Path '/data/oss_bucket_0/qihang/gui_agent/images/ui_tars_zh_simulator/device1/instruction_33/sample_0/step_10.png' does not exist. Sleeping for 1 seconds...
Path '/data/oss_bucket_0/qihang/gui_agent/images/ui_tars_zh_simulator/device1/instruction_33/sample_0/step_10.png' exists! Reading the file...
Path '/data/oss_bucket_0/qihang/gui_agent/images/ui_tars_zh_simulator/device1/instruction_33/sample_0/step_9.png' exists! Reading the file...
Model Thought/Action: {'call': '+86-12345678901'}
--- Step 11 ---
Path '/data/oss_bucket_0/qihang/gui_agent/images/ui_tars_zh_simulator/device1/instruction_33/sample_0/step_11.png' does not exist. Sleeping for 1 seconds...
Path '/data/oss_bucket_0/qihang/gui_agent/images/ui_tars_zh_simulator/device1/instruction_33/sample_0/step_11.png' does not exist. Sleeping for 1 seconds...
Path '/data/oss_bucket_0/qihang/gui_agent/images/ui_tars_zh_simulator/device1/instruction_33/sample_0/step_11.png' does not exist. Sleeping for 1 seconds...
Path '/data/oss_bucket_0/qihang/gui_agent/images/ui_tars_zh_simulator/device1/instruction_33/sample_0/step_11.png' does not exist. Sleeping for 1 seconds...
Path '/data/oss_bucket_0/qihang/gui_agent/images/ui_tars_zh_simulator/device1/instruction_33/sample_0/step_11.png' does not exist. Sleeping for 1 seconds...
Path '/data/oss_bucket_0/qihang/gui_agent/images/ui_tars_zh_simulator/device1/instruction_33/sample_0/step_11.png' does not exist. Sleeping for 1 seconds...
Path '/data/oss_bucket_0/qihang/gui_agent/images/ui_tars_zh_simulator/device1/instruction_33/sample_0/step_11.png' exists! Reading the file...
Path '/data/oss_bucket_0/qihang/gui_agent/images/ui_tars_zh_simulator/device1/instruction_33/sample_0/step_10.png' exists! Reading the file...
Model Thought/Action: {'call': '+86-12345678901'}
--- Step 12 ---
Path '/data/oss_bucket_0/qihang/gui_agent/images/ui_tars_zh_simulator/device1/instruction_33/sample_0/step_12.png' does not exist. Sleeping for 1 seconds...
Path '/data/oss_bucket_0/qihang/gui_agent/images/ui_tars_zh_simulator/device1/instruction_33/sample_0/step_12.png' does not exist. Sleeping for 1 seconds...
Path '/data/oss_bucket_0/qihang/gui_agent/images/ui_tars_zh_simulator/device1/instruction_33/sample_0/step_12.png' does not exist. Sleeping for 1 seconds...
Path '/data/oss_bucket_0/qihang/gui_agent/images/ui_tars_zh_simulator/device1/instruction_33/sample_0/step_12.png' does not exist. Sleeping for 1 seconds...
Path '/data/oss_bucket_0/qihang/gui_agent/images/ui_tars_zh_simulator/device1/instruction_33/sample_0/step_12.png' does not exist. Sleeping for 1 seconds...
Path '/data/oss_bucket_0/qihang/gui_agent/images/ui_tars_zh_simulator/device1/instruction_33/sample_0/step_12.png' does not exist. Sleeping for 1 seconds...
Path '/data/oss_bucket_0/qihang/gui_agent/images/ui_tars_zh_simulator/device1/instruction_33/sample_0/step_12.png' exists! Reading the file...
Path '/data/oss_bucket_0/qihang/gui_agent/images/ui_tars_zh_simulator/device1/instruction_33/sample_0/step_11.png' exists! Reading the file...
Model Thought/Action: {'call': '+86-12345678901'}
--- Step 13 ---
Path '/data/oss_bucket_0/qihang/gui_agent/images/ui_tars_zh_simulator/device1/instruction_33/sample_0/step_13.png' does not exist. Sleeping for 1 seconds...
Path '/data/oss_bucket_0/qihang/gui_agent/images/ui_tars_zh_simulator/device1/instruction_33/sample_0/step_13.png' does not exist. Sleeping for 1 seconds...
Path '/data/oss_bucket_0/qihang/gui_agent/images/ui_tars_zh_simulator/device1/instruction_33/sample_0/step_13.png' does not exist. Sleeping for 1 seconds...
Path '/data/oss_bucket_0/qihang/gui_agent/images/ui_tars_zh_simulator/device1/instruction_33/sample_0/step_13.png' does not exist. Sleeping for 1 seconds...
Path '/data/oss_bucket_0/qihang/gui_agent/images/ui_tars_zh_simulator/device1/instruction_33/sample_0/step_13.png' does not exist. Sleeping for 1 seconds...
Path '/data/oss_bucket_0/qihang/gui_agent/images/ui_tars_zh_simulator/device1/instruction_33/sample_0/step_13.png' does not exist. Sleeping for 1 seconds...
Path '/data/oss_bucket_0/qihang/gui_agent/images/ui_tars_zh_simulator/device1/instruction_33/sample_0/step_13.png' exists! Reading the file...
Path '/data/oss_bucket_0/qihang/gui_agent/images/ui_tars_zh_simulator/device1/instruction_33/sample_0/step_12.png' exists! Reading the file...
Model Thought/Action: {'call': '+86-12345678901'}
--- Step 14 ---
Path '/data/oss_bucket_0/qihang/gui_agent/images/ui_tars_zh_simulator/device1/instruction_33/sample_0/step_14.png' does not exist. Sleeping for 1 seconds...
Path '/data/oss_bucket_0/qihang/gui_agent/images/ui_tars_zh_simulator/device1/instruction_33/sample_0/step_14.png' does not exist. Sleeping for 1 seconds...
Path '/data/oss_bucket_0/qihang/gui_agent/images/ui_tars_zh_simulator/device1/instruction_33/sample_0/step_14.png' does not exist. Sleeping for 1 seconds...
Path '/data/oss_bucket_0/qihang/gui_agent/images/ui_tars_zh_simulator/device1/instruction_33/sample_0/step_14.png' does not exist. Sleeping for 1 seconds...
Path '/data/oss_bucket_0/qihang/gui_agent/images/ui_tars_zh_simulator/device1/instruction_33/sample_0/step_14.png' does not exist. Sleeping for 1 seconds...
Path '/data/oss_bucket_0/qihang/gui_agent/images/ui_tars_zh_simulator/device1/instruction_33/sample_0/step_14.png' does not exist. Sleeping for 1 seconds...
Path '/data/oss_bucket_0/qihang/gui_agent/images/ui_tars_zh_simulator/device1/instruction_33/sample_0/step_14.png' exists! Reading the file...
Path '/data/oss_bucket_0/qihang/gui_agent/images/ui_tars_zh_simulator/device1/instruction_33/sample_0/step_13.png' exists! Reading the file...
Model Thought/Action: {'call': '+86-12345678901'}
--- Judging with GPT-4o ---
GPT-4o Evaluation Response: {'reason': 'The agent repeatedly attempted to call the specified number using the phone application but failed to execute any meaningful action. The same action was repeated multiple times without any progress or change in the GUI, indicating a lack of effective execution. The task was not completed, and there was no user interaction to resolve any potential issues.', 'reward': 0, 'status': 'failure', 'inquiry': 'failure'}
Evaluating Instructions:  80%|████████  | 33/41 [1:32:31<21:52, 164.03s/it]
===== Evaluating Instruction 34/41 =====
Instruction: 帮我拨打号码+86-12345678901
--- Step 0 ---
Path '/data/oss_bucket_0/qihang/gui_agent/images/ui_tars_zh_simulator/device1/instruction_34/sample_0/step_0.png' exists! Reading the file...
Model Thought/Action: {'call': '+86-12345678901'}
--- Step 1 ---
Path '/data/oss_bucket_0/qihang/gui_agent/images/ui_tars_zh_simulator/device1/instruction_34/sample_0/step_1.png' does not exist. Sleeping for 1 seconds...
Path '/data/oss_bucket_0/qihang/gui_agent/images/ui_tars_zh_simulator/device1/instruction_34/sample_0/step_1.png' does not exist. Sleeping for 1 seconds...
Path '/data/oss_bucket_0/qihang/gui_agent/images/ui_tars_zh_simulator/device1/instruction_34/sample_0/step_1.png' does not exist. Sleeping for 1 seconds...
Path '/data/oss_bucket_0/qihang/gui_agent/images/ui_tars_zh_simulator/device1/instruction_34/sample_0/step_1.png' does not exist. Sleeping for 1 seconds...
Path '/data/oss_bucket_0/qihang/gui_agent/images/ui_tars_zh_simulator/device1/instruction_34/sample_0/step_1.png' does not exist. Sleeping for 1 seconds...
Path '/data/oss_bucket_0/qihang/gui_agent/images/ui_tars_zh_simulator/device1/instruction_34/sample_0/step_1.png' does not exist. Sleeping for 1 seconds...
Path '/data/oss_bucket_0/qihang/gui_agent/images/ui_tars_zh_simulator/device1/instruction_34/sample_0/step_1.png' does not exist. Sleeping for 1 seconds...
Path '/data/oss_bucket_0/qihang/gui_agent/images/ui_tars_zh_simulator/device1/instruction_34/sample_0/step_1.png' does not exist. Sleeping for 1 seconds...
Path '/data/oss_bucket_0/qihang/gui_agent/images/ui_tars_zh_simulator/device1/instruction_34/sample_0/step_1.png' does not exist. Sleeping for 1 seconds...
Path '/data/oss_bucket_0/qihang/gui_agent/images/ui_tars_zh_simulator/device1/instruction_34/sample_0/step_1.png' does not exist. Sleeping for 1 seconds...
Path '/data/oss_bucket_0/qihang/gui_agent/images/ui_tars_zh_simulator/device1/instruction_34/sample_0/step_1.png' does not exist. Sleeping for 1 seconds...
Path '/data/oss_bucket_0/qihang/gui_agent/images/ui_tars_zh_simulator/device1/instruction_34/sample_0/step_1.png' does not exist. Sleeping for 1 seconds...
Path '/data/oss_bucket_0/qihang/gui_agent/images/ui_tars_zh_simulator/device1/instruction_34/sample_0/step_1.png' exists! Reading the file...
Path '/data/oss_bucket_0/qihang/gui_agent/images/ui_tars_zh_simulator/device1/instruction_34/sample_0/step_0.png' exists! Reading the file...
Model Thought/Action: {'call': '+86-12345678901'}
--- Step 2 ---
Path '/data/oss_bucket_0/qihang/gui_agent/images/ui_tars_zh_simulator/device1/instruction_34/sample_0/step_2.png' does not exist. Sleeping for 1 seconds...
Path '/data/oss_bucket_0/qihang/gui_agent/images/ui_tars_zh_simulator/device1/instruction_34/sample_0/step_2.png' does not exist. Sleeping for 1 seconds...
Path '/data/oss_bucket_0/qihang/gui_agent/images/ui_tars_zh_simulator/device1/instruction_34/sample_0/step_2.png' does not exist. Sleeping for 1 seconds...
Path '/data/oss_bucket_0/qihang/gui_agent/images/ui_tars_zh_simulator/device1/instruction_34/sample_0/step_2.png' does not exist. Sleeping for 1 seconds...
Path '/data/oss_bucket_0/qihang/gui_agent/images/ui_tars_zh_simulator/device1/instruction_34/sample_0/step_2.png' does not exist. Sleeping for 1 seconds...
Path '/data/oss_bucket_0/qihang/gui_agent/images/ui_tars_zh_simulator/device1/instruction_34/sample_0/step_2.png' does not exist. Sleeping for 1 seconds...
Path '/data/oss_bucket_0/qihang/gui_agent/images/ui_tars_zh_simulator/device1/instruction_34/sample_0/step_2.png' exists! Reading the file...
Path '/data/oss_bucket_0/qihang/gui_agent/images/ui_tars_zh_simulator/device1/instruction_34/sample_0/step_1.png' exists! Reading the file...
Model Thought/Action: {'call': '+86-12345678901'}
--- Step 3 ---
Path '/data/oss_bucket_0/qihang/gui_agent/images/ui_tars_zh_simulator/device1/instruction_34/sample_0/step_3.png' does not exist. Sleeping for 1 seconds...
Path '/data/oss_bucket_0/qihang/gui_agent/images/ui_tars_zh_simulator/device1/instruction_34/sample_0/step_3.png' does not exist. Sleeping for 1 seconds...
Path '/data/oss_bucket_0/qihang/gui_agent/images/ui_tars_zh_simulator/device1/instruction_34/sample_0/step_3.png' does not exist. Sleeping for 1 seconds...
Path '/data/oss_bucket_0/qihang/gui_agent/images/ui_tars_zh_simulator/device1/instruction_34/sample_0/step_3.png' does not exist. Sleeping for 1 seconds...
Path '/data/oss_bucket_0/qihang/gui_agent/images/ui_tars_zh_simulator/device1/instruction_34/sample_0/step_3.png' does not exist. Sleeping for 1 seconds...
Path '/data/oss_bucket_0/qihang/gui_agent/images/ui_tars_zh_simulator/device1/instruction_34/sample_0/step_3.png' does not exist. Sleeping for 1 seconds...
Path '/data/oss_bucket_0/qihang/gui_agent/images/ui_tars_zh_simulator/device1/instruction_34/sample_0/step_3.png' exists! Reading the file...
Path '/data/oss_bucket_0/qihang/gui_agent/images/ui_tars_zh_simulator/device1/instruction_34/sample_0/step_2.png' exists! Reading the file...
Model Thought/Action: {'call': '+86-12345678901'}
--- Step 4 ---
Path '/data/oss_bucket_0/qihang/gui_agent/images/ui_tars_zh_simulator/device1/instruction_34/sample_0/step_4.png' does not exist. Sleeping for 1 seconds...
Path '/data/oss_bucket_0/qihang/gui_agent/images/ui_tars_zh_simulator/device1/instruction_34/sample_0/step_4.png' does not exist. Sleeping for 1 seconds...
Path '/data/oss_bucket_0/qihang/gui_agent/images/ui_tars_zh_simulator/device1/instruction_34/sample_0/step_4.png' does not exist. Sleeping for 1 seconds...
Path '/data/oss_bucket_0/qihang/gui_agent/images/ui_tars_zh_simulator/device1/instruction_34/sample_0/step_4.png' does not exist. Sleeping for 1 seconds...
Path '/data/oss_bucket_0/qihang/gui_agent/images/ui_tars_zh_simulator/device1/instruction_34/sample_0/step_4.png' does not exist. Sleeping for 1 seconds...
Path '/data/oss_bucket_0/qihang/gui_agent/images/ui_tars_zh_simulator/device1/instruction_34/sample_0/step_4.png' does not exist. Sleeping for 1 seconds...
Path '/data/oss_bucket_0/qihang/gui_agent/images/ui_tars_zh_simulator/device1/instruction_34/sample_0/step_4.png' exists! Reading the file...
Path '/data/oss_bucket_0/qihang/gui_agent/images/ui_tars_zh_simulator/device1/instruction_34/sample_0/step_3.png' exists! Reading the file...
Model Thought/Action: {'call': '+86-12345678901'}
--- Step 5 ---
Path '/data/oss_bucket_0/qihang/gui_agent/images/ui_tars_zh_simulator/device1/instruction_34/sample_0/step_5.png' does not exist. Sleeping for 1 seconds...
Path '/data/oss_bucket_0/qihang/gui_agent/images/ui_tars_zh_simulator/device1/instruction_34/sample_0/step_5.png' does not exist. Sleeping for 1 seconds...
Path '/data/oss_bucket_0/qihang/gui_agent/images/ui_tars_zh_simulator/device1/instruction_34/sample_0/step_5.png' does not exist. Sleeping for 1 seconds...
Path '/data/oss_bucket_0/qihang/gui_agent/images/ui_tars_zh_simulator/device1/instruction_34/sample_0/step_5.png' does not exist. Sleeping for 1 seconds...
Path '/data/oss_bucket_0/qihang/gui_agent/images/ui_tars_zh_simulator/device1/instruction_34/sample_0/step_5.png' does not exist. Sleeping for 1 seconds...
Path '/data/oss_bucket_0/qihang/gui_agent/images/ui_tars_zh_simulator/device1/instruction_34/sample_0/step_5.png' does not exist. Sleeping for 1 seconds...
Path '/data/oss_bucket_0/qihang/gui_agent/images/ui_tars_zh_simulator/device1/instruction_34/sample_0/step_5.png' exists! Reading the file...
Path '/data/oss_bucket_0/qihang/gui_agent/images/ui_tars_zh_simulator/device1/instruction_34/sample_0/step_4.png' exists! Reading the file...
Model Thought/Action: {'call': '+86-12345678901'}
--- Step 6 ---
Path '/data/oss_bucket_0/qihang/gui_agent/images/ui_tars_zh_simulator/device1/instruction_34/sample_0/step_6.png' does not exist. Sleeping for 1 seconds...
Path '/data/oss_bucket_0/qihang/gui_agent/images/ui_tars_zh_simulator/device1/instruction_34/sample_0/step_6.png' does not exist. Sleeping for 1 seconds...
Path '/data/oss_bucket_0/qihang/gui_agent/images/ui_tars_zh_simulator/device1/instruction_34/sample_0/step_6.png' does not exist. Sleeping for 1 seconds...
Path '/data/oss_bucket_0/qihang/gui_agent/images/ui_tars_zh_simulator/device1/instruction_34/sample_0/step_6.png' does not exist. Sleeping for 1 seconds...
Path '/data/oss_bucket_0/qihang/gui_agent/images/ui_tars_zh_simulator/device1/instruction_34/sample_0/step_6.png' does not exist. Sleeping for 1 seconds...
Path '/data/oss_bucket_0/qihang/gui_agent/images/ui_tars_zh_simulator/device1/instruction_34/sample_0/step_6.png' does not exist. Sleeping for 1 seconds...
Path '/data/oss_bucket_0/qihang/gui_agent/images/ui_tars_zh_simulator/device1/instruction_34/sample_0/step_6.png' exists! Reading the file...
Path '/data/oss_bucket_0/qihang/gui_agent/images/ui_tars_zh_simulator/device1/instruction_34/sample_0/step_5.png' exists! Reading the file...
Model Thought/Action: {'call': '+86-12345678901'}
--- Step 7 ---
Path '/data/oss_bucket_0/qihang/gui_agent/images/ui_tars_zh_simulator/device1/instruction_34/sample_0/step_7.png' does not exist. Sleeping for 1 seconds...
Path '/data/oss_bucket_0/qihang/gui_agent/images/ui_tars_zh_simulator/device1/instruction_34/sample_0/step_7.png' does not exist. Sleeping for 1 seconds...
Path '/data/oss_bucket_0/qihang/gui_agent/images/ui_tars_zh_simulator/device1/instruction_34/sample_0/step_7.png' does not exist. Sleeping for 1 seconds...
Path '/data/oss_bucket_0/qihang/gui_agent/images/ui_tars_zh_simulator/device1/instruction_34/sample_0/step_7.png' does not exist. Sleeping for 1 seconds...
Path '/data/oss_bucket_0/qihang/gui_agent/images/ui_tars_zh_simulator/device1/instruction_34/sample_0/step_7.png' does not exist. Sleeping for 1 seconds...
Path '/data/oss_bucket_0/qihang/gui_agent/images/ui_tars_zh_simulator/device1/instruction_34/sample_0/step_7.png' does not exist. Sleeping for 1 seconds...
Path '/data/oss_bucket_0/qihang/gui_agent/images/ui_tars_zh_simulator/device1/instruction_34/sample_0/step_7.png' exists! Reading the file...
Path '/data/oss_bucket_0/qihang/gui_agent/images/ui_tars_zh_simulator/device1/instruction_34/sample_0/step_6.png' exists! Reading the file...
Model Thought/Action: {'call': '+86-12345678901'}
--- Step 8 ---
Path '/data/oss_bucket_0/qihang/gui_agent/images/ui_tars_zh_simulator/device1/instruction_34/sample_0/step_8.png' does not exist. Sleeping for 1 seconds...
Path '/data/oss_bucket_0/qihang/gui_agent/images/ui_tars_zh_simulator/device1/instruction_34/sample_0/step_8.png' does not exist. Sleeping for 1 seconds...
Path '/data/oss_bucket_0/qihang/gui_agent/images/ui_tars_zh_simulator/device1/instruction_34/sample_0/step_8.png' does not exist. Sleeping for 1 seconds...
Path '/data/oss_bucket_0/qihang/gui_agent/images/ui_tars_zh_simulator/device1/instruction_34/sample_0/step_8.png' does not exist. Sleeping for 1 seconds...
Path '/data/oss_bucket_0/qihang/gui_agent/images/ui_tars_zh_simulator/device1/instruction_34/sample_0/step_8.png' does not exist. Sleeping for 1 seconds...
Path '/data/oss_bucket_0/qihang/gui_agent/images/ui_tars_zh_simulator/device1/instruction_34/sample_0/step_8.png' does not exist. Sleeping for 1 seconds...
Path '/data/oss_bucket_0/qihang/gui_agent/images/ui_tars_zh_simulator/device1/instruction_34/sample_0/step_8.png' exists! Reading the file...
Path '/data/oss_bucket_0/qihang/gui_agent/images/ui_tars_zh_simulator/device1/instruction_34/sample_0/step_7.png' exists! Reading the file...
Model Thought/Action: {'call': '+86-12345678901'}
--- Step 9 ---
Path '/data/oss_bucket_0/qihang/gui_agent/images/ui_tars_zh_simulator/device1/instruction_34/sample_0/step_9.png' does not exist. Sleeping for 1 seconds...
Path '/data/oss_bucket_0/qihang/gui_agent/images/ui_tars_zh_simulator/device1/instruction_34/sample_0/step_9.png' does not exist. Sleeping for 1 seconds...
Path '/data/oss_bucket_0/qihang/gui_agent/images/ui_tars_zh_simulator/device1/instruction_34/sample_0/step_9.png' does not exist. Sleeping for 1 seconds...
Path '/data/oss_bucket_0/qihang/gui_agent/images/ui_tars_zh_simulator/device1/instruction_34/sample_0/step_9.png' does not exist. Sleeping for 1 seconds...
Path '/data/oss_bucket_0/qihang/gui_agent/images/ui_tars_zh_simulator/device1/instruction_34/sample_0/step_9.png' does not exist. Sleeping for 1 seconds...
Path '/data/oss_bucket_0/qihang/gui_agent/images/ui_tars_zh_simulator/device1/instruction_34/sample_0/step_9.png' does not exist. Sleeping for 1 seconds...
Path '/data/oss_bucket_0/qihang/gui_agent/images/ui_tars_zh_simulator/device1/instruction_34/sample_0/step_9.png' exists! Reading the file...
Path '/data/oss_bucket_0/qihang/gui_agent/images/ui_tars_zh_simulator/device1/instruction_34/sample_0/step_8.png' exists! Reading the file...
Model Thought/Action: {'call': '+86-12345678901'}
--- Step 10 ---
Path '/data/oss_bucket_0/qihang/gui_agent/images/ui_tars_zh_simulator/device1/instruction_34/sample_0/step_10.png' does not exist. Sleeping for 1 seconds...
Path '/data/oss_bucket_0/qihang/gui_agent/images/ui_tars_zh_simulator/device1/instruction_34/sample_0/step_10.png' does not exist. Sleeping for 1 seconds...
Path '/data/oss_bucket_0/qihang/gui_agent/images/ui_tars_zh_simulator/device1/instruction_34/sample_0/step_10.png' does not exist. Sleeping for 1 seconds...
Path '/data/oss_bucket_0/qihang/gui_agent/images/ui_tars_zh_simulator/device1/instruction_34/sample_0/step_10.png' does not exist. Sleeping for 1 seconds...
Path '/data/oss_bucket_0/qihang/gui_agent/images/ui_tars_zh_simulator/device1/instruction_34/sample_0/step_10.png' does not exist. Sleeping for 1 seconds...
Path '/data/oss_bucket_0/qihang/gui_agent/images/ui_tars_zh_simulator/device1/instruction_34/sample_0/step_10.png' does not exist. Sleeping for 1 seconds...
Path '/data/oss_bucket_0/qihang/gui_agent/images/ui_tars_zh_simulator/device1/instruction_34/sample_0/step_10.png' exists! Reading the file...
Path '/data/oss_bucket_0/qihang/gui_agent/images/ui_tars_zh_simulator/device1/instruction_34/sample_0/step_9.png' exists! Reading the file...
Model Thought/Action: {'call': '+86-12345678901'}
--- Step 11 ---
Path '/data/oss_bucket_0/qihang/gui_agent/images/ui_tars_zh_simulator/device1/instruction_34/sample_0/step_11.png' does not exist. Sleeping for 1 seconds...
Path '/data/oss_bucket_0/qihang/gui_agent/images/ui_tars_zh_simulator/device1/instruction_34/sample_0/step_11.png' does not exist. Sleeping for 1 seconds...
Path '/data/oss_bucket_0/qihang/gui_agent/images/ui_tars_zh_simulator/device1/instruction_34/sample_0/step_11.png' does not exist. Sleeping for 1 seconds...
Path '/data/oss_bucket_0/qihang/gui_agent/images/ui_tars_zh_simulator/device1/instruction_34/sample_0/step_11.png' does not exist. Sleeping for 1 seconds...
Path '/data/oss_bucket_0/qihang/gui_agent/images/ui_tars_zh_simulator/device1/instruction_34/sample_0/step_11.png' does not exist. Sleeping for 1 seconds...
Path '/data/oss_bucket_0/qihang/gui_agent/images/ui_tars_zh_simulator/device1/instruction_34/sample_0/step_11.png' does not exist. Sleeping for 1 seconds...
Path '/data/oss_bucket_0/qihang/gui_agent/images/ui_tars_zh_simulator/device1/instruction_34/sample_0/step_11.png' exists! Reading the file...
Path '/data/oss_bucket_0/qihang/gui_agent/images/ui_tars_zh_simulator/device1/instruction_34/sample_0/step_10.png' exists! Reading the file...
Model Thought/Action: {'call': '+86-12345678901'}
--- Step 12 ---
Path '/data/oss_bucket_0/qihang/gui_agent/images/ui_tars_zh_simulator/device1/instruction_34/sample_0/step_12.png' does not exist. Sleeping for 1 seconds...
Path '/data/oss_bucket_0/qihang/gui_agent/images/ui_tars_zh_simulator/device1/instruction_34/sample_0/step_12.png' does not exist. Sleeping for 1 seconds...
Path '/data/oss_bucket_0/qihang/gui_agent/images/ui_tars_zh_simulator/device1/instruction_34/sample_0/step_12.png' does not exist. Sleeping for 1 seconds...
Path '/data/oss_bucket_0/qihang/gui_agent/images/ui_tars_zh_simulator/device1/instruction_34/sample_0/step_12.png' does not exist. Sleeping for 1 seconds...
Path '/data/oss_bucket_0/qihang/gui_agent/images/ui_tars_zh_simulator/device1/instruction_34/sample_0/step_12.png' does not exist. Sleeping for 1 seconds...
Path '/data/oss_bucket_0/qihang/gui_agent/images/ui_tars_zh_simulator/device1/instruction_34/sample_0/step_12.png' does not exist. Sleeping for 1 seconds...
Path '/data/oss_bucket_0/qihang/gui_agent/images/ui_tars_zh_simulator/device1/instruction_34/sample_0/step_12.png' exists! Reading the file...
Path '/data/oss_bucket_0/qihang/gui_agent/images/ui_tars_zh_simulator/device1/instruction_34/sample_0/step_11.png' exists! Reading the file...
Model Thought/Action: {'call': '+86-12345678901'}
--- Step 13 ---
Path '/data/oss_bucket_0/qihang/gui_agent/images/ui_tars_zh_simulator/device1/instruction_34/sample_0/step_13.png' does not exist. Sleeping for 1 seconds...
Path '/data/oss_bucket_0/qihang/gui_agent/images/ui_tars_zh_simulator/device1/instruction_34/sample_0/step_13.png' does not exist. Sleeping for 1 seconds...
Path '/data/oss_bucket_0/qihang/gui_agent/images/ui_tars_zh_simulator/device1/instruction_34/sample_0/step_13.png' does not exist. Sleeping for 1 seconds...
Path '/data/oss_bucket_0/qihang/gui_agent/images/ui_tars_zh_simulator/device1/instruction_34/sample_0/step_13.png' does not exist. Sleeping for 1 seconds...
Path '/data/oss_bucket_0/qihang/gui_agent/images/ui_tars_zh_simulator/device1/instruction_34/sample_0/step_13.png' does not exist. Sleeping for 1 seconds...
Path '/data/oss_bucket_0/qihang/gui_agent/images/ui_tars_zh_simulator/device1/instruction_34/sample_0/step_13.png' does not exist. Sleeping for 1 seconds...
Path '/data/oss_bucket_0/qihang/gui_agent/images/ui_tars_zh_simulator/device1/instruction_34/sample_0/step_13.png' exists! Reading the file...
Path '/data/oss_bucket_0/qihang/gui_agent/images/ui_tars_zh_simulator/device1/instruction_34/sample_0/step_12.png' exists! Reading the file...
Model Thought/Action: {'call': '+86-12345678901'}
--- Step 14 ---
Path '/data/oss_bucket_0/qihang/gui_agent/images/ui_tars_zh_simulator/device1/instruction_34/sample_0/step_14.png' does not exist. Sleeping for 1 seconds...
Path '/data/oss_bucket_0/qihang/gui_agent/images/ui_tars_zh_simulator/device1/instruction_34/sample_0/step_14.png' does not exist. Sleeping for 1 seconds...
Path '/data/oss_bucket_0/qihang/gui_agent/images/ui_tars_zh_simulator/device1/instruction_34/sample_0/step_14.png' does not exist. Sleeping for 1 seconds...
Path '/data/oss_bucket_0/qihang/gui_agent/images/ui_tars_zh_simulator/device1/instruction_34/sample_0/step_14.png' does not exist. Sleeping for 1 seconds...
Path '/data/oss_bucket_0/qihang/gui_agent/images/ui_tars_zh_simulator/device1/instruction_34/sample_0/step_14.png' does not exist. Sleeping for 1 seconds...
Path '/data/oss_bucket_0/qihang/gui_agent/images/ui_tars_zh_simulator/device1/instruction_34/sample_0/step_14.png' does not exist. Sleeping for 1 seconds...
Path '/data/oss_bucket_0/qihang/gui_agent/images/ui_tars_zh_simulator/device1/instruction_34/sample_0/step_14.png' exists! Reading the file...
Path '/data/oss_bucket_0/qihang/gui_agent/images/ui_tars_zh_simulator/device1/instruction_34/sample_0/step_13.png' exists! Reading the file...
Model Thought/Action: {'call': '+86-12345678901'}
--- Judging with GPT-4o ---
GPT-4o Evaluation Response: {'reason': 'The agent repeatedly attempts to call the specified number using the phone application but fails to make any progress. The same action is repeated multiple times without any change in the state or progress towards completing the task. There is no evidence of the phone application being opened or the call being initiated. The task is not completed, and there is no user interaction to resolve any potential issues.', 'reward': 0, 'status': 'failure', 'inquiry': 'failure'}
Evaluating Instructions:  83%|████████▎ | 34/41 [1:35:21<19:20, 165.81s/it]
===== Evaluating Instruction 35/41 =====
Instruction: 将号码+86-9876543210添加到通讯录，姓名设置为“李老师”。
--- Step 0 ---
Path '/data/oss_bucket_0/qihang/gui_agent/images/ui_tars_zh_simulator/device1/instruction_35/sample_0/step_0.png' exists! Reading the file...
Model Thought/Action: {'action': 'error', 'thought': 'JSON decode error.'}
--- Step 1 ---
Path '/data/oss_bucket_0/qihang/gui_agent/images/ui_tars_zh_simulator/device1/instruction_35/sample_0/step_1.png' does not exist. Sleeping for 1 seconds...
Path '/data/oss_bucket_0/qihang/gui_agent/images/ui_tars_zh_simulator/device1/instruction_35/sample_0/step_1.png' does not exist. Sleeping for 1 seconds...
Path '/data/oss_bucket_0/qihang/gui_agent/images/ui_tars_zh_simulator/device1/instruction_35/sample_0/step_1.png' does not exist. Sleeping for 1 seconds...
Path '/data/oss_bucket_0/qihang/gui_agent/images/ui_tars_zh_simulator/device1/instruction_35/sample_0/step_1.png' does not exist. Sleeping for 1 seconds...
Path '/data/oss_bucket_0/qihang/gui_agent/images/ui_tars_zh_simulator/device1/instruction_35/sample_0/step_1.png' does not exist. Sleeping for 1 seconds...
Path '/data/oss_bucket_0/qihang/gui_agent/images/ui_tars_zh_simulator/device1/instruction_35/sample_0/step_1.png' does not exist. Sleeping for 1 seconds...
Path '/data/oss_bucket_0/qihang/gui_agent/images/ui_tars_zh_simulator/device1/instruction_35/sample_0/step_1.png' does not exist. Sleeping for 1 seconds...
Path '/data/oss_bucket_0/qihang/gui_agent/images/ui_tars_zh_simulator/device1/instruction_35/sample_0/step_1.png' does not exist. Sleeping for 1 seconds...
Path '/data/oss_bucket_0/qihang/gui_agent/images/ui_tars_zh_simulator/device1/instruction_35/sample_0/step_1.png' does not exist. Sleeping for 1 seconds...
Path '/data/oss_bucket_0/qihang/gui_agent/images/ui_tars_zh_simulator/device1/instruction_35/sample_0/step_1.png' does not exist. Sleeping for 1 seconds...
Path '/data/oss_bucket_0/qihang/gui_agent/images/ui_tars_zh_simulator/device1/instruction_35/sample_0/step_1.png' does not exist. Sleeping for 1 seconds...
Path '/data/oss_bucket_0/qihang/gui_agent/images/ui_tars_zh_simulator/device1/instruction_35/sample_0/step_1.png' does not exist. Sleeping for 1 seconds...
Path '/data/oss_bucket_0/qihang/gui_agent/images/ui_tars_zh_simulator/device1/instruction_35/sample_0/step_1.png' does not exist. Sleeping for 1 seconds...
Path '/data/oss_bucket_0/qihang/gui_agent/images/ui_tars_zh_simulator/device1/instruction_35/sample_0/step_1.png' does not exist. Sleeping for 1 seconds...
Path '/data/oss_bucket_0/qihang/gui_agent/images/ui_tars_zh_simulator/device1/instruction_35/sample_0/step_1.png' does not exist. Sleeping for 1 seconds...
Path '/data/oss_bucket_0/qihang/gui_agent/images/ui_tars_zh_simulator/device1/instruction_35/sample_0/step_1.png' does not exist. Sleeping for 1 seconds...
Path '/data/oss_bucket_0/qihang/gui_agent/images/ui_tars_zh_simulator/device1/instruction_35/sample_0/step_1.png' does not exist. Sleeping for 1 seconds...
Path '/data/oss_bucket_0/qihang/gui_agent/images/ui_tars_zh_simulator/device1/instruction_35/sample_0/step_1.png' does not exist. Sleeping for 1 seconds...
Path '/data/oss_bucket_0/qihang/gui_agent/images/ui_tars_zh_simulator/device1/instruction_35/sample_0/step_1.png' exists! Reading the file...
Path '/data/oss_bucket_0/qihang/gui_agent/images/ui_tars_zh_simulator/device1/instruction_35/sample_0/step_0.png' exists! Reading the file...
Model Thought/Action: {'action': 'error', 'thought': 'JSON decode error.'}
--- Step 2 ---
Path '/data/oss_bucket_0/qihang/gui_agent/images/ui_tars_zh_simulator/device1/instruction_35/sample_0/step_2.png' does not exist. Sleeping for 1 seconds...
Path '/data/oss_bucket_0/qihang/gui_agent/images/ui_tars_zh_simulator/device1/instruction_35/sample_0/step_2.png' does not exist. Sleeping for 1 seconds...
Path '/data/oss_bucket_0/qihang/gui_agent/images/ui_tars_zh_simulator/device1/instruction_35/sample_0/step_2.png' does not exist. Sleeping for 1 seconds...
Path '/data/oss_bucket_0/qihang/gui_agent/images/ui_tars_zh_simulator/device1/instruction_35/sample_0/step_2.png' does not exist. Sleeping for 1 seconds...
Path '/data/oss_bucket_0/qihang/gui_agent/images/ui_tars_zh_simulator/device1/instruction_35/sample_0/step_2.png' does not exist. Sleeping for 1 seconds...
Path '/data/oss_bucket_0/qihang/gui_agent/images/ui_tars_zh_simulator/device1/instruction_35/sample_0/step_2.png' does not exist. Sleeping for 1 seconds...
Path '/data/oss_bucket_0/qihang/gui_agent/images/ui_tars_zh_simulator/device1/instruction_35/sample_0/step_2.png' exists! Reading the file...
Path '/data/oss_bucket_0/qihang/gui_agent/images/ui_tars_zh_simulator/device1/instruction_35/sample_0/step_1.png' exists! Reading the file...
Model Thought/Action: {'action': 'error', 'thought': 'JSON decode error.'}
--- Step 3 ---
Path '/data/oss_bucket_0/qihang/gui_agent/images/ui_tars_zh_simulator/device1/instruction_35/sample_0/step_3.png' does not exist. Sleeping for 1 seconds...
Path '/data/oss_bucket_0/qihang/gui_agent/images/ui_tars_zh_simulator/device1/instruction_35/sample_0/step_3.png' does not exist. Sleeping for 1 seconds...
Path '/data/oss_bucket_0/qihang/gui_agent/images/ui_tars_zh_simulator/device1/instruction_35/sample_0/step_3.png' does not exist. Sleeping for 1 seconds...
Path '/data/oss_bucket_0/qihang/gui_agent/images/ui_tars_zh_simulator/device1/instruction_35/sample_0/step_3.png' does not exist. Sleeping for 1 seconds...
Path '/data/oss_bucket_0/qihang/gui_agent/images/ui_tars_zh_simulator/device1/instruction_35/sample_0/step_3.png' does not exist. Sleeping for 1 seconds...
Path '/data/oss_bucket_0/qihang/gui_agent/images/ui_tars_zh_simulator/device1/instruction_35/sample_0/step_3.png' does not exist. Sleeping for 1 seconds...
Path '/data/oss_bucket_0/qihang/gui_agent/images/ui_tars_zh_simulator/device1/instruction_35/sample_0/step_3.png' exists! Reading the file...
Path '/data/oss_bucket_0/qihang/gui_agent/images/ui_tars_zh_simulator/device1/instruction_35/sample_0/step_2.png' exists! Reading the file...
Model Thought/Action: {'action': 'error', 'thought': 'JSON decode error.'}
--- Step 4 ---
Path '/data/oss_bucket_0/qihang/gui_agent/images/ui_tars_zh_simulator/device1/instruction_35/sample_0/step_4.png' does not exist. Sleeping for 1 seconds...
Path '/data/oss_bucket_0/qihang/gui_agent/images/ui_tars_zh_simulator/device1/instruction_35/sample_0/step_4.png' does not exist. Sleeping for 1 seconds...
Path '/data/oss_bucket_0/qihang/gui_agent/images/ui_tars_zh_simulator/device1/instruction_35/sample_0/step_4.png' does not exist. Sleeping for 1 seconds...
Path '/data/oss_bucket_0/qihang/gui_agent/images/ui_tars_zh_simulator/device1/instruction_35/sample_0/step_4.png' does not exist. Sleeping for 1 seconds...
Path '/data/oss_bucket_0/qihang/gui_agent/images/ui_tars_zh_simulator/device1/instruction_35/sample_0/step_4.png' does not exist. Sleeping for 1 seconds...
Path '/data/oss_bucket_0/qihang/gui_agent/images/ui_tars_zh_simulator/device1/instruction_35/sample_0/step_4.png' does not exist. Sleeping for 1 seconds...
Path '/data/oss_bucket_0/qihang/gui_agent/images/ui_tars_zh_simulator/device1/instruction_35/sample_0/step_4.png' exists! Reading the file...
Path '/data/oss_bucket_0/qihang/gui_agent/images/ui_tars_zh_simulator/device1/instruction_35/sample_0/step_3.png' exists! Reading the file...
Model Thought/Action: {'action': 'error', 'thought': 'JSON decode error.'}
--- Step 5 ---
Path '/data/oss_bucket_0/qihang/gui_agent/images/ui_tars_zh_simulator/device1/instruction_35/sample_0/step_5.png' does not exist. Sleeping for 1 seconds...
Path '/data/oss_bucket_0/qihang/gui_agent/images/ui_tars_zh_simulator/device1/instruction_35/sample_0/step_5.png' does not exist. Sleeping for 1 seconds...
Path '/data/oss_bucket_0/qihang/gui_agent/images/ui_tars_zh_simulator/device1/instruction_35/sample_0/step_5.png' does not exist. Sleeping for 1 seconds...
Path '/data/oss_bucket_0/qihang/gui_agent/images/ui_tars_zh_simulator/device1/instruction_35/sample_0/step_5.png' does not exist. Sleeping for 1 seconds...
Path '/data/oss_bucket_0/qihang/gui_agent/images/ui_tars_zh_simulator/device1/instruction_35/sample_0/step_5.png' does not exist. Sleeping for 1 seconds...
Path '/data/oss_bucket_0/qihang/gui_agent/images/ui_tars_zh_simulator/device1/instruction_35/sample_0/step_5.png' does not exist. Sleeping for 1 seconds...
Path '/data/oss_bucket_0/qihang/gui_agent/images/ui_tars_zh_simulator/device1/instruction_35/sample_0/step_5.png' exists! Reading the file...
Path '/data/oss_bucket_0/qihang/gui_agent/images/ui_tars_zh_simulator/device1/instruction_35/sample_0/step_4.png' exists! Reading the file...
Model Thought/Action: {'action': 'error', 'thought': 'JSON decode error.'}
--- Step 6 ---
Path '/data/oss_bucket_0/qihang/gui_agent/images/ui_tars_zh_simulator/device1/instruction_35/sample_0/step_6.png' does not exist. Sleeping for 1 seconds...
Path '/data/oss_bucket_0/qihang/gui_agent/images/ui_tars_zh_simulator/device1/instruction_35/sample_0/step_6.png' does not exist. Sleeping for 1 seconds...
Path '/data/oss_bucket_0/qihang/gui_agent/images/ui_tars_zh_simulator/device1/instruction_35/sample_0/step_6.png' does not exist. Sleeping for 1 seconds...
Path '/data/oss_bucket_0/qihang/gui_agent/images/ui_tars_zh_simulator/device1/instruction_35/sample_0/step_6.png' does not exist. Sleeping for 1 seconds...
Path '/data/oss_bucket_0/qihang/gui_agent/images/ui_tars_zh_simulator/device1/instruction_35/sample_0/step_6.png' does not exist. Sleeping for 1 seconds...
Path '/data/oss_bucket_0/qihang/gui_agent/images/ui_tars_zh_simulator/device1/instruction_35/sample_0/step_6.png' does not exist. Sleeping for 1 seconds...
Path '/data/oss_bucket_0/qihang/gui_agent/images/ui_tars_zh_simulator/device1/instruction_35/sample_0/step_6.png' exists! Reading the file...
Path '/data/oss_bucket_0/qihang/gui_agent/images/ui_tars_zh_simulator/device1/instruction_35/sample_0/step_5.png' exists! Reading the file...
Model Thought/Action: {'action': 'error', 'thought': 'JSON decode error.'}
--- Step 7 ---
Path '/data/oss_bucket_0/qihang/gui_agent/images/ui_tars_zh_simulator/device1/instruction_35/sample_0/step_7.png' does not exist. Sleeping for 1 seconds...
Path '/data/oss_bucket_0/qihang/gui_agent/images/ui_tars_zh_simulator/device1/instruction_35/sample_0/step_7.png' does not exist. Sleeping for 1 seconds...
Path '/data/oss_bucket_0/qihang/gui_agent/images/ui_tars_zh_simulator/device1/instruction_35/sample_0/step_7.png' does not exist. Sleeping for 1 seconds...
Path '/data/oss_bucket_0/qihang/gui_agent/images/ui_tars_zh_simulator/device1/instruction_35/sample_0/step_7.png' does not exist. Sleeping for 1 seconds...
Path '/data/oss_bucket_0/qihang/gui_agent/images/ui_tars_zh_simulator/device1/instruction_35/sample_0/step_7.png' does not exist. Sleeping for 1 seconds...
Path '/data/oss_bucket_0/qihang/gui_agent/images/ui_tars_zh_simulator/device1/instruction_35/sample_0/step_7.png' does not exist. Sleeping for 1 seconds...
Path '/data/oss_bucket_0/qihang/gui_agent/images/ui_tars_zh_simulator/device1/instruction_35/sample_0/step_7.png' exists! Reading the file...
Path '/data/oss_bucket_0/qihang/gui_agent/images/ui_tars_zh_simulator/device1/instruction_35/sample_0/step_6.png' exists! Reading the file...
Model Thought/Action: {'action': 'error', 'thought': 'JSON decode error.'}
--- Step 8 ---
Path '/data/oss_bucket_0/qihang/gui_agent/images/ui_tars_zh_simulator/device1/instruction_35/sample_0/step_8.png' does not exist. Sleeping for 1 seconds...
Path '/data/oss_bucket_0/qihang/gui_agent/images/ui_tars_zh_simulator/device1/instruction_35/sample_0/step_8.png' does not exist. Sleeping for 1 seconds...
Path '/data/oss_bucket_0/qihang/gui_agent/images/ui_tars_zh_simulator/device1/instruction_35/sample_0/step_8.png' does not exist. Sleeping for 1 seconds...
Path '/data/oss_bucket_0/qihang/gui_agent/images/ui_tars_zh_simulator/device1/instruction_35/sample_0/step_8.png' does not exist. Sleeping for 1 seconds...
Path '/data/oss_bucket_0/qihang/gui_agent/images/ui_tars_zh_simulator/device1/instruction_35/sample_0/step_8.png' does not exist. Sleeping for 1 seconds...
Path '/data/oss_bucket_0/qihang/gui_agent/images/ui_tars_zh_simulator/device1/instruction_35/sample_0/step_8.png' does not exist. Sleeping for 1 seconds...
Path '/data/oss_bucket_0/qihang/gui_agent/images/ui_tars_zh_simulator/device1/instruction_35/sample_0/step_8.png' exists! Reading the file...
Path '/data/oss_bucket_0/qihang/gui_agent/images/ui_tars_zh_simulator/device1/instruction_35/sample_0/step_7.png' exists! Reading the file...
Model Thought/Action: {'action': 'error', 'thought': 'JSON decode error.'}
--- Step 9 ---
Path '/data/oss_bucket_0/qihang/gui_agent/images/ui_tars_zh_simulator/device1/instruction_35/sample_0/step_9.png' does not exist. Sleeping for 1 seconds...
Path '/data/oss_bucket_0/qihang/gui_agent/images/ui_tars_zh_simulator/device1/instruction_35/sample_0/step_9.png' does not exist. Sleeping for 1 seconds...
Path '/data/oss_bucket_0/qihang/gui_agent/images/ui_tars_zh_simulator/device1/instruction_35/sample_0/step_9.png' does not exist. Sleeping for 1 seconds...
Path '/data/oss_bucket_0/qihang/gui_agent/images/ui_tars_zh_simulator/device1/instruction_35/sample_0/step_9.png' does not exist. Sleeping for 1 seconds...
Path '/data/oss_bucket_0/qihang/gui_agent/images/ui_tars_zh_simulator/device1/instruction_35/sample_0/step_9.png' does not exist. Sleeping for 1 seconds...
Path '/data/oss_bucket_0/qihang/gui_agent/images/ui_tars_zh_simulator/device1/instruction_35/sample_0/step_9.png' does not exist. Sleeping for 1 seconds...
Path '/data/oss_bucket_0/qihang/gui_agent/images/ui_tars_zh_simulator/device1/instruction_35/sample_0/step_9.png' exists! Reading the file...
Path '/data/oss_bucket_0/qihang/gui_agent/images/ui_tars_zh_simulator/device1/instruction_35/sample_0/step_8.png' exists! Reading the file...
Model Thought/Action: {'action': 'error', 'thought': 'JSON decode error.'}
--- Step 10 ---
Path '/data/oss_bucket_0/qihang/gui_agent/images/ui_tars_zh_simulator/device1/instruction_35/sample_0/step_10.png' does not exist. Sleeping for 1 seconds...
Path '/data/oss_bucket_0/qihang/gui_agent/images/ui_tars_zh_simulator/device1/instruction_35/sample_0/step_10.png' does not exist. Sleeping for 1 seconds...
Path '/data/oss_bucket_0/qihang/gui_agent/images/ui_tars_zh_simulator/device1/instruction_35/sample_0/step_10.png' does not exist. Sleeping for 1 seconds...
Path '/data/oss_bucket_0/qihang/gui_agent/images/ui_tars_zh_simulator/device1/instruction_35/sample_0/step_10.png' does not exist. Sleeping for 1 seconds...
Path '/data/oss_bucket_0/qihang/gui_agent/images/ui_tars_zh_simulator/device1/instruction_35/sample_0/step_10.png' does not exist. Sleeping for 1 seconds...
Path '/data/oss_bucket_0/qihang/gui_agent/images/ui_tars_zh_simulator/device1/instruction_35/sample_0/step_10.png' does not exist. Sleeping for 1 seconds...
Path '/data/oss_bucket_0/qihang/gui_agent/images/ui_tars_zh_simulator/device1/instruction_35/sample_0/step_10.png' exists! Reading the file...
Path '/data/oss_bucket_0/qihang/gui_agent/images/ui_tars_zh_simulator/device1/instruction_35/sample_0/step_9.png' exists! Reading the file...
Model Thought/Action: {'action': 'error', 'thought': 'JSON decode error.'}
--- Step 11 ---
Path '/data/oss_bucket_0/qihang/gui_agent/images/ui_tars_zh_simulator/device1/instruction_35/sample_0/step_11.png' does not exist. Sleeping for 1 seconds...
Path '/data/oss_bucket_0/qihang/gui_agent/images/ui_tars_zh_simulator/device1/instruction_35/sample_0/step_11.png' does not exist. Sleeping for 1 seconds...
Path '/data/oss_bucket_0/qihang/gui_agent/images/ui_tars_zh_simulator/device1/instruction_35/sample_0/step_11.png' does not exist. Sleeping for 1 seconds...
Path '/data/oss_bucket_0/qihang/gui_agent/images/ui_tars_zh_simulator/device1/instruction_35/sample_0/step_11.png' does not exist. Sleeping for 1 seconds...
Path '/data/oss_bucket_0/qihang/gui_agent/images/ui_tars_zh_simulator/device1/instruction_35/sample_0/step_11.png' does not exist. Sleeping for 1 seconds...
Path '/data/oss_bucket_0/qihang/gui_agent/images/ui_tars_zh_simulator/device1/instruction_35/sample_0/step_11.png' does not exist. Sleeping for 1 seconds...
Path '/data/oss_bucket_0/qihang/gui_agent/images/ui_tars_zh_simulator/device1/instruction_35/sample_0/step_11.png' exists! Reading the file...
Path '/data/oss_bucket_0/qihang/gui_agent/images/ui_tars_zh_simulator/device1/instruction_35/sample_0/step_10.png' exists! Reading the file...
Model Thought/Action: {'action': 'error', 'thought': 'JSON decode error.'}
--- Step 12 ---
Path '/data/oss_bucket_0/qihang/gui_agent/images/ui_tars_zh_simulator/device1/instruction_35/sample_0/step_12.png' does not exist. Sleeping for 1 seconds...
Path '/data/oss_bucket_0/qihang/gui_agent/images/ui_tars_zh_simulator/device1/instruction_35/sample_0/step_12.png' does not exist. Sleeping for 1 seconds...
Path '/data/oss_bucket_0/qihang/gui_agent/images/ui_tars_zh_simulator/device1/instruction_35/sample_0/step_12.png' does not exist. Sleeping for 1 seconds...
Path '/data/oss_bucket_0/qihang/gui_agent/images/ui_tars_zh_simulator/device1/instruction_35/sample_0/step_12.png' does not exist. Sleeping for 1 seconds...
Path '/data/oss_bucket_0/qihang/gui_agent/images/ui_tars_zh_simulator/device1/instruction_35/sample_0/step_12.png' does not exist. Sleeping for 1 seconds...
Path '/data/oss_bucket_0/qihang/gui_agent/images/ui_tars_zh_simulator/device1/instruction_35/sample_0/step_12.png' does not exist. Sleeping for 1 seconds...
Path '/data/oss_bucket_0/qihang/gui_agent/images/ui_tars_zh_simulator/device1/instruction_35/sample_0/step_12.png' exists! Reading the file...
Path '/data/oss_bucket_0/qihang/gui_agent/images/ui_tars_zh_simulator/device1/instruction_35/sample_0/step_11.png' exists! Reading the file...
Model Thought/Action: {'action': 'error', 'thought': 'JSON decode error.'}
--- Step 13 ---
Path '/data/oss_bucket_0/qihang/gui_agent/images/ui_tars_zh_simulator/device1/instruction_35/sample_0/step_13.png' does not exist. Sleeping for 1 seconds...
Path '/data/oss_bucket_0/qihang/gui_agent/images/ui_tars_zh_simulator/device1/instruction_35/sample_0/step_13.png' does not exist. Sleeping for 1 seconds...
Path '/data/oss_bucket_0/qihang/gui_agent/images/ui_tars_zh_simulator/device1/instruction_35/sample_0/step_13.png' does not exist. Sleeping for 1 seconds...
Path '/data/oss_bucket_0/qihang/gui_agent/images/ui_tars_zh_simulator/device1/instruction_35/sample_0/step_13.png' does not exist. Sleeping for 1 seconds...
Path '/data/oss_bucket_0/qihang/gui_agent/images/ui_tars_zh_simulator/device1/instruction_35/sample_0/step_13.png' does not exist. Sleeping for 1 seconds...
Path '/data/oss_bucket_0/qihang/gui_agent/images/ui_tars_zh_simulator/device1/instruction_35/sample_0/step_13.png' does not exist. Sleeping for 1 seconds...
Path '/data/oss_bucket_0/qihang/gui_agent/images/ui_tars_zh_simulator/device1/instruction_35/sample_0/step_13.png' exists! Reading the file...
Path '/data/oss_bucket_0/qihang/gui_agent/images/ui_tars_zh_simulator/device1/instruction_35/sample_0/step_12.png' exists! Reading the file...
Model Thought/Action: {'action': 'error', 'thought': 'JSON decode error.'}
--- Step 14 ---
Path '/data/oss_bucket_0/qihang/gui_agent/images/ui_tars_zh_simulator/device1/instruction_35/sample_0/step_14.png' does not exist. Sleeping for 1 seconds...
Path '/data/oss_bucket_0/qihang/gui_agent/images/ui_tars_zh_simulator/device1/instruction_35/sample_0/step_14.png' does not exist. Sleeping for 1 seconds...
Path '/data/oss_bucket_0/qihang/gui_agent/images/ui_tars_zh_simulator/device1/instruction_35/sample_0/step_14.png' does not exist. Sleeping for 1 seconds...
Path '/data/oss_bucket_0/qihang/gui_agent/images/ui_tars_zh_simulator/device1/instruction_35/sample_0/step_14.png' does not exist. Sleeping for 1 seconds...
Path '/data/oss_bucket_0/qihang/gui_agent/images/ui_tars_zh_simulator/device1/instruction_35/sample_0/step_14.png' does not exist. Sleeping for 1 seconds...
Path '/data/oss_bucket_0/qihang/gui_agent/images/ui_tars_zh_simulator/device1/instruction_35/sample_0/step_14.png' does not exist. Sleeping for 1 seconds...
Path '/data/oss_bucket_0/qihang/gui_agent/images/ui_tars_zh_simulator/device1/instruction_35/sample_0/step_14.png' exists! Reading the file...
Path '/data/oss_bucket_0/qihang/gui_agent/images/ui_tars_zh_simulator/device1/instruction_35/sample_0/step_13.png' exists! Reading the file...
Model Thought/Action: {'action': 'error', 'thought': 'JSON decode error.'}
--- Judging with GPT-4o ---
GPT-4o Evaluation Response: {'reason': 'The agent repeatedly attempted to click on the search bar to find the contacts app but failed to make any progress. The actions were redundant and did not lead to any meaningful progress towards completing the task. The agent did not attempt to interact with the user for guidance or clarification, which could have been helpful in resolving the issue.', 'reward': 0, 'status': 'failure', 'inquiry': 'failure'}
Evaluating Instructions:  85%|████████▌ | 35/41 [1:38:32<17:20, 173.38s/it]
===== Evaluating Instruction 36/41 =====
Instruction: 将号码+86-9876543210添加到通讯录，姓名设置为“李老师”。
--- Step 0 ---
Path '/data/oss_bucket_0/qihang/gui_agent/images/ui_tars_zh_simulator/device1/instruction_36/sample_0/step_0.png' exists! Reading the file...
Model Thought/Action: {'action': 'continue', 'thought': 'No tool call found.'}
--- Step 1 ---
Path '/data/oss_bucket_0/qihang/gui_agent/images/ui_tars_zh_simulator/device1/instruction_36/sample_0/step_1.png' does not exist. Sleeping for 1 seconds...
Path '/data/oss_bucket_0/qihang/gui_agent/images/ui_tars_zh_simulator/device1/instruction_36/sample_0/step_1.png' does not exist. Sleeping for 1 seconds...
Path '/data/oss_bucket_0/qihang/gui_agent/images/ui_tars_zh_simulator/device1/instruction_36/sample_0/step_1.png' does not exist. Sleeping for 1 seconds...
Path '/data/oss_bucket_0/qihang/gui_agent/images/ui_tars_zh_simulator/device1/instruction_36/sample_0/step_1.png' does not exist. Sleeping for 1 seconds...
Path '/data/oss_bucket_0/qihang/gui_agent/images/ui_tars_zh_simulator/device1/instruction_36/sample_0/step_1.png' does not exist. Sleeping for 1 seconds...
Path '/data/oss_bucket_0/qihang/gui_agent/images/ui_tars_zh_simulator/device1/instruction_36/sample_0/step_1.png' does not exist. Sleeping for 1 seconds...
Path '/data/oss_bucket_0/qihang/gui_agent/images/ui_tars_zh_simulator/device1/instruction_36/sample_0/step_1.png' does not exist. Sleeping for 1 seconds...
Path '/data/oss_bucket_0/qihang/gui_agent/images/ui_tars_zh_simulator/device1/instruction_36/sample_0/step_1.png' does not exist. Sleeping for 1 seconds...
Path '/data/oss_bucket_0/qihang/gui_agent/images/ui_tars_zh_simulator/device1/instruction_36/sample_0/step_1.png' does not exist. Sleeping for 1 seconds...
Path '/data/oss_bucket_0/qihang/gui_agent/images/ui_tars_zh_simulator/device1/instruction_36/sample_0/step_1.png' does not exist. Sleeping for 1 seconds...
Path '/data/oss_bucket_0/qihang/gui_agent/images/ui_tars_zh_simulator/device1/instruction_36/sample_0/step_1.png' does not exist. Sleeping for 1 seconds...
Path '/data/oss_bucket_0/qihang/gui_agent/images/ui_tars_zh_simulator/device1/instruction_36/sample_0/step_1.png' does not exist. Sleeping for 1 seconds...
Path '/data/oss_bucket_0/qihang/gui_agent/images/ui_tars_zh_simulator/device1/instruction_36/sample_0/step_1.png' exists! Reading the file...
Path '/data/oss_bucket_0/qihang/gui_agent/images/ui_tars_zh_simulator/device1/instruction_36/sample_0/step_0.png' exists! Reading the file...
Model Thought/Action: {'action': 'continue', 'thought': 'No tool call found.'}
--- Step 2 ---
Path '/data/oss_bucket_0/qihang/gui_agent/images/ui_tars_zh_simulator/device1/instruction_36/sample_0/step_2.png' does not exist. Sleeping for 1 seconds...
Path '/data/oss_bucket_0/qihang/gui_agent/images/ui_tars_zh_simulator/device1/instruction_36/sample_0/step_2.png' does not exist. Sleeping for 1 seconds...
Path '/data/oss_bucket_0/qihang/gui_agent/images/ui_tars_zh_simulator/device1/instruction_36/sample_0/step_2.png' does not exist. Sleeping for 1 seconds...
Path '/data/oss_bucket_0/qihang/gui_agent/images/ui_tars_zh_simulator/device1/instruction_36/sample_0/step_2.png' does not exist. Sleeping for 1 seconds...
Path '/data/oss_bucket_0/qihang/gui_agent/images/ui_tars_zh_simulator/device1/instruction_36/sample_0/step_2.png' does not exist. Sleeping for 1 seconds...
Path '/data/oss_bucket_0/qihang/gui_agent/images/ui_tars_zh_simulator/device1/instruction_36/sample_0/step_2.png' does not exist. Sleeping for 1 seconds...
Path '/data/oss_bucket_0/qihang/gui_agent/images/ui_tars_zh_simulator/device1/instruction_36/sample_0/step_2.png' exists! Reading the file...
Path '/data/oss_bucket_0/qihang/gui_agent/images/ui_tars_zh_simulator/device1/instruction_36/sample_0/step_1.png' exists! Reading the file...
Model Thought/Action: {'action': 'continue', 'thought': 'No tool call found.'}
--- Step 3 ---
Path '/data/oss_bucket_0/qihang/gui_agent/images/ui_tars_zh_simulator/device1/instruction_36/sample_0/step_3.png' does not exist. Sleeping for 1 seconds...
Path '/data/oss_bucket_0/qihang/gui_agent/images/ui_tars_zh_simulator/device1/instruction_36/sample_0/step_3.png' does not exist. Sleeping for 1 seconds...
Path '/data/oss_bucket_0/qihang/gui_agent/images/ui_tars_zh_simulator/device1/instruction_36/sample_0/step_3.png' does not exist. Sleeping for 1 seconds...
Path '/data/oss_bucket_0/qihang/gui_agent/images/ui_tars_zh_simulator/device1/instruction_36/sample_0/step_3.png' does not exist. Sleeping for 1 seconds...
Path '/data/oss_bucket_0/qihang/gui_agent/images/ui_tars_zh_simulator/device1/instruction_36/sample_0/step_3.png' does not exist. Sleeping for 1 seconds...
Path '/data/oss_bucket_0/qihang/gui_agent/images/ui_tars_zh_simulator/device1/instruction_36/sample_0/step_3.png' does not exist. Sleeping for 1 seconds...
Path '/data/oss_bucket_0/qihang/gui_agent/images/ui_tars_zh_simulator/device1/instruction_36/sample_0/step_3.png' exists! Reading the file...
Path '/data/oss_bucket_0/qihang/gui_agent/images/ui_tars_zh_simulator/device1/instruction_36/sample_0/step_2.png' exists! Reading the file...
Model Thought/Action: {'action': 'continue', 'thought': 'No tool call found.'}
--- Step 4 ---
Path '/data/oss_bucket_0/qihang/gui_agent/images/ui_tars_zh_simulator/device1/instruction_36/sample_0/step_4.png' does not exist. Sleeping for 1 seconds...
Path '/data/oss_bucket_0/qihang/gui_agent/images/ui_tars_zh_simulator/device1/instruction_36/sample_0/step_4.png' does not exist. Sleeping for 1 seconds...
Path '/data/oss_bucket_0/qihang/gui_agent/images/ui_tars_zh_simulator/device1/instruction_36/sample_0/step_4.png' does not exist. Sleeping for 1 seconds...
Path '/data/oss_bucket_0/qihang/gui_agent/images/ui_tars_zh_simulator/device1/instruction_36/sample_0/step_4.png' does not exist. Sleeping for 1 seconds...
Path '/data/oss_bucket_0/qihang/gui_agent/images/ui_tars_zh_simulator/device1/instruction_36/sample_0/step_4.png' does not exist. Sleeping for 1 seconds...
Path '/data/oss_bucket_0/qihang/gui_agent/images/ui_tars_zh_simulator/device1/instruction_36/sample_0/step_4.png' does not exist. Sleeping for 1 seconds...
Path '/data/oss_bucket_0/qihang/gui_agent/images/ui_tars_zh_simulator/device1/instruction_36/sample_0/step_4.png' exists! Reading the file...
Path '/data/oss_bucket_0/qihang/gui_agent/images/ui_tars_zh_simulator/device1/instruction_36/sample_0/step_3.png' exists! Reading the file...
Model Thought/Action: {'action': 'continue', 'thought': 'No tool call found.'}
--- Step 5 ---
Path '/data/oss_bucket_0/qihang/gui_agent/images/ui_tars_zh_simulator/device1/instruction_36/sample_0/step_5.png' does not exist. Sleeping for 1 seconds...
Path '/data/oss_bucket_0/qihang/gui_agent/images/ui_tars_zh_simulator/device1/instruction_36/sample_0/step_5.png' does not exist. Sleeping for 1 seconds...
Path '/data/oss_bucket_0/qihang/gui_agent/images/ui_tars_zh_simulator/device1/instruction_36/sample_0/step_5.png' does not exist. Sleeping for 1 seconds...
Path '/data/oss_bucket_0/qihang/gui_agent/images/ui_tars_zh_simulator/device1/instruction_36/sample_0/step_5.png' does not exist. Sleeping for 1 seconds...
Path '/data/oss_bucket_0/qihang/gui_agent/images/ui_tars_zh_simulator/device1/instruction_36/sample_0/step_5.png' does not exist. Sleeping for 1 seconds...
Path '/data/oss_bucket_0/qihang/gui_agent/images/ui_tars_zh_simulator/device1/instruction_36/sample_0/step_5.png' does not exist. Sleeping for 1 seconds...
Path '/data/oss_bucket_0/qihang/gui_agent/images/ui_tars_zh_simulator/device1/instruction_36/sample_0/step_5.png' exists! Reading the file...
Path '/data/oss_bucket_0/qihang/gui_agent/images/ui_tars_zh_simulator/device1/instruction_36/sample_0/step_4.png' exists! Reading the file...
Model Thought/Action: {'action': 'continue', 'thought': 'No tool call found.'}
--- Step 6 ---
Path '/data/oss_bucket_0/qihang/gui_agent/images/ui_tars_zh_simulator/device1/instruction_36/sample_0/step_6.png' does not exist. Sleeping for 1 seconds...
Path '/data/oss_bucket_0/qihang/gui_agent/images/ui_tars_zh_simulator/device1/instruction_36/sample_0/step_6.png' does not exist. Sleeping for 1 seconds...
Path '/data/oss_bucket_0/qihang/gui_agent/images/ui_tars_zh_simulator/device1/instruction_36/sample_0/step_6.png' does not exist. Sleeping for 1 seconds...
Path '/data/oss_bucket_0/qihang/gui_agent/images/ui_tars_zh_simulator/device1/instruction_36/sample_0/step_6.png' does not exist. Sleeping for 1 seconds...
Path '/data/oss_bucket_0/qihang/gui_agent/images/ui_tars_zh_simulator/device1/instruction_36/sample_0/step_6.png' does not exist. Sleeping for 1 seconds...
Path '/data/oss_bucket_0/qihang/gui_agent/images/ui_tars_zh_simulator/device1/instruction_36/sample_0/step_6.png' does not exist. Sleeping for 1 seconds...
Path '/data/oss_bucket_0/qihang/gui_agent/images/ui_tars_zh_simulator/device1/instruction_36/sample_0/step_6.png' exists! Reading the file...
Path '/data/oss_bucket_0/qihang/gui_agent/images/ui_tars_zh_simulator/device1/instruction_36/sample_0/step_5.png' exists! Reading the file...
Model Thought/Action: {'action': 'continue', 'thought': 'No tool call found.'}
--- Step 7 ---
Path '/data/oss_bucket_0/qihang/gui_agent/images/ui_tars_zh_simulator/device1/instruction_36/sample_0/step_7.png' does not exist. Sleeping for 1 seconds...
Path '/data/oss_bucket_0/qihang/gui_agent/images/ui_tars_zh_simulator/device1/instruction_36/sample_0/step_7.png' does not exist. Sleeping for 1 seconds...
Path '/data/oss_bucket_0/qihang/gui_agent/images/ui_tars_zh_simulator/device1/instruction_36/sample_0/step_7.png' does not exist. Sleeping for 1 seconds...
Path '/data/oss_bucket_0/qihang/gui_agent/images/ui_tars_zh_simulator/device1/instruction_36/sample_0/step_7.png' does not exist. Sleeping for 1 seconds...
Path '/data/oss_bucket_0/qihang/gui_agent/images/ui_tars_zh_simulator/device1/instruction_36/sample_0/step_7.png' does not exist. Sleeping for 1 seconds...
Path '/data/oss_bucket_0/qihang/gui_agent/images/ui_tars_zh_simulator/device1/instruction_36/sample_0/step_7.png' does not exist. Sleeping for 1 seconds...
Path '/data/oss_bucket_0/qihang/gui_agent/images/ui_tars_zh_simulator/device1/instruction_36/sample_0/step_7.png' exists! Reading the file...
Path '/data/oss_bucket_0/qihang/gui_agent/images/ui_tars_zh_simulator/device1/instruction_36/sample_0/step_6.png' exists! Reading the file...
Model Thought/Action: {'action': 'continue', 'thought': 'No tool call found.'}
--- Step 8 ---
Path '/data/oss_bucket_0/qihang/gui_agent/images/ui_tars_zh_simulator/device1/instruction_36/sample_0/step_8.png' does not exist. Sleeping for 1 seconds...
Path '/data/oss_bucket_0/qihang/gui_agent/images/ui_tars_zh_simulator/device1/instruction_36/sample_0/step_8.png' does not exist. Sleeping for 1 seconds...
Path '/data/oss_bucket_0/qihang/gui_agent/images/ui_tars_zh_simulator/device1/instruction_36/sample_0/step_8.png' does not exist. Sleeping for 1 seconds...
Path '/data/oss_bucket_0/qihang/gui_agent/images/ui_tars_zh_simulator/device1/instruction_36/sample_0/step_8.png' does not exist. Sleeping for 1 seconds...
Path '/data/oss_bucket_0/qihang/gui_agent/images/ui_tars_zh_simulator/device1/instruction_36/sample_0/step_8.png' does not exist. Sleeping for 1 seconds...
Path '/data/oss_bucket_0/qihang/gui_agent/images/ui_tars_zh_simulator/device1/instruction_36/sample_0/step_8.png' does not exist. Sleeping for 1 seconds...
Path '/data/oss_bucket_0/qihang/gui_agent/images/ui_tars_zh_simulator/device1/instruction_36/sample_0/step_8.png' exists! Reading the file...
Path '/data/oss_bucket_0/qihang/gui_agent/images/ui_tars_zh_simulator/device1/instruction_36/sample_0/step_7.png' exists! Reading the file...
Model Thought/Action: {'action': 'continue', 'thought': 'No tool call found.'}
--- Step 9 ---
Path '/data/oss_bucket_0/qihang/gui_agent/images/ui_tars_zh_simulator/device1/instruction_36/sample_0/step_9.png' does not exist. Sleeping for 1 seconds...
Path '/data/oss_bucket_0/qihang/gui_agent/images/ui_tars_zh_simulator/device1/instruction_36/sample_0/step_9.png' does not exist. Sleeping for 1 seconds...
Path '/data/oss_bucket_0/qihang/gui_agent/images/ui_tars_zh_simulator/device1/instruction_36/sample_0/step_9.png' does not exist. Sleeping for 1 seconds...
Path '/data/oss_bucket_0/qihang/gui_agent/images/ui_tars_zh_simulator/device1/instruction_36/sample_0/step_9.png' does not exist. Sleeping for 1 seconds...
Path '/data/oss_bucket_0/qihang/gui_agent/images/ui_tars_zh_simulator/device1/instruction_36/sample_0/step_9.png' does not exist. Sleeping for 1 seconds...
Path '/data/oss_bucket_0/qihang/gui_agent/images/ui_tars_zh_simulator/device1/instruction_36/sample_0/step_9.png' does not exist. Sleeping for 1 seconds...
Path '/data/oss_bucket_0/qihang/gui_agent/images/ui_tars_zh_simulator/device1/instruction_36/sample_0/step_9.png' exists! Reading the file...
Path '/data/oss_bucket_0/qihang/gui_agent/images/ui_tars_zh_simulator/device1/instruction_36/sample_0/step_8.png' exists! Reading the file...
Model Thought/Action: {'action': 'continue', 'thought': 'No tool call found.'}
--- Step 10 ---
Path '/data/oss_bucket_0/qihang/gui_agent/images/ui_tars_zh_simulator/device1/instruction_36/sample_0/step_10.png' does not exist. Sleeping for 1 seconds...
Path '/data/oss_bucket_0/qihang/gui_agent/images/ui_tars_zh_simulator/device1/instruction_36/sample_0/step_10.png' does not exist. Sleeping for 1 seconds...
Path '/data/oss_bucket_0/qihang/gui_agent/images/ui_tars_zh_simulator/device1/instruction_36/sample_0/step_10.png' does not exist. Sleeping for 1 seconds...
Path '/data/oss_bucket_0/qihang/gui_agent/images/ui_tars_zh_simulator/device1/instruction_36/sample_0/step_10.png' does not exist. Sleeping for 1 seconds...
Path '/data/oss_bucket_0/qihang/gui_agent/images/ui_tars_zh_simulator/device1/instruction_36/sample_0/step_10.png' does not exist. Sleeping for 1 seconds...
Path '/data/oss_bucket_0/qihang/gui_agent/images/ui_tars_zh_simulator/device1/instruction_36/sample_0/step_10.png' does not exist. Sleeping for 1 seconds...
Path '/data/oss_bucket_0/qihang/gui_agent/images/ui_tars_zh_simulator/device1/instruction_36/sample_0/step_10.png' exists! Reading the file...
Path '/data/oss_bucket_0/qihang/gui_agent/images/ui_tars_zh_simulator/device1/instruction_36/sample_0/step_9.png' exists! Reading the file...
Model Thought/Action: {'action': 'continue', 'thought': 'No tool call found.'}
--- Step 11 ---
Path '/data/oss_bucket_0/qihang/gui_agent/images/ui_tars_zh_simulator/device1/instruction_36/sample_0/step_11.png' does not exist. Sleeping for 1 seconds...
Path '/data/oss_bucket_0/qihang/gui_agent/images/ui_tars_zh_simulator/device1/instruction_36/sample_0/step_11.png' does not exist. Sleeping for 1 seconds...
Path '/data/oss_bucket_0/qihang/gui_agent/images/ui_tars_zh_simulator/device1/instruction_36/sample_0/step_11.png' does not exist. Sleeping for 1 seconds...
Path '/data/oss_bucket_0/qihang/gui_agent/images/ui_tars_zh_simulator/device1/instruction_36/sample_0/step_11.png' does not exist. Sleeping for 1 seconds...
Path '/data/oss_bucket_0/qihang/gui_agent/images/ui_tars_zh_simulator/device1/instruction_36/sample_0/step_11.png' does not exist. Sleeping for 1 seconds...
Path '/data/oss_bucket_0/qihang/gui_agent/images/ui_tars_zh_simulator/device1/instruction_36/sample_0/step_11.png' does not exist. Sleeping for 1 seconds...
Path '/data/oss_bucket_0/qihang/gui_agent/images/ui_tars_zh_simulator/device1/instruction_36/sample_0/step_11.png' exists! Reading the file...
Path '/data/oss_bucket_0/qihang/gui_agent/images/ui_tars_zh_simulator/device1/instruction_36/sample_0/step_10.png' exists! Reading the file...
Model Thought/Action: {'action': 'continue', 'thought': 'No tool call found.'}
--- Step 12 ---
Path '/data/oss_bucket_0/qihang/gui_agent/images/ui_tars_zh_simulator/device1/instruction_36/sample_0/step_12.png' does not exist. Sleeping for 1 seconds...
Path '/data/oss_bucket_0/qihang/gui_agent/images/ui_tars_zh_simulator/device1/instruction_36/sample_0/step_12.png' does not exist. Sleeping for 1 seconds...
Path '/data/oss_bucket_0/qihang/gui_agent/images/ui_tars_zh_simulator/device1/instruction_36/sample_0/step_12.png' does not exist. Sleeping for 1 seconds...
Path '/data/oss_bucket_0/qihang/gui_agent/images/ui_tars_zh_simulator/device1/instruction_36/sample_0/step_12.png' does not exist. Sleeping for 1 seconds...
Path '/data/oss_bucket_0/qihang/gui_agent/images/ui_tars_zh_simulator/device1/instruction_36/sample_0/step_12.png' does not exist. Sleeping for 1 seconds...
Path '/data/oss_bucket_0/qihang/gui_agent/images/ui_tars_zh_simulator/device1/instruction_36/sample_0/step_12.png' does not exist. Sleeping for 1 seconds...
Path '/data/oss_bucket_0/qihang/gui_agent/images/ui_tars_zh_simulator/device1/instruction_36/sample_0/step_12.png' exists! Reading the file...
Path '/data/oss_bucket_0/qihang/gui_agent/images/ui_tars_zh_simulator/device1/instruction_36/sample_0/step_11.png' exists! Reading the file...
Model Thought/Action: {'action': 'continue', 'thought': 'No tool call found.'}
--- Step 13 ---
Path '/data/oss_bucket_0/qihang/gui_agent/images/ui_tars_zh_simulator/device1/instruction_36/sample_0/step_13.png' does not exist. Sleeping for 1 seconds...
Path '/data/oss_bucket_0/qihang/gui_agent/images/ui_tars_zh_simulator/device1/instruction_36/sample_0/step_13.png' does not exist. Sleeping for 1 seconds...
Path '/data/oss_bucket_0/qihang/gui_agent/images/ui_tars_zh_simulator/device1/instruction_36/sample_0/step_13.png' does not exist. Sleeping for 1 seconds...
Path '/data/oss_bucket_0/qihang/gui_agent/images/ui_tars_zh_simulator/device1/instruction_36/sample_0/step_13.png' does not exist. Sleeping for 1 seconds...
Path '/data/oss_bucket_0/qihang/gui_agent/images/ui_tars_zh_simulator/device1/instruction_36/sample_0/step_13.png' does not exist. Sleeping for 1 seconds...
Path '/data/oss_bucket_0/qihang/gui_agent/images/ui_tars_zh_simulator/device1/instruction_36/sample_0/step_13.png' does not exist. Sleeping for 1 seconds...
Path '/data/oss_bucket_0/qihang/gui_agent/images/ui_tars_zh_simulator/device1/instruction_36/sample_0/step_13.png' exists! Reading the file...
Path '/data/oss_bucket_0/qihang/gui_agent/images/ui_tars_zh_simulator/device1/instruction_36/sample_0/step_12.png' exists! Reading the file...
Model Thought/Action: {'action': 'continue', 'thought': 'No tool call found.'}
--- Step 14 ---
Path '/data/oss_bucket_0/qihang/gui_agent/images/ui_tars_zh_simulator/device1/instruction_36/sample_0/step_14.png' does not exist. Sleeping for 1 seconds...
Path '/data/oss_bucket_0/qihang/gui_agent/images/ui_tars_zh_simulator/device1/instruction_36/sample_0/step_14.png' does not exist. Sleeping for 1 seconds...
Path '/data/oss_bucket_0/qihang/gui_agent/images/ui_tars_zh_simulator/device1/instruction_36/sample_0/step_14.png' does not exist. Sleeping for 1 seconds...
Path '/data/oss_bucket_0/qihang/gui_agent/images/ui_tars_zh_simulator/device1/instruction_36/sample_0/step_14.png' does not exist. Sleeping for 1 seconds...
Path '/data/oss_bucket_0/qihang/gui_agent/images/ui_tars_zh_simulator/device1/instruction_36/sample_0/step_14.png' does not exist. Sleeping for 1 seconds...
Path '/data/oss_bucket_0/qihang/gui_agent/images/ui_tars_zh_simulator/device1/instruction_36/sample_0/step_14.png' does not exist. Sleeping for 1 seconds...
Path '/data/oss_bucket_0/qihang/gui_agent/images/ui_tars_zh_simulator/device1/instruction_36/sample_0/step_14.png' exists! Reading the file...
Path '/data/oss_bucket_0/qihang/gui_agent/images/ui_tars_zh_simulator/device1/instruction_36/sample_0/step_13.png' exists! Reading the file...
Model Thought/Action: {'action': 'continue', 'thought': 'No tool call found.'}
--- Judging with GPT-4o ---
GPT-4o Evaluation Response: {'reason': 'The agent repeatedly attempted to find and click the contacts app icon on the home screen but failed to make any progress. The actions were redundant and did not bring the agent closer to completing the task. The task was not completed as the agent did not manage to open the contacts app or add the contact. There was no user interaction involved in this task, so the inquiry completion status is not applicable.', 'reward': 0, 'status': 'failure', 'inquiry': 'failure'}
Evaluating Instructions:  88%|████████▊ | 36/41 [1:42:52<16:37, 199.54s/it]
===== Evaluating Instruction 37/41 =====
Instruction: 将号码13000001111保存到通讯录，姓名设置为“快递员小哥”。
--- Step 0 ---
Path '/data/oss_bucket_0/qihang/gui_agent/images/ui_tars_zh_simulator/device1/instruction_37/sample_0/step_0.png' exists! Reading the file...
Model Thought/Action: {'action': 'continue', 'thought': 'No tool call found.'}
--- Step 1 ---
Path '/data/oss_bucket_0/qihang/gui_agent/images/ui_tars_zh_simulator/device1/instruction_37/sample_0/step_1.png' does not exist. Sleeping for 1 seconds...
Path '/data/oss_bucket_0/qihang/gui_agent/images/ui_tars_zh_simulator/device1/instruction_37/sample_0/step_1.png' does not exist. Sleeping for 1 seconds...
Path '/data/oss_bucket_0/qihang/gui_agent/images/ui_tars_zh_simulator/device1/instruction_37/sample_0/step_1.png' does not exist. Sleeping for 1 seconds...
Path '/data/oss_bucket_0/qihang/gui_agent/images/ui_tars_zh_simulator/device1/instruction_37/sample_0/step_1.png' does not exist. Sleeping for 1 seconds...
Path '/data/oss_bucket_0/qihang/gui_agent/images/ui_tars_zh_simulator/device1/instruction_37/sample_0/step_1.png' does not exist. Sleeping for 1 seconds...
Path '/data/oss_bucket_0/qihang/gui_agent/images/ui_tars_zh_simulator/device1/instruction_37/sample_0/step_1.png' does not exist. Sleeping for 1 seconds...
Path '/data/oss_bucket_0/qihang/gui_agent/images/ui_tars_zh_simulator/device1/instruction_37/sample_0/step_1.png' does not exist. Sleeping for 1 seconds...
Path '/data/oss_bucket_0/qihang/gui_agent/images/ui_tars_zh_simulator/device1/instruction_37/sample_0/step_1.png' does not exist. Sleeping for 1 seconds...
Path '/data/oss_bucket_0/qihang/gui_agent/images/ui_tars_zh_simulator/device1/instruction_37/sample_0/step_1.png' does not exist. Sleeping for 1 seconds...
Path '/data/oss_bucket_0/qihang/gui_agent/images/ui_tars_zh_simulator/device1/instruction_37/sample_0/step_1.png' does not exist. Sleeping for 1 seconds...
Path '/data/oss_bucket_0/qihang/gui_agent/images/ui_tars_zh_simulator/device1/instruction_37/sample_0/step_1.png' does not exist. Sleeping for 1 seconds...
Path '/data/oss_bucket_0/qihang/gui_agent/images/ui_tars_zh_simulator/device1/instruction_37/sample_0/step_1.png' does not exist. Sleeping for 1 seconds...
Path '/data/oss_bucket_0/qihang/gui_agent/images/ui_tars_zh_simulator/device1/instruction_37/sample_0/step_1.png' does not exist. Sleeping for 1 seconds...
Path '/data/oss_bucket_0/qihang/gui_agent/images/ui_tars_zh_simulator/device1/instruction_37/sample_0/step_1.png' does not exist. Sleeping for 1 seconds...
Path '/data/oss_bucket_0/qihang/gui_agent/images/ui_tars_zh_simulator/device1/instruction_37/sample_0/step_1.png' does not exist. Sleeping for 1 seconds...
Path '/data/oss_bucket_0/qihang/gui_agent/images/ui_tars_zh_simulator/device1/instruction_37/sample_0/step_1.png' does not exist. Sleeping for 1 seconds...
Path '/data/oss_bucket_0/qihang/gui_agent/images/ui_tars_zh_simulator/device1/instruction_37/sample_0/step_1.png' does not exist. Sleeping for 1 seconds...
Path '/data/oss_bucket_0/qihang/gui_agent/images/ui_tars_zh_simulator/device1/instruction_37/sample_0/step_1.png' does not exist. Sleeping for 1 seconds...
Path '/data/oss_bucket_0/qihang/gui_agent/images/ui_tars_zh_simulator/device1/instruction_37/sample_0/step_1.png' exists! Reading the file...
Path '/data/oss_bucket_0/qihang/gui_agent/images/ui_tars_zh_simulator/device1/instruction_37/sample_0/step_0.png' exists! Reading the file...
Model Thought/Action: {'direction': 'left'}
--- Step 2 ---
Path '/data/oss_bucket_0/qihang/gui_agent/images/ui_tars_zh_simulator/device1/instruction_37/sample_0/step_2.png' does not exist. Sleeping for 1 seconds...
Path '/data/oss_bucket_0/qihang/gui_agent/images/ui_tars_zh_simulator/device1/instruction_37/sample_0/step_2.png' does not exist. Sleeping for 1 seconds...
Path '/data/oss_bucket_0/qihang/gui_agent/images/ui_tars_zh_simulator/device1/instruction_37/sample_0/step_2.png' does not exist. Sleeping for 1 seconds...
Path '/data/oss_bucket_0/qihang/gui_agent/images/ui_tars_zh_simulator/device1/instruction_37/sample_0/step_2.png' does not exist. Sleeping for 1 seconds...
Path '/data/oss_bucket_0/qihang/gui_agent/images/ui_tars_zh_simulator/device1/instruction_37/sample_0/step_2.png' does not exist. Sleeping for 1 seconds...
Path '/data/oss_bucket_0/qihang/gui_agent/images/ui_tars_zh_simulator/device1/instruction_37/sample_0/step_2.png' does not exist. Sleeping for 1 seconds...
Path '/data/oss_bucket_0/qihang/gui_agent/images/ui_tars_zh_simulator/device1/instruction_37/sample_0/step_2.png' exists! Reading the file...
Path '/data/oss_bucket_0/qihang/gui_agent/images/ui_tars_zh_simulator/device1/instruction_37/sample_0/step_1.png' exists! Reading the file...
Model Thought/Action: {'direction': 'left'}
--- Step 3 ---
Path '/data/oss_bucket_0/qihang/gui_agent/images/ui_tars_zh_simulator/device1/instruction_37/sample_0/step_3.png' does not exist. Sleeping for 1 seconds...
Path '/data/oss_bucket_0/qihang/gui_agent/images/ui_tars_zh_simulator/device1/instruction_37/sample_0/step_3.png' does not exist. Sleeping for 1 seconds...
Path '/data/oss_bucket_0/qihang/gui_agent/images/ui_tars_zh_simulator/device1/instruction_37/sample_0/step_3.png' does not exist. Sleeping for 1 seconds...
Path '/data/oss_bucket_0/qihang/gui_agent/images/ui_tars_zh_simulator/device1/instruction_37/sample_0/step_3.png' does not exist. Sleeping for 1 seconds...
Path '/data/oss_bucket_0/qihang/gui_agent/images/ui_tars_zh_simulator/device1/instruction_37/sample_0/step_3.png' does not exist. Sleeping for 1 seconds...
Path '/data/oss_bucket_0/qihang/gui_agent/images/ui_tars_zh_simulator/device1/instruction_37/sample_0/step_3.png' does not exist. Sleeping for 1 seconds...
Path '/data/oss_bucket_0/qihang/gui_agent/images/ui_tars_zh_simulator/device1/instruction_37/sample_0/step_3.png' exists! Reading the file...
Path '/data/oss_bucket_0/qihang/gui_agent/images/ui_tars_zh_simulator/device1/instruction_37/sample_0/step_2.png' exists! Reading the file...
Model Thought/Action: {'direction': 'left'}
--- Step 4 ---
Path '/data/oss_bucket_0/qihang/gui_agent/images/ui_tars_zh_simulator/device1/instruction_37/sample_0/step_4.png' does not exist. Sleeping for 1 seconds...
Path '/data/oss_bucket_0/qihang/gui_agent/images/ui_tars_zh_simulator/device1/instruction_37/sample_0/step_4.png' does not exist. Sleeping for 1 seconds...
Path '/data/oss_bucket_0/qihang/gui_agent/images/ui_tars_zh_simulator/device1/instruction_37/sample_0/step_4.png' does not exist. Sleeping for 1 seconds...
Path '/data/oss_bucket_0/qihang/gui_agent/images/ui_tars_zh_simulator/device1/instruction_37/sample_0/step_4.png' does not exist. Sleeping for 1 seconds...
Path '/data/oss_bucket_0/qihang/gui_agent/images/ui_tars_zh_simulator/device1/instruction_37/sample_0/step_4.png' does not exist. Sleeping for 1 seconds...
Path '/data/oss_bucket_0/qihang/gui_agent/images/ui_tars_zh_simulator/device1/instruction_37/sample_0/step_4.png' does not exist. Sleeping for 1 seconds...
Path '/data/oss_bucket_0/qihang/gui_agent/images/ui_tars_zh_simulator/device1/instruction_37/sample_0/step_4.png' exists! Reading the file...
Path '/data/oss_bucket_0/qihang/gui_agent/images/ui_tars_zh_simulator/device1/instruction_37/sample_0/step_3.png' exists! Reading the file...
Model Thought/Action: {'direction': 'left'}
--- Step 5 ---
Path '/data/oss_bucket_0/qihang/gui_agent/images/ui_tars_zh_simulator/device1/instruction_37/sample_0/step_5.png' does not exist. Sleeping for 1 seconds...
Path '/data/oss_bucket_0/qihang/gui_agent/images/ui_tars_zh_simulator/device1/instruction_37/sample_0/step_5.png' does not exist. Sleeping for 1 seconds...
Path '/data/oss_bucket_0/qihang/gui_agent/images/ui_tars_zh_simulator/device1/instruction_37/sample_0/step_5.png' does not exist. Sleeping for 1 seconds...
Path '/data/oss_bucket_0/qihang/gui_agent/images/ui_tars_zh_simulator/device1/instruction_37/sample_0/step_5.png' does not exist. Sleeping for 1 seconds...
Path '/data/oss_bucket_0/qihang/gui_agent/images/ui_tars_zh_simulator/device1/instruction_37/sample_0/step_5.png' does not exist. Sleeping for 1 seconds...
Path '/data/oss_bucket_0/qihang/gui_agent/images/ui_tars_zh_simulator/device1/instruction_37/sample_0/step_5.png' does not exist. Sleeping for 1 seconds...
Path '/data/oss_bucket_0/qihang/gui_agent/images/ui_tars_zh_simulator/device1/instruction_37/sample_0/step_5.png' exists! Reading the file...
Path '/data/oss_bucket_0/qihang/gui_agent/images/ui_tars_zh_simulator/device1/instruction_37/sample_0/step_4.png' exists! Reading the file...
Model Thought/Action: {'direction': 'left'}
--- Step 6 ---
Path '/data/oss_bucket_0/qihang/gui_agent/images/ui_tars_zh_simulator/device1/instruction_37/sample_0/step_6.png' does not exist. Sleeping for 1 seconds...
Path '/data/oss_bucket_0/qihang/gui_agent/images/ui_tars_zh_simulator/device1/instruction_37/sample_0/step_6.png' does not exist. Sleeping for 1 seconds...
Path '/data/oss_bucket_0/qihang/gui_agent/images/ui_tars_zh_simulator/device1/instruction_37/sample_0/step_6.png' does not exist. Sleeping for 1 seconds...
Path '/data/oss_bucket_0/qihang/gui_agent/images/ui_tars_zh_simulator/device1/instruction_37/sample_0/step_6.png' does not exist. Sleeping for 1 seconds...
Path '/data/oss_bucket_0/qihang/gui_agent/images/ui_tars_zh_simulator/device1/instruction_37/sample_0/step_6.png' does not exist. Sleeping for 1 seconds...
Path '/data/oss_bucket_0/qihang/gui_agent/images/ui_tars_zh_simulator/device1/instruction_37/sample_0/step_6.png' does not exist. Sleeping for 1 seconds...
Path '/data/oss_bucket_0/qihang/gui_agent/images/ui_tars_zh_simulator/device1/instruction_37/sample_0/step_6.png' exists! Reading the file...
Path '/data/oss_bucket_0/qihang/gui_agent/images/ui_tars_zh_simulator/device1/instruction_37/sample_0/step_5.png' exists! Reading the file...
Model Thought/Action: {'direction': 'left'}
--- Step 7 ---
Path '/data/oss_bucket_0/qihang/gui_agent/images/ui_tars_zh_simulator/device1/instruction_37/sample_0/step_7.png' does not exist. Sleeping for 1 seconds...
Path '/data/oss_bucket_0/qihang/gui_agent/images/ui_tars_zh_simulator/device1/instruction_37/sample_0/step_7.png' does not exist. Sleeping for 1 seconds...
Path '/data/oss_bucket_0/qihang/gui_agent/images/ui_tars_zh_simulator/device1/instruction_37/sample_0/step_7.png' does not exist. Sleeping for 1 seconds...
Path '/data/oss_bucket_0/qihang/gui_agent/images/ui_tars_zh_simulator/device1/instruction_37/sample_0/step_7.png' does not exist. Sleeping for 1 seconds...
Path '/data/oss_bucket_0/qihang/gui_agent/images/ui_tars_zh_simulator/device1/instruction_37/sample_0/step_7.png' does not exist. Sleeping for 1 seconds...
Path '/data/oss_bucket_0/qihang/gui_agent/images/ui_tars_zh_simulator/device1/instruction_37/sample_0/step_7.png' does not exist. Sleeping for 1 seconds...
Path '/data/oss_bucket_0/qihang/gui_agent/images/ui_tars_zh_simulator/device1/instruction_37/sample_0/step_7.png' exists! Reading the file...
Path '/data/oss_bucket_0/qihang/gui_agent/images/ui_tars_zh_simulator/device1/instruction_37/sample_0/step_6.png' exists! Reading the file...
Model Thought/Action: {'direction': 'left'}
--- Step 8 ---
Path '/data/oss_bucket_0/qihang/gui_agent/images/ui_tars_zh_simulator/device1/instruction_37/sample_0/step_8.png' does not exist. Sleeping for 1 seconds...
Path '/data/oss_bucket_0/qihang/gui_agent/images/ui_tars_zh_simulator/device1/instruction_37/sample_0/step_8.png' does not exist. Sleeping for 1 seconds...
Path '/data/oss_bucket_0/qihang/gui_agent/images/ui_tars_zh_simulator/device1/instruction_37/sample_0/step_8.png' does not exist. Sleeping for 1 seconds...
Path '/data/oss_bucket_0/qihang/gui_agent/images/ui_tars_zh_simulator/device1/instruction_37/sample_0/step_8.png' does not exist. Sleeping for 1 seconds...
Path '/data/oss_bucket_0/qihang/gui_agent/images/ui_tars_zh_simulator/device1/instruction_37/sample_0/step_8.png' does not exist. Sleeping for 1 seconds...
Path '/data/oss_bucket_0/qihang/gui_agent/images/ui_tars_zh_simulator/device1/instruction_37/sample_0/step_8.png' does not exist. Sleeping for 1 seconds...
Path '/data/oss_bucket_0/qihang/gui_agent/images/ui_tars_zh_simulator/device1/instruction_37/sample_0/step_8.png' exists! Reading the file...
Path '/data/oss_bucket_0/qihang/gui_agent/images/ui_tars_zh_simulator/device1/instruction_37/sample_0/step_7.png' exists! Reading the file...
Model Thought/Action: {'direction': 'left'}
--- Step 9 ---
Path '/data/oss_bucket_0/qihang/gui_agent/images/ui_tars_zh_simulator/device1/instruction_37/sample_0/step_9.png' does not exist. Sleeping for 1 seconds...
Path '/data/oss_bucket_0/qihang/gui_agent/images/ui_tars_zh_simulator/device1/instruction_37/sample_0/step_9.png' does not exist. Sleeping for 1 seconds...
Path '/data/oss_bucket_0/qihang/gui_agent/images/ui_tars_zh_simulator/device1/instruction_37/sample_0/step_9.png' does not exist. Sleeping for 1 seconds...
Path '/data/oss_bucket_0/qihang/gui_agent/images/ui_tars_zh_simulator/device1/instruction_37/sample_0/step_9.png' does not exist. Sleeping for 1 seconds...
Path '/data/oss_bucket_0/qihang/gui_agent/images/ui_tars_zh_simulator/device1/instruction_37/sample_0/step_9.png' does not exist. Sleeping for 1 seconds...
Path '/data/oss_bucket_0/qihang/gui_agent/images/ui_tars_zh_simulator/device1/instruction_37/sample_0/step_9.png' does not exist. Sleeping for 1 seconds...
Path '/data/oss_bucket_0/qihang/gui_agent/images/ui_tars_zh_simulator/device1/instruction_37/sample_0/step_9.png' exists! Reading the file...
Path '/data/oss_bucket_0/qihang/gui_agent/images/ui_tars_zh_simulator/device1/instruction_37/sample_0/step_8.png' exists! Reading the file...
Model Thought/Action: {'direction': 'left'}
--- Step 10 ---
Path '/data/oss_bucket_0/qihang/gui_agent/images/ui_tars_zh_simulator/device1/instruction_37/sample_0/step_10.png' does not exist. Sleeping for 1 seconds...
Path '/data/oss_bucket_0/qihang/gui_agent/images/ui_tars_zh_simulator/device1/instruction_37/sample_0/step_10.png' does not exist. Sleeping for 1 seconds...
Path '/data/oss_bucket_0/qihang/gui_agent/images/ui_tars_zh_simulator/device1/instruction_37/sample_0/step_10.png' does not exist. Sleeping for 1 seconds...
Path '/data/oss_bucket_0/qihang/gui_agent/images/ui_tars_zh_simulator/device1/instruction_37/sample_0/step_10.png' does not exist. Sleeping for 1 seconds...
Path '/data/oss_bucket_0/qihang/gui_agent/images/ui_tars_zh_simulator/device1/instruction_37/sample_0/step_10.png' does not exist. Sleeping for 1 seconds...
Path '/data/oss_bucket_0/qihang/gui_agent/images/ui_tars_zh_simulator/device1/instruction_37/sample_0/step_10.png' does not exist. Sleeping for 1 seconds...
Path '/data/oss_bucket_0/qihang/gui_agent/images/ui_tars_zh_simulator/device1/instruction_37/sample_0/step_10.png' exists! Reading the file...
Path '/data/oss_bucket_0/qihang/gui_agent/images/ui_tars_zh_simulator/device1/instruction_37/sample_0/step_9.png' exists! Reading the file...
Model Thought/Action: {'direction': 'left'}
--- Step 11 ---
Path '/data/oss_bucket_0/qihang/gui_agent/images/ui_tars_zh_simulator/device1/instruction_37/sample_0/step_11.png' does not exist. Sleeping for 1 seconds...
Path '/data/oss_bucket_0/qihang/gui_agent/images/ui_tars_zh_simulator/device1/instruction_37/sample_0/step_11.png' does not exist. Sleeping for 1 seconds...
Path '/data/oss_bucket_0/qihang/gui_agent/images/ui_tars_zh_simulator/device1/instruction_37/sample_0/step_11.png' does not exist. Sleeping for 1 seconds...
Path '/data/oss_bucket_0/qihang/gui_agent/images/ui_tars_zh_simulator/device1/instruction_37/sample_0/step_11.png' does not exist. Sleeping for 1 seconds...
Path '/data/oss_bucket_0/qihang/gui_agent/images/ui_tars_zh_simulator/device1/instruction_37/sample_0/step_11.png' does not exist. Sleeping for 1 seconds...
Path '/data/oss_bucket_0/qihang/gui_agent/images/ui_tars_zh_simulator/device1/instruction_37/sample_0/step_11.png' does not exist. Sleeping for 1 seconds...
Path '/data/oss_bucket_0/qihang/gui_agent/images/ui_tars_zh_simulator/device1/instruction_37/sample_0/step_11.png' exists! Reading the file...
Path '/data/oss_bucket_0/qihang/gui_agent/images/ui_tars_zh_simulator/device1/instruction_37/sample_0/step_10.png' exists! Reading the file...
Model Thought/Action: {'direction': 'left'}
--- Step 12 ---
Path '/data/oss_bucket_0/qihang/gui_agent/images/ui_tars_zh_simulator/device1/instruction_37/sample_0/step_12.png' does not exist. Sleeping for 1 seconds...
Path '/data/oss_bucket_0/qihang/gui_agent/images/ui_tars_zh_simulator/device1/instruction_37/sample_0/step_12.png' does not exist. Sleeping for 1 seconds...
Path '/data/oss_bucket_0/qihang/gui_agent/images/ui_tars_zh_simulator/device1/instruction_37/sample_0/step_12.png' does not exist. Sleeping for 1 seconds...
Path '/data/oss_bucket_0/qihang/gui_agent/images/ui_tars_zh_simulator/device1/instruction_37/sample_0/step_12.png' does not exist. Sleeping for 1 seconds...
Path '/data/oss_bucket_0/qihang/gui_agent/images/ui_tars_zh_simulator/device1/instruction_37/sample_0/step_12.png' does not exist. Sleeping for 1 seconds...
Path '/data/oss_bucket_0/qihang/gui_agent/images/ui_tars_zh_simulator/device1/instruction_37/sample_0/step_12.png' does not exist. Sleeping for 1 seconds...
Path '/data/oss_bucket_0/qihang/gui_agent/images/ui_tars_zh_simulator/device1/instruction_37/sample_0/step_12.png' exists! Reading the file...
Path '/data/oss_bucket_0/qihang/gui_agent/images/ui_tars_zh_simulator/device1/instruction_37/sample_0/step_11.png' exists! Reading the file...
Model Thought/Action: {'direction': 'left'}
--- Step 13 ---
Path '/data/oss_bucket_0/qihang/gui_agent/images/ui_tars_zh_simulator/device1/instruction_37/sample_0/step_13.png' does not exist. Sleeping for 1 seconds...
Path '/data/oss_bucket_0/qihang/gui_agent/images/ui_tars_zh_simulator/device1/instruction_37/sample_0/step_13.png' does not exist. Sleeping for 1 seconds...
Path '/data/oss_bucket_0/qihang/gui_agent/images/ui_tars_zh_simulator/device1/instruction_37/sample_0/step_13.png' does not exist. Sleeping for 1 seconds...
Path '/data/oss_bucket_0/qihang/gui_agent/images/ui_tars_zh_simulator/device1/instruction_37/sample_0/step_13.png' does not exist. Sleeping for 1 seconds...
Path '/data/oss_bucket_0/qihang/gui_agent/images/ui_tars_zh_simulator/device1/instruction_37/sample_0/step_13.png' does not exist. Sleeping for 1 seconds...
Path '/data/oss_bucket_0/qihang/gui_agent/images/ui_tars_zh_simulator/device1/instruction_37/sample_0/step_13.png' does not exist. Sleeping for 1 seconds...
Path '/data/oss_bucket_0/qihang/gui_agent/images/ui_tars_zh_simulator/device1/instruction_37/sample_0/step_13.png' exists! Reading the file...
Path '/data/oss_bucket_0/qihang/gui_agent/images/ui_tars_zh_simulator/device1/instruction_37/sample_0/step_12.png' exists! Reading the file...
Model Thought/Action: {'direction': 'left'}
--- Step 14 ---
Path '/data/oss_bucket_0/qihang/gui_agent/images/ui_tars_zh_simulator/device1/instruction_37/sample_0/step_14.png' does not exist. Sleeping for 1 seconds...
Path '/data/oss_bucket_0/qihang/gui_agent/images/ui_tars_zh_simulator/device1/instruction_37/sample_0/step_14.png' does not exist. Sleeping for 1 seconds...
Path '/data/oss_bucket_0/qihang/gui_agent/images/ui_tars_zh_simulator/device1/instruction_37/sample_0/step_14.png' does not exist. Sleeping for 1 seconds...
Path '/data/oss_bucket_0/qihang/gui_agent/images/ui_tars_zh_simulator/device1/instruction_37/sample_0/step_14.png' does not exist. Sleeping for 1 seconds...
Path '/data/oss_bucket_0/qihang/gui_agent/images/ui_tars_zh_simulator/device1/instruction_37/sample_0/step_14.png' does not exist. Sleeping for 1 seconds...
Path '/data/oss_bucket_0/qihang/gui_agent/images/ui_tars_zh_simulator/device1/instruction_37/sample_0/step_14.png' does not exist. Sleeping for 1 seconds...
Path '/data/oss_bucket_0/qihang/gui_agent/images/ui_tars_zh_simulator/device1/instruction_37/sample_0/step_14.png' exists! Reading the file...
Path '/data/oss_bucket_0/qihang/gui_agent/images/ui_tars_zh_simulator/device1/instruction_37/sample_0/step_13.png' exists! Reading the file...
Model Thought/Action: {'direction': 'left'}
--- Judging with GPT-4o ---
GPT-4o Evaluation Response: {'reason': 'The agent repeatedly attempts to swipe left on the home screen to find the contacts app but fails to make any progress. The screenshots show no change in the interface, indicating that the agent is stuck in a loop and not moving towards the task goal. There is no evidence of the agent attempting to open the contacts app or save the number, and no user interaction is sought to resolve the issue.', 'reward': 0, 'status': 'failure', 'inquiry': 'failure'}
Evaluating Instructions:  90%|█████████ | 37/41 [1:47:37<15:00, 225.04s/it]
===== Evaluating Instruction 38/41 =====
Instruction: 将号码13000001111保存到通讯录，姓名设置为“快递员小哥”。
--- Step 0 ---
Path '/data/oss_bucket_0/qihang/gui_agent/images/ui_tars_zh_simulator/device1/instruction_38/sample_0/step_0.png' exists! Reading the file...
Model Thought/Action: {'action': 'continue', 'thought': 'No tool call found.'}
--- Step 1 ---
Path '/data/oss_bucket_0/qihang/gui_agent/images/ui_tars_zh_simulator/device1/instruction_38/sample_0/step_1.png' does not exist. Sleeping for 1 seconds...
Path '/data/oss_bucket_0/qihang/gui_agent/images/ui_tars_zh_simulator/device1/instruction_38/sample_0/step_1.png' does not exist. Sleeping for 1 seconds...
Path '/data/oss_bucket_0/qihang/gui_agent/images/ui_tars_zh_simulator/device1/instruction_38/sample_0/step_1.png' does not exist. Sleeping for 1 seconds...
Path '/data/oss_bucket_0/qihang/gui_agent/images/ui_tars_zh_simulator/device1/instruction_38/sample_0/step_1.png' does not exist. Sleeping for 1 seconds...
Path '/data/oss_bucket_0/qihang/gui_agent/images/ui_tars_zh_simulator/device1/instruction_38/sample_0/step_1.png' does not exist. Sleeping for 1 seconds...
Path '/data/oss_bucket_0/qihang/gui_agent/images/ui_tars_zh_simulator/device1/instruction_38/sample_0/step_1.png' does not exist. Sleeping for 1 seconds...
Path '/data/oss_bucket_0/qihang/gui_agent/images/ui_tars_zh_simulator/device1/instruction_38/sample_0/step_1.png' does not exist. Sleeping for 1 seconds...
Path '/data/oss_bucket_0/qihang/gui_agent/images/ui_tars_zh_simulator/device1/instruction_38/sample_0/step_1.png' does not exist. Sleeping for 1 seconds...
Path '/data/oss_bucket_0/qihang/gui_agent/images/ui_tars_zh_simulator/device1/instruction_38/sample_0/step_1.png' does not exist. Sleeping for 1 seconds...
Path '/data/oss_bucket_0/qihang/gui_agent/images/ui_tars_zh_simulator/device1/instruction_38/sample_0/step_1.png' does not exist. Sleeping for 1 seconds...
Path '/data/oss_bucket_0/qihang/gui_agent/images/ui_tars_zh_simulator/device1/instruction_38/sample_0/step_1.png' does not exist. Sleeping for 1 seconds...
Path '/data/oss_bucket_0/qihang/gui_agent/images/ui_tars_zh_simulator/device1/instruction_38/sample_0/step_1.png' does not exist. Sleeping for 1 seconds...
Path '/data/oss_bucket_0/qihang/gui_agent/images/ui_tars_zh_simulator/device1/instruction_38/sample_0/step_1.png' exists! Reading the file...
Path '/data/oss_bucket_0/qihang/gui_agent/images/ui_tars_zh_simulator/device1/instruction_38/sample_0/step_0.png' exists! Reading the file...
Model Thought/Action: {'direction': 'left'}
--- Step 2 ---
Path '/data/oss_bucket_0/qihang/gui_agent/images/ui_tars_zh_simulator/device1/instruction_38/sample_0/step_2.png' does not exist. Sleeping for 1 seconds...
Path '/data/oss_bucket_0/qihang/gui_agent/images/ui_tars_zh_simulator/device1/instruction_38/sample_0/step_2.png' does not exist. Sleeping for 1 seconds...
Path '/data/oss_bucket_0/qihang/gui_agent/images/ui_tars_zh_simulator/device1/instruction_38/sample_0/step_2.png' does not exist. Sleeping for 1 seconds...
Path '/data/oss_bucket_0/qihang/gui_agent/images/ui_tars_zh_simulator/device1/instruction_38/sample_0/step_2.png' does not exist. Sleeping for 1 seconds...
Path '/data/oss_bucket_0/qihang/gui_agent/images/ui_tars_zh_simulator/device1/instruction_38/sample_0/step_2.png' does not exist. Sleeping for 1 seconds...
Path '/data/oss_bucket_0/qihang/gui_agent/images/ui_tars_zh_simulator/device1/instruction_38/sample_0/step_2.png' does not exist. Sleeping for 1 seconds...
Path '/data/oss_bucket_0/qihang/gui_agent/images/ui_tars_zh_simulator/device1/instruction_38/sample_0/step_2.png' exists! Reading the file...
Path '/data/oss_bucket_0/qihang/gui_agent/images/ui_tars_zh_simulator/device1/instruction_38/sample_0/step_1.png' exists! Reading the file...
Model Thought/Action: {'direction': 'left'}
--- Step 3 ---
Path '/data/oss_bucket_0/qihang/gui_agent/images/ui_tars_zh_simulator/device1/instruction_38/sample_0/step_3.png' does not exist. Sleeping for 1 seconds...
Path '/data/oss_bucket_0/qihang/gui_agent/images/ui_tars_zh_simulator/device1/instruction_38/sample_0/step_3.png' does not exist. Sleeping for 1 seconds...
Path '/data/oss_bucket_0/qihang/gui_agent/images/ui_tars_zh_simulator/device1/instruction_38/sample_0/step_3.png' does not exist. Sleeping for 1 seconds...
Path '/data/oss_bucket_0/qihang/gui_agent/images/ui_tars_zh_simulator/device1/instruction_38/sample_0/step_3.png' does not exist. Sleeping for 1 seconds...
Path '/data/oss_bucket_0/qihang/gui_agent/images/ui_tars_zh_simulator/device1/instruction_38/sample_0/step_3.png' does not exist. Sleeping for 1 seconds...
Path '/data/oss_bucket_0/qihang/gui_agent/images/ui_tars_zh_simulator/device1/instruction_38/sample_0/step_3.png' does not exist. Sleeping for 1 seconds...
Path '/data/oss_bucket_0/qihang/gui_agent/images/ui_tars_zh_simulator/device1/instruction_38/sample_0/step_3.png' exists! Reading the file...
Path '/data/oss_bucket_0/qihang/gui_agent/images/ui_tars_zh_simulator/device1/instruction_38/sample_0/step_2.png' exists! Reading the file...
Model Thought/Action: {'direction': 'left'}
--- Step 4 ---
Path '/data/oss_bucket_0/qihang/gui_agent/images/ui_tars_zh_simulator/device1/instruction_38/sample_0/step_4.png' does not exist. Sleeping for 1 seconds...
Path '/data/oss_bucket_0/qihang/gui_agent/images/ui_tars_zh_simulator/device1/instruction_38/sample_0/step_4.png' does not exist. Sleeping for 1 seconds...
Path '/data/oss_bucket_0/qihang/gui_agent/images/ui_tars_zh_simulator/device1/instruction_38/sample_0/step_4.png' does not exist. Sleeping for 1 seconds...
Path '/data/oss_bucket_0/qihang/gui_agent/images/ui_tars_zh_simulator/device1/instruction_38/sample_0/step_4.png' does not exist. Sleeping for 1 seconds...
Path '/data/oss_bucket_0/qihang/gui_agent/images/ui_tars_zh_simulator/device1/instruction_38/sample_0/step_4.png' does not exist. Sleeping for 1 seconds...
Path '/data/oss_bucket_0/qihang/gui_agent/images/ui_tars_zh_simulator/device1/instruction_38/sample_0/step_4.png' does not exist. Sleeping for 1 seconds...
Path '/data/oss_bucket_0/qihang/gui_agent/images/ui_tars_zh_simulator/device1/instruction_38/sample_0/step_4.png' exists! Reading the file...
Path '/data/oss_bucket_0/qihang/gui_agent/images/ui_tars_zh_simulator/device1/instruction_38/sample_0/step_3.png' exists! Reading the file...
Model Thought/Action: {'direction': 'left'}
--- Step 5 ---
Path '/data/oss_bucket_0/qihang/gui_agent/images/ui_tars_zh_simulator/device1/instruction_38/sample_0/step_5.png' does not exist. Sleeping for 1 seconds...
Path '/data/oss_bucket_0/qihang/gui_agent/images/ui_tars_zh_simulator/device1/instruction_38/sample_0/step_5.png' does not exist. Sleeping for 1 seconds...
Path '/data/oss_bucket_0/qihang/gui_agent/images/ui_tars_zh_simulator/device1/instruction_38/sample_0/step_5.png' does not exist. Sleeping for 1 seconds...
Path '/data/oss_bucket_0/qihang/gui_agent/images/ui_tars_zh_simulator/device1/instruction_38/sample_0/step_5.png' does not exist. Sleeping for 1 seconds...
Path '/data/oss_bucket_0/qihang/gui_agent/images/ui_tars_zh_simulator/device1/instruction_38/sample_0/step_5.png' does not exist. Sleeping for 1 seconds...
Path '/data/oss_bucket_0/qihang/gui_agent/images/ui_tars_zh_simulator/device1/instruction_38/sample_0/step_5.png' does not exist. Sleeping for 1 seconds...
Path '/data/oss_bucket_0/qihang/gui_agent/images/ui_tars_zh_simulator/device1/instruction_38/sample_0/step_5.png' exists! Reading the file...
Path '/data/oss_bucket_0/qihang/gui_agent/images/ui_tars_zh_simulator/device1/instruction_38/sample_0/step_4.png' exists! Reading the file...
Model Thought/Action: {'direction': 'left'}
--- Step 6 ---
Path '/data/oss_bucket_0/qihang/gui_agent/images/ui_tars_zh_simulator/device1/instruction_38/sample_0/step_6.png' does not exist. Sleeping for 1 seconds...
Path '/data/oss_bucket_0/qihang/gui_agent/images/ui_tars_zh_simulator/device1/instruction_38/sample_0/step_6.png' does not exist. Sleeping for 1 seconds...
Path '/data/oss_bucket_0/qihang/gui_agent/images/ui_tars_zh_simulator/device1/instruction_38/sample_0/step_6.png' does not exist. Sleeping for 1 seconds...
Path '/data/oss_bucket_0/qihang/gui_agent/images/ui_tars_zh_simulator/device1/instruction_38/sample_0/step_6.png' does not exist. Sleeping for 1 seconds...
Path '/data/oss_bucket_0/qihang/gui_agent/images/ui_tars_zh_simulator/device1/instruction_38/sample_0/step_6.png' does not exist. Sleeping for 1 seconds...
Path '/data/oss_bucket_0/qihang/gui_agent/images/ui_tars_zh_simulator/device1/instruction_38/sample_0/step_6.png' does not exist. Sleeping for 1 seconds...
Path '/data/oss_bucket_0/qihang/gui_agent/images/ui_tars_zh_simulator/device1/instruction_38/sample_0/step_6.png' exists! Reading the file...
Path '/data/oss_bucket_0/qihang/gui_agent/images/ui_tars_zh_simulator/device1/instruction_38/sample_0/step_5.png' exists! Reading the file...
Model Thought/Action: {'direction': 'left'}
--- Step 7 ---
Path '/data/oss_bucket_0/qihang/gui_agent/images/ui_tars_zh_simulator/device1/instruction_38/sample_0/step_7.png' does not exist. Sleeping for 1 seconds...
Path '/data/oss_bucket_0/qihang/gui_agent/images/ui_tars_zh_simulator/device1/instruction_38/sample_0/step_7.png' does not exist. Sleeping for 1 seconds...
Path '/data/oss_bucket_0/qihang/gui_agent/images/ui_tars_zh_simulator/device1/instruction_38/sample_0/step_7.png' does not exist. Sleeping for 1 seconds...
Path '/data/oss_bucket_0/qihang/gui_agent/images/ui_tars_zh_simulator/device1/instruction_38/sample_0/step_7.png' does not exist. Sleeping for 1 seconds...
Path '/data/oss_bucket_0/qihang/gui_agent/images/ui_tars_zh_simulator/device1/instruction_38/sample_0/step_7.png' does not exist. Sleeping for 1 seconds...
Path '/data/oss_bucket_0/qihang/gui_agent/images/ui_tars_zh_simulator/device1/instruction_38/sample_0/step_7.png' does not exist. Sleeping for 1 seconds...
Path '/data/oss_bucket_0/qihang/gui_agent/images/ui_tars_zh_simulator/device1/instruction_38/sample_0/step_7.png' exists! Reading the file...
Path '/data/oss_bucket_0/qihang/gui_agent/images/ui_tars_zh_simulator/device1/instruction_38/sample_0/step_6.png' exists! Reading the file...
Model Thought/Action: {'direction': 'left'}
--- Step 8 ---
Path '/data/oss_bucket_0/qihang/gui_agent/images/ui_tars_zh_simulator/device1/instruction_38/sample_0/step_8.png' does not exist. Sleeping for 1 seconds...
Path '/data/oss_bucket_0/qihang/gui_agent/images/ui_tars_zh_simulator/device1/instruction_38/sample_0/step_8.png' does not exist. Sleeping for 1 seconds...
Path '/data/oss_bucket_0/qihang/gui_agent/images/ui_tars_zh_simulator/device1/instruction_38/sample_0/step_8.png' does not exist. Sleeping for 1 seconds...
Path '/data/oss_bucket_0/qihang/gui_agent/images/ui_tars_zh_simulator/device1/instruction_38/sample_0/step_8.png' does not exist. Sleeping for 1 seconds...
Path '/data/oss_bucket_0/qihang/gui_agent/images/ui_tars_zh_simulator/device1/instruction_38/sample_0/step_8.png' does not exist. Sleeping for 1 seconds...
Path '/data/oss_bucket_0/qihang/gui_agent/images/ui_tars_zh_simulator/device1/instruction_38/sample_0/step_8.png' does not exist. Sleeping for 1 seconds...
Path '/data/oss_bucket_0/qihang/gui_agent/images/ui_tars_zh_simulator/device1/instruction_38/sample_0/step_8.png' exists! Reading the file...
Path '/data/oss_bucket_0/qihang/gui_agent/images/ui_tars_zh_simulator/device1/instruction_38/sample_0/step_7.png' exists! Reading the file...
Model Thought/Action: {'direction': 'left'}
--- Step 9 ---
Path '/data/oss_bucket_0/qihang/gui_agent/images/ui_tars_zh_simulator/device1/instruction_38/sample_0/step_9.png' does not exist. Sleeping for 1 seconds...
Path '/data/oss_bucket_0/qihang/gui_agent/images/ui_tars_zh_simulator/device1/instruction_38/sample_0/step_9.png' does not exist. Sleeping for 1 seconds...
Path '/data/oss_bucket_0/qihang/gui_agent/images/ui_tars_zh_simulator/device1/instruction_38/sample_0/step_9.png' does not exist. Sleeping for 1 seconds...
Path '/data/oss_bucket_0/qihang/gui_agent/images/ui_tars_zh_simulator/device1/instruction_38/sample_0/step_9.png' does not exist. Sleeping for 1 seconds...
Path '/data/oss_bucket_0/qihang/gui_agent/images/ui_tars_zh_simulator/device1/instruction_38/sample_0/step_9.png' does not exist. Sleeping for 1 seconds...
Path '/data/oss_bucket_0/qihang/gui_agent/images/ui_tars_zh_simulator/device1/instruction_38/sample_0/step_9.png' does not exist. Sleeping for 1 seconds...
Path '/data/oss_bucket_0/qihang/gui_agent/images/ui_tars_zh_simulator/device1/instruction_38/sample_0/step_9.png' exists! Reading the file...
Path '/data/oss_bucket_0/qihang/gui_agent/images/ui_tars_zh_simulator/device1/instruction_38/sample_0/step_8.png' exists! Reading the file...
Model Thought/Action: {'direction': 'left'}
--- Step 10 ---
Path '/data/oss_bucket_0/qihang/gui_agent/images/ui_tars_zh_simulator/device1/instruction_38/sample_0/step_10.png' does not exist. Sleeping for 1 seconds...
Path '/data/oss_bucket_0/qihang/gui_agent/images/ui_tars_zh_simulator/device1/instruction_38/sample_0/step_10.png' does not exist. Sleeping for 1 seconds...
Path '/data/oss_bucket_0/qihang/gui_agent/images/ui_tars_zh_simulator/device1/instruction_38/sample_0/step_10.png' does not exist. Sleeping for 1 seconds...
Path '/data/oss_bucket_0/qihang/gui_agent/images/ui_tars_zh_simulator/device1/instruction_38/sample_0/step_10.png' does not exist. Sleeping for 1 seconds...
Path '/data/oss_bucket_0/qihang/gui_agent/images/ui_tars_zh_simulator/device1/instruction_38/sample_0/step_10.png' does not exist. Sleeping for 1 seconds...
Path '/data/oss_bucket_0/qihang/gui_agent/images/ui_tars_zh_simulator/device1/instruction_38/sample_0/step_10.png' does not exist. Sleeping for 1 seconds...
Path '/data/oss_bucket_0/qihang/gui_agent/images/ui_tars_zh_simulator/device1/instruction_38/sample_0/step_10.png' exists! Reading the file...
Path '/data/oss_bucket_0/qihang/gui_agent/images/ui_tars_zh_simulator/device1/instruction_38/sample_0/step_9.png' exists! Reading the file...
Model Thought/Action: {'direction': 'left'}
--- Step 11 ---
Path '/data/oss_bucket_0/qihang/gui_agent/images/ui_tars_zh_simulator/device1/instruction_38/sample_0/step_11.png' does not exist. Sleeping for 1 seconds...
Path '/data/oss_bucket_0/qihang/gui_agent/images/ui_tars_zh_simulator/device1/instruction_38/sample_0/step_11.png' does not exist. Sleeping for 1 seconds...
Path '/data/oss_bucket_0/qihang/gui_agent/images/ui_tars_zh_simulator/device1/instruction_38/sample_0/step_11.png' does not exist. Sleeping for 1 seconds...
Path '/data/oss_bucket_0/qihang/gui_agent/images/ui_tars_zh_simulator/device1/instruction_38/sample_0/step_11.png' does not exist. Sleeping for 1 seconds...
Path '/data/oss_bucket_0/qihang/gui_agent/images/ui_tars_zh_simulator/device1/instruction_38/sample_0/step_11.png' does not exist. Sleeping for 1 seconds...
Path '/data/oss_bucket_0/qihang/gui_agent/images/ui_tars_zh_simulator/device1/instruction_38/sample_0/step_11.png' does not exist. Sleeping for 1 seconds...
Path '/data/oss_bucket_0/qihang/gui_agent/images/ui_tars_zh_simulator/device1/instruction_38/sample_0/step_11.png' exists! Reading the file...
Path '/data/oss_bucket_0/qihang/gui_agent/images/ui_tars_zh_simulator/device1/instruction_38/sample_0/step_10.png' exists! Reading the file...
Model Thought/Action: {'direction': 'left'}
--- Step 12 ---
Path '/data/oss_bucket_0/qihang/gui_agent/images/ui_tars_zh_simulator/device1/instruction_38/sample_0/step_12.png' does not exist. Sleeping for 1 seconds...
Path '/data/oss_bucket_0/qihang/gui_agent/images/ui_tars_zh_simulator/device1/instruction_38/sample_0/step_12.png' does not exist. Sleeping for 1 seconds...
Path '/data/oss_bucket_0/qihang/gui_agent/images/ui_tars_zh_simulator/device1/instruction_38/sample_0/step_12.png' does not exist. Sleeping for 1 seconds...
Path '/data/oss_bucket_0/qihang/gui_agent/images/ui_tars_zh_simulator/device1/instruction_38/sample_0/step_12.png' does not exist. Sleeping for 1 seconds...
Path '/data/oss_bucket_0/qihang/gui_agent/images/ui_tars_zh_simulator/device1/instruction_38/sample_0/step_12.png' does not exist. Sleeping for 1 seconds...
Path '/data/oss_bucket_0/qihang/gui_agent/images/ui_tars_zh_simulator/device1/instruction_38/sample_0/step_12.png' does not exist. Sleeping for 1 seconds...
Path '/data/oss_bucket_0/qihang/gui_agent/images/ui_tars_zh_simulator/device1/instruction_38/sample_0/step_12.png' exists! Reading the file...
Path '/data/oss_bucket_0/qihang/gui_agent/images/ui_tars_zh_simulator/device1/instruction_38/sample_0/step_11.png' exists! Reading the file...
Model Thought/Action: {'direction': 'left'}
--- Step 13 ---
Path '/data/oss_bucket_0/qihang/gui_agent/images/ui_tars_zh_simulator/device1/instruction_38/sample_0/step_13.png' does not exist. Sleeping for 1 seconds...
Path '/data/oss_bucket_0/qihang/gui_agent/images/ui_tars_zh_simulator/device1/instruction_38/sample_0/step_13.png' does not exist. Sleeping for 1 seconds...
Path '/data/oss_bucket_0/qihang/gui_agent/images/ui_tars_zh_simulator/device1/instruction_38/sample_0/step_13.png' does not exist. Sleeping for 1 seconds...
Path '/data/oss_bucket_0/qihang/gui_agent/images/ui_tars_zh_simulator/device1/instruction_38/sample_0/step_13.png' does not exist. Sleeping for 1 seconds...
Path '/data/oss_bucket_0/qihang/gui_agent/images/ui_tars_zh_simulator/device1/instruction_38/sample_0/step_13.png' does not exist. Sleeping for 1 seconds...
Path '/data/oss_bucket_0/qihang/gui_agent/images/ui_tars_zh_simulator/device1/instruction_38/sample_0/step_13.png' does not exist. Sleeping for 1 seconds...
Path '/data/oss_bucket_0/qihang/gui_agent/images/ui_tars_zh_simulator/device1/instruction_38/sample_0/step_13.png' exists! Reading the file...
Path '/data/oss_bucket_0/qihang/gui_agent/images/ui_tars_zh_simulator/device1/instruction_38/sample_0/step_12.png' exists! Reading the file...
Model Thought/Action: {'direction': 'left'}
--- Step 14 ---
Path '/data/oss_bucket_0/qihang/gui_agent/images/ui_tars_zh_simulator/device1/instruction_38/sample_0/step_14.png' does not exist. Sleeping for 1 seconds...
Path '/data/oss_bucket_0/qihang/gui_agent/images/ui_tars_zh_simulator/device1/instruction_38/sample_0/step_14.png' does not exist. Sleeping for 1 seconds...
Path '/data/oss_bucket_0/qihang/gui_agent/images/ui_tars_zh_simulator/device1/instruction_38/sample_0/step_14.png' does not exist. Sleeping for 1 seconds...
Path '/data/oss_bucket_0/qihang/gui_agent/images/ui_tars_zh_simulator/device1/instruction_38/sample_0/step_14.png' does not exist. Sleeping for 1 seconds...
Path '/data/oss_bucket_0/qihang/gui_agent/images/ui_tars_zh_simulator/device1/instruction_38/sample_0/step_14.png' does not exist. Sleeping for 1 seconds...
Path '/data/oss_bucket_0/qihang/gui_agent/images/ui_tars_zh_simulator/device1/instruction_38/sample_0/step_14.png' does not exist. Sleeping for 1 seconds...
Path '/data/oss_bucket_0/qihang/gui_agent/images/ui_tars_zh_simulator/device1/instruction_38/sample_0/step_14.png' exists! Reading the file...
Path '/data/oss_bucket_0/qihang/gui_agent/images/ui_tars_zh_simulator/device1/instruction_38/sample_0/step_13.png' exists! Reading the file...
Model Thought/Action: {'direction': 'left'}
--- Judging with GPT-4o ---
GPT-4o Evaluation Response: {'reason': 'The agent repeatedly attempts to swipe left on the home screen to find the contacts app but fails to make any progress. The screenshots show no change in the interface, indicating that the agent is stuck in a loop and unable to locate the contacts app. The task of saving a contact was not completed, and there was no meaningful interaction with the user to resolve the issue.', 'reward': 0, 'status': 'failure', 'inquiry': 'failure'}
Evaluating Instructions:  93%|█████████▎| 38/41 [1:52:14<12:01, 240.66s/it]
===== Evaluating Instruction 39/41 =====
Instruction: 帮我查找通讯录中名为“王芳”的联系人，并拨打电话。
--- Step 0 ---
Path '/data/oss_bucket_0/qihang/gui_agent/images/ui_tars_zh_simulator/device1/instruction_39/sample_0/step_0.png' exists! Reading the file...
Model Thought/Action: {'action': 'error', 'thought': 'JSON decode error.'}
--- Step 1 ---
Path '/data/oss_bucket_0/qihang/gui_agent/images/ui_tars_zh_simulator/device1/instruction_39/sample_0/step_1.png' does not exist. Sleeping for 1 seconds...
Path '/data/oss_bucket_0/qihang/gui_agent/images/ui_tars_zh_simulator/device1/instruction_39/sample_0/step_1.png' does not exist. Sleeping for 1 seconds...
Path '/data/oss_bucket_0/qihang/gui_agent/images/ui_tars_zh_simulator/device1/instruction_39/sample_0/step_1.png' does not exist. Sleeping for 1 seconds...
Path '/data/oss_bucket_0/qihang/gui_agent/images/ui_tars_zh_simulator/device1/instruction_39/sample_0/step_1.png' does not exist. Sleeping for 1 seconds...
Path '/data/oss_bucket_0/qihang/gui_agent/images/ui_tars_zh_simulator/device1/instruction_39/sample_0/step_1.png' does not exist. Sleeping for 1 seconds...
Path '/data/oss_bucket_0/qihang/gui_agent/images/ui_tars_zh_simulator/device1/instruction_39/sample_0/step_1.png' does not exist. Sleeping for 1 seconds...
Path '/data/oss_bucket_0/qihang/gui_agent/images/ui_tars_zh_simulator/device1/instruction_39/sample_0/step_1.png' does not exist. Sleeping for 1 seconds...
Path '/data/oss_bucket_0/qihang/gui_agent/images/ui_tars_zh_simulator/device1/instruction_39/sample_0/step_1.png' does not exist. Sleeping for 1 seconds...
Path '/data/oss_bucket_0/qihang/gui_agent/images/ui_tars_zh_simulator/device1/instruction_39/sample_0/step_1.png' does not exist. Sleeping for 1 seconds...
Path '/data/oss_bucket_0/qihang/gui_agent/images/ui_tars_zh_simulator/device1/instruction_39/sample_0/step_1.png' does not exist. Sleeping for 1 seconds...
Path '/data/oss_bucket_0/qihang/gui_agent/images/ui_tars_zh_simulator/device1/instruction_39/sample_0/step_1.png' does not exist. Sleeping for 1 seconds...
Path '/data/oss_bucket_0/qihang/gui_agent/images/ui_tars_zh_simulator/device1/instruction_39/sample_0/step_1.png' does not exist. Sleeping for 1 seconds...
Path '/data/oss_bucket_0/qihang/gui_agent/images/ui_tars_zh_simulator/device1/instruction_39/sample_0/step_1.png' does not exist. Sleeping for 1 seconds...
Path '/data/oss_bucket_0/qihang/gui_agent/images/ui_tars_zh_simulator/device1/instruction_39/sample_0/step_1.png' does not exist. Sleeping for 1 seconds...
Path '/data/oss_bucket_0/qihang/gui_agent/images/ui_tars_zh_simulator/device1/instruction_39/sample_0/step_1.png' does not exist. Sleeping for 1 seconds...
Path '/data/oss_bucket_0/qihang/gui_agent/images/ui_tars_zh_simulator/device1/instruction_39/sample_0/step_1.png' does not exist. Sleeping for 1 seconds...
Path '/data/oss_bucket_0/qihang/gui_agent/images/ui_tars_zh_simulator/device1/instruction_39/sample_0/step_1.png' does not exist. Sleeping for 1 seconds...
Path '/data/oss_bucket_0/qihang/gui_agent/images/ui_tars_zh_simulator/device1/instruction_39/sample_0/step_1.png' does not exist. Sleeping for 1 seconds...
Path '/data/oss_bucket_0/qihang/gui_agent/images/ui_tars_zh_simulator/device1/instruction_39/sample_0/step_1.png' exists! Reading the file...
Path '/data/oss_bucket_0/qihang/gui_agent/images/ui_tars_zh_simulator/device1/instruction_39/sample_0/step_0.png' exists! Reading the file...
Model Thought/Action: {'direction': 'down'}
--- Step 2 ---
Path '/data/oss_bucket_0/qihang/gui_agent/images/ui_tars_zh_simulator/device1/instruction_39/sample_0/step_2.png' does not exist. Sleeping for 1 seconds...
Path '/data/oss_bucket_0/qihang/gui_agent/images/ui_tars_zh_simulator/device1/instruction_39/sample_0/step_2.png' does not exist. Sleeping for 1 seconds...
Path '/data/oss_bucket_0/qihang/gui_agent/images/ui_tars_zh_simulator/device1/instruction_39/sample_0/step_2.png' does not exist. Sleeping for 1 seconds...
Path '/data/oss_bucket_0/qihang/gui_agent/images/ui_tars_zh_simulator/device1/instruction_39/sample_0/step_2.png' does not exist. Sleeping for 1 seconds...
Path '/data/oss_bucket_0/qihang/gui_agent/images/ui_tars_zh_simulator/device1/instruction_39/sample_0/step_2.png' does not exist. Sleeping for 1 seconds...
Path '/data/oss_bucket_0/qihang/gui_agent/images/ui_tars_zh_simulator/device1/instruction_39/sample_0/step_2.png' does not exist. Sleeping for 1 seconds...
Path '/data/oss_bucket_0/qihang/gui_agent/images/ui_tars_zh_simulator/device1/instruction_39/sample_0/step_2.png' exists! Reading the file...
Path '/data/oss_bucket_0/qihang/gui_agent/images/ui_tars_zh_simulator/device1/instruction_39/sample_0/step_1.png' exists! Reading the file...
Model Thought/Action: {'direction': 'down'}
--- Step 3 ---
Path '/data/oss_bucket_0/qihang/gui_agent/images/ui_tars_zh_simulator/device1/instruction_39/sample_0/step_3.png' does not exist. Sleeping for 1 seconds...
Path '/data/oss_bucket_0/qihang/gui_agent/images/ui_tars_zh_simulator/device1/instruction_39/sample_0/step_3.png' does not exist. Sleeping for 1 seconds...
Path '/data/oss_bucket_0/qihang/gui_agent/images/ui_tars_zh_simulator/device1/instruction_39/sample_0/step_3.png' does not exist. Sleeping for 1 seconds...
Path '/data/oss_bucket_0/qihang/gui_agent/images/ui_tars_zh_simulator/device1/instruction_39/sample_0/step_3.png' does not exist. Sleeping for 1 seconds...
Path '/data/oss_bucket_0/qihang/gui_agent/images/ui_tars_zh_simulator/device1/instruction_39/sample_0/step_3.png' does not exist. Sleeping for 1 seconds...
Path '/data/oss_bucket_0/qihang/gui_agent/images/ui_tars_zh_simulator/device1/instruction_39/sample_0/step_3.png' does not exist. Sleeping for 1 seconds...
Path '/data/oss_bucket_0/qihang/gui_agent/images/ui_tars_zh_simulator/device1/instruction_39/sample_0/step_3.png' exists! Reading the file...
Path '/data/oss_bucket_0/qihang/gui_agent/images/ui_tars_zh_simulator/device1/instruction_39/sample_0/step_2.png' exists! Reading the file...
Model Thought/Action: {'direction': 'down'}
--- Step 4 ---
Path '/data/oss_bucket_0/qihang/gui_agent/images/ui_tars_zh_simulator/device1/instruction_39/sample_0/step_4.png' does not exist. Sleeping for 1 seconds...
Path '/data/oss_bucket_0/qihang/gui_agent/images/ui_tars_zh_simulator/device1/instruction_39/sample_0/step_4.png' does not exist. Sleeping for 1 seconds...
Path '/data/oss_bucket_0/qihang/gui_agent/images/ui_tars_zh_simulator/device1/instruction_39/sample_0/step_4.png' does not exist. Sleeping for 1 seconds...
Path '/data/oss_bucket_0/qihang/gui_agent/images/ui_tars_zh_simulator/device1/instruction_39/sample_0/step_4.png' does not exist. Sleeping for 1 seconds...
Path '/data/oss_bucket_0/qihang/gui_agent/images/ui_tars_zh_simulator/device1/instruction_39/sample_0/step_4.png' does not exist. Sleeping for 1 seconds...
Path '/data/oss_bucket_0/qihang/gui_agent/images/ui_tars_zh_simulator/device1/instruction_39/sample_0/step_4.png' does not exist. Sleeping for 1 seconds...
Path '/data/oss_bucket_0/qihang/gui_agent/images/ui_tars_zh_simulator/device1/instruction_39/sample_0/step_4.png' exists! Reading the file...
Path '/data/oss_bucket_0/qihang/gui_agent/images/ui_tars_zh_simulator/device1/instruction_39/sample_0/step_3.png' exists! Reading the file...
Model Thought/Action: {'direction': 'down'}
--- Step 5 ---
Path '/data/oss_bucket_0/qihang/gui_agent/images/ui_tars_zh_simulator/device1/instruction_39/sample_0/step_5.png' does not exist. Sleeping for 1 seconds...
Path '/data/oss_bucket_0/qihang/gui_agent/images/ui_tars_zh_simulator/device1/instruction_39/sample_0/step_5.png' does not exist. Sleeping for 1 seconds...
Path '/data/oss_bucket_0/qihang/gui_agent/images/ui_tars_zh_simulator/device1/instruction_39/sample_0/step_5.png' does not exist. Sleeping for 1 seconds...
Path '/data/oss_bucket_0/qihang/gui_agent/images/ui_tars_zh_simulator/device1/instruction_39/sample_0/step_5.png' does not exist. Sleeping for 1 seconds...
Path '/data/oss_bucket_0/qihang/gui_agent/images/ui_tars_zh_simulator/device1/instruction_39/sample_0/step_5.png' does not exist. Sleeping for 1 seconds...
Path '/data/oss_bucket_0/qihang/gui_agent/images/ui_tars_zh_simulator/device1/instruction_39/sample_0/step_5.png' does not exist. Sleeping for 1 seconds...
Path '/data/oss_bucket_0/qihang/gui_agent/images/ui_tars_zh_simulator/device1/instruction_39/sample_0/step_5.png' exists! Reading the file...
Path '/data/oss_bucket_0/qihang/gui_agent/images/ui_tars_zh_simulator/device1/instruction_39/sample_0/step_4.png' exists! Reading the file...
Model Thought/Action: {'direction': 'down'}
--- Step 6 ---
Path '/data/oss_bucket_0/qihang/gui_agent/images/ui_tars_zh_simulator/device1/instruction_39/sample_0/step_6.png' does not exist. Sleeping for 1 seconds...
Path '/data/oss_bucket_0/qihang/gui_agent/images/ui_tars_zh_simulator/device1/instruction_39/sample_0/step_6.png' does not exist. Sleeping for 1 seconds...
Path '/data/oss_bucket_0/qihang/gui_agent/images/ui_tars_zh_simulator/device1/instruction_39/sample_0/step_6.png' does not exist. Sleeping for 1 seconds...
Path '/data/oss_bucket_0/qihang/gui_agent/images/ui_tars_zh_simulator/device1/instruction_39/sample_0/step_6.png' does not exist. Sleeping for 1 seconds...
Path '/data/oss_bucket_0/qihang/gui_agent/images/ui_tars_zh_simulator/device1/instruction_39/sample_0/step_6.png' does not exist. Sleeping for 1 seconds...
Path '/data/oss_bucket_0/qihang/gui_agent/images/ui_tars_zh_simulator/device1/instruction_39/sample_0/step_6.png' does not exist. Sleeping for 1 seconds...
Path '/data/oss_bucket_0/qihang/gui_agent/images/ui_tars_zh_simulator/device1/instruction_39/sample_0/step_6.png' exists! Reading the file...
Path '/data/oss_bucket_0/qihang/gui_agent/images/ui_tars_zh_simulator/device1/instruction_39/sample_0/step_5.png' exists! Reading the file...
Model Thought/Action: {'direction': 'down'}
--- Step 7 ---
Path '/data/oss_bucket_0/qihang/gui_agent/images/ui_tars_zh_simulator/device1/instruction_39/sample_0/step_7.png' does not exist. Sleeping for 1 seconds...
Path '/data/oss_bucket_0/qihang/gui_agent/images/ui_tars_zh_simulator/device1/instruction_39/sample_0/step_7.png' does not exist. Sleeping for 1 seconds...
Path '/data/oss_bucket_0/qihang/gui_agent/images/ui_tars_zh_simulator/device1/instruction_39/sample_0/step_7.png' does not exist. Sleeping for 1 seconds...
Path '/data/oss_bucket_0/qihang/gui_agent/images/ui_tars_zh_simulator/device1/instruction_39/sample_0/step_7.png' does not exist. Sleeping for 1 seconds...
Path '/data/oss_bucket_0/qihang/gui_agent/images/ui_tars_zh_simulator/device1/instruction_39/sample_0/step_7.png' does not exist. Sleeping for 1 seconds...
Path '/data/oss_bucket_0/qihang/gui_agent/images/ui_tars_zh_simulator/device1/instruction_39/sample_0/step_7.png' does not exist. Sleeping for 1 seconds...
Path '/data/oss_bucket_0/qihang/gui_agent/images/ui_tars_zh_simulator/device1/instruction_39/sample_0/step_7.png' exists! Reading the file...
Path '/data/oss_bucket_0/qihang/gui_agent/images/ui_tars_zh_simulator/device1/instruction_39/sample_0/step_6.png' exists! Reading the file...
Model Thought/Action: {'direction': 'down'}
--- Step 8 ---
Path '/data/oss_bucket_0/qihang/gui_agent/images/ui_tars_zh_simulator/device1/instruction_39/sample_0/step_8.png' does not exist. Sleeping for 1 seconds...
Path '/data/oss_bucket_0/qihang/gui_agent/images/ui_tars_zh_simulator/device1/instruction_39/sample_0/step_8.png' does not exist. Sleeping for 1 seconds...
Path '/data/oss_bucket_0/qihang/gui_agent/images/ui_tars_zh_simulator/device1/instruction_39/sample_0/step_8.png' does not exist. Sleeping for 1 seconds...
Path '/data/oss_bucket_0/qihang/gui_agent/images/ui_tars_zh_simulator/device1/instruction_39/sample_0/step_8.png' does not exist. Sleeping for 1 seconds...
Path '/data/oss_bucket_0/qihang/gui_agent/images/ui_tars_zh_simulator/device1/instruction_39/sample_0/step_8.png' does not exist. Sleeping for 1 seconds...
Path '/data/oss_bucket_0/qihang/gui_agent/images/ui_tars_zh_simulator/device1/instruction_39/sample_0/step_8.png' does not exist. Sleeping for 1 seconds...
Path '/data/oss_bucket_0/qihang/gui_agent/images/ui_tars_zh_simulator/device1/instruction_39/sample_0/step_8.png' exists! Reading the file...
Path '/data/oss_bucket_0/qihang/gui_agent/images/ui_tars_zh_simulator/device1/instruction_39/sample_0/step_7.png' exists! Reading the file...
Model Thought/Action: {'direction': 'down'}
--- Step 9 ---
Path '/data/oss_bucket_0/qihang/gui_agent/images/ui_tars_zh_simulator/device1/instruction_39/sample_0/step_9.png' does not exist. Sleeping for 1 seconds...
Path '/data/oss_bucket_0/qihang/gui_agent/images/ui_tars_zh_simulator/device1/instruction_39/sample_0/step_9.png' does not exist. Sleeping for 1 seconds...
Path '/data/oss_bucket_0/qihang/gui_agent/images/ui_tars_zh_simulator/device1/instruction_39/sample_0/step_9.png' does not exist. Sleeping for 1 seconds...
Path '/data/oss_bucket_0/qihang/gui_agent/images/ui_tars_zh_simulator/device1/instruction_39/sample_0/step_9.png' does not exist. Sleeping for 1 seconds...
Path '/data/oss_bucket_0/qihang/gui_agent/images/ui_tars_zh_simulator/device1/instruction_39/sample_0/step_9.png' does not exist. Sleeping for 1 seconds...
Path '/data/oss_bucket_0/qihang/gui_agent/images/ui_tars_zh_simulator/device1/instruction_39/sample_0/step_9.png' does not exist. Sleeping for 1 seconds...
Path '/data/oss_bucket_0/qihang/gui_agent/images/ui_tars_zh_simulator/device1/instruction_39/sample_0/step_9.png' exists! Reading the file...
Path '/data/oss_bucket_0/qihang/gui_agent/images/ui_tars_zh_simulator/device1/instruction_39/sample_0/step_8.png' exists! Reading the file...
Model Thought/Action: {'direction': 'down'}
--- Step 10 ---
Path '/data/oss_bucket_0/qihang/gui_agent/images/ui_tars_zh_simulator/device1/instruction_39/sample_0/step_10.png' does not exist. Sleeping for 1 seconds...
Path '/data/oss_bucket_0/qihang/gui_agent/images/ui_tars_zh_simulator/device1/instruction_39/sample_0/step_10.png' does not exist. Sleeping for 1 seconds...
Path '/data/oss_bucket_0/qihang/gui_agent/images/ui_tars_zh_simulator/device1/instruction_39/sample_0/step_10.png' does not exist. Sleeping for 1 seconds...
Path '/data/oss_bucket_0/qihang/gui_agent/images/ui_tars_zh_simulator/device1/instruction_39/sample_0/step_10.png' does not exist. Sleeping for 1 seconds...
Path '/data/oss_bucket_0/qihang/gui_agent/images/ui_tars_zh_simulator/device1/instruction_39/sample_0/step_10.png' does not exist. Sleeping for 1 seconds...
Path '/data/oss_bucket_0/qihang/gui_agent/images/ui_tars_zh_simulator/device1/instruction_39/sample_0/step_10.png' does not exist. Sleeping for 1 seconds...
Path '/data/oss_bucket_0/qihang/gui_agent/images/ui_tars_zh_simulator/device1/instruction_39/sample_0/step_10.png' exists! Reading the file...
Path '/data/oss_bucket_0/qihang/gui_agent/images/ui_tars_zh_simulator/device1/instruction_39/sample_0/step_9.png' exists! Reading the file...
Model Thought/Action: {'direction': 'down'}
--- Step 11 ---
Path '/data/oss_bucket_0/qihang/gui_agent/images/ui_tars_zh_simulator/device1/instruction_39/sample_0/step_11.png' does not exist. Sleeping for 1 seconds...
Path '/data/oss_bucket_0/qihang/gui_agent/images/ui_tars_zh_simulator/device1/instruction_39/sample_0/step_11.png' does not exist. Sleeping for 1 seconds...
Path '/data/oss_bucket_0/qihang/gui_agent/images/ui_tars_zh_simulator/device1/instruction_39/sample_0/step_11.png' does not exist. Sleeping for 1 seconds...
Path '/data/oss_bucket_0/qihang/gui_agent/images/ui_tars_zh_simulator/device1/instruction_39/sample_0/step_11.png' does not exist. Sleeping for 1 seconds...
Path '/data/oss_bucket_0/qihang/gui_agent/images/ui_tars_zh_simulator/device1/instruction_39/sample_0/step_11.png' does not exist. Sleeping for 1 seconds...
Path '/data/oss_bucket_0/qihang/gui_agent/images/ui_tars_zh_simulator/device1/instruction_39/sample_0/step_11.png' does not exist. Sleeping for 1 seconds...
Path '/data/oss_bucket_0/qihang/gui_agent/images/ui_tars_zh_simulator/device1/instruction_39/sample_0/step_11.png' exists! Reading the file...
Path '/data/oss_bucket_0/qihang/gui_agent/images/ui_tars_zh_simulator/device1/instruction_39/sample_0/step_10.png' exists! Reading the file...
Model Thought/Action: {'direction': 'down'}
--- Step 12 ---
Path '/data/oss_bucket_0/qihang/gui_agent/images/ui_tars_zh_simulator/device1/instruction_39/sample_0/step_12.png' does not exist. Sleeping for 1 seconds...
Path '/data/oss_bucket_0/qihang/gui_agent/images/ui_tars_zh_simulator/device1/instruction_39/sample_0/step_12.png' does not exist. Sleeping for 1 seconds...
Path '/data/oss_bucket_0/qihang/gui_agent/images/ui_tars_zh_simulator/device1/instruction_39/sample_0/step_12.png' does not exist. Sleeping for 1 seconds...
Path '/data/oss_bucket_0/qihang/gui_agent/images/ui_tars_zh_simulator/device1/instruction_39/sample_0/step_12.png' does not exist. Sleeping for 1 seconds...
Path '/data/oss_bucket_0/qihang/gui_agent/images/ui_tars_zh_simulator/device1/instruction_39/sample_0/step_12.png' does not exist. Sleeping for 1 seconds...
Path '/data/oss_bucket_0/qihang/gui_agent/images/ui_tars_zh_simulator/device1/instruction_39/sample_0/step_12.png' does not exist. Sleeping for 1 seconds...
Path '/data/oss_bucket_0/qihang/gui_agent/images/ui_tars_zh_simulator/device1/instruction_39/sample_0/step_12.png' exists! Reading the file...
Path '/data/oss_bucket_0/qihang/gui_agent/images/ui_tars_zh_simulator/device1/instruction_39/sample_0/step_11.png' exists! Reading the file...
Model Thought/Action: {'direction': 'down'}
--- Step 13 ---
Path '/data/oss_bucket_0/qihang/gui_agent/images/ui_tars_zh_simulator/device1/instruction_39/sample_0/step_13.png' does not exist. Sleeping for 1 seconds...
Path '/data/oss_bucket_0/qihang/gui_agent/images/ui_tars_zh_simulator/device1/instruction_39/sample_0/step_13.png' does not exist. Sleeping for 1 seconds...
Path '/data/oss_bucket_0/qihang/gui_agent/images/ui_tars_zh_simulator/device1/instruction_39/sample_0/step_13.png' does not exist. Sleeping for 1 seconds...
Path '/data/oss_bucket_0/qihang/gui_agent/images/ui_tars_zh_simulator/device1/instruction_39/sample_0/step_13.png' does not exist. Sleeping for 1 seconds...
Path '/data/oss_bucket_0/qihang/gui_agent/images/ui_tars_zh_simulator/device1/instruction_39/sample_0/step_13.png' does not exist. Sleeping for 1 seconds...
Path '/data/oss_bucket_0/qihang/gui_agent/images/ui_tars_zh_simulator/device1/instruction_39/sample_0/step_13.png' does not exist. Sleeping for 1 seconds...
Path '/data/oss_bucket_0/qihang/gui_agent/images/ui_tars_zh_simulator/device1/instruction_39/sample_0/step_13.png' exists! Reading the file...
Path '/data/oss_bucket_0/qihang/gui_agent/images/ui_tars_zh_simulator/device1/instruction_39/sample_0/step_12.png' exists! Reading the file...
Model Thought/Action: {'direction': 'down'}
--- Step 14 ---
Path '/data/oss_bucket_0/qihang/gui_agent/images/ui_tars_zh_simulator/device1/instruction_39/sample_0/step_14.png' does not exist. Sleeping for 1 seconds...
Path '/data/oss_bucket_0/qihang/gui_agent/images/ui_tars_zh_simulator/device1/instruction_39/sample_0/step_14.png' does not exist. Sleeping for 1 seconds...
Path '/data/oss_bucket_0/qihang/gui_agent/images/ui_tars_zh_simulator/device1/instruction_39/sample_0/step_14.png' does not exist. Sleeping for 1 seconds...
Path '/data/oss_bucket_0/qihang/gui_agent/images/ui_tars_zh_simulator/device1/instruction_39/sample_0/step_14.png' does not exist. Sleeping for 1 seconds...
Path '/data/oss_bucket_0/qihang/gui_agent/images/ui_tars_zh_simulator/device1/instruction_39/sample_0/step_14.png' does not exist. Sleeping for 1 seconds...
Path '/data/oss_bucket_0/qihang/gui_agent/images/ui_tars_zh_simulator/device1/instruction_39/sample_0/step_14.png' does not exist. Sleeping for 1 seconds...
Path '/data/oss_bucket_0/qihang/gui_agent/images/ui_tars_zh_simulator/device1/instruction_39/sample_0/step_14.png' exists! Reading the file...
Path '/data/oss_bucket_0/qihang/gui_agent/images/ui_tars_zh_simulator/device1/instruction_39/sample_0/step_13.png' exists! Reading the file...
Model Thought/Action: {'direction': 'down'}
--- Judging with GPT-4o ---
GPT-4o Evaluation Response: {'reason': "The agent failed to complete the task of finding and calling a contact named '王芳'. The agent got stuck in a loop of scrolling through the home screen without making any progress towards opening the contacts app. There was no attempt to interact with the user for guidance or clarification. The actions were repetitive and did not contribute to task completion.", 'reward': 0, 'status': 'failure', 'inquiry': 'failure'}
Evaluating Instructions:  95%|█████████▌| 39/41 [1:54:55<07:13, 216.86s/it]
===== Evaluating Instruction 40/41 =====
Instruction: 帮我查找通讯录中名为“王芳”的联系人，并拨打电话。
--- Step 0 ---
Path '/data/oss_bucket_0/qihang/gui_agent/images/ui_tars_zh_simulator/device1/instruction_40/sample_0/step_0.png' exists! Reading the file...
Model Thought/Action: {'action': 'error', 'thought': 'JSON decode error.'}
--- Step 1 ---
Path '/data/oss_bucket_0/qihang/gui_agent/images/ui_tars_zh_simulator/device1/instruction_40/sample_0/step_1.png' does not exist. Sleeping for 1 seconds...
Path '/data/oss_bucket_0/qihang/gui_agent/images/ui_tars_zh_simulator/device1/instruction_40/sample_0/step_1.png' does not exist. Sleeping for 1 seconds...
Path '/data/oss_bucket_0/qihang/gui_agent/images/ui_tars_zh_simulator/device1/instruction_40/sample_0/step_1.png' does not exist. Sleeping for 1 seconds...
Path '/data/oss_bucket_0/qihang/gui_agent/images/ui_tars_zh_simulator/device1/instruction_40/sample_0/step_1.png' does not exist. Sleeping for 1 seconds...
Path '/data/oss_bucket_0/qihang/gui_agent/images/ui_tars_zh_simulator/device1/instruction_40/sample_0/step_1.png' does not exist. Sleeping for 1 seconds...
Path '/data/oss_bucket_0/qihang/gui_agent/images/ui_tars_zh_simulator/device1/instruction_40/sample_0/step_1.png' does not exist. Sleeping for 1 seconds...
Path '/data/oss_bucket_0/qihang/gui_agent/images/ui_tars_zh_simulator/device1/instruction_40/sample_0/step_1.png' does not exist. Sleeping for 1 seconds...
Path '/data/oss_bucket_0/qihang/gui_agent/images/ui_tars_zh_simulator/device1/instruction_40/sample_0/step_1.png' does not exist. Sleeping for 1 seconds...
Path '/data/oss_bucket_0/qihang/gui_agent/images/ui_tars_zh_simulator/device1/instruction_40/sample_0/step_1.png' does not exist. Sleeping for 1 seconds...
Path '/data/oss_bucket_0/qihang/gui_agent/images/ui_tars_zh_simulator/device1/instruction_40/sample_0/step_1.png' does not exist. Sleeping for 1 seconds...
Path '/data/oss_bucket_0/qihang/gui_agent/images/ui_tars_zh_simulator/device1/instruction_40/sample_0/step_1.png' does not exist. Sleeping for 1 seconds...
Path '/data/oss_bucket_0/qihang/gui_agent/images/ui_tars_zh_simulator/device1/instruction_40/sample_0/step_1.png' does not exist. Sleeping for 1 seconds...
Path '/data/oss_bucket_0/qihang/gui_agent/images/ui_tars_zh_simulator/device1/instruction_40/sample_0/step_1.png' exists! Reading the file...
Path '/data/oss_bucket_0/qihang/gui_agent/images/ui_tars_zh_simulator/device1/instruction_40/sample_0/step_0.png' exists! Reading the file...
Model Thought/Action: {'action': 'error', 'thought': 'JSON decode error.'}
--- Step 2 ---
Path '/data/oss_bucket_0/qihang/gui_agent/images/ui_tars_zh_simulator/device1/instruction_40/sample_0/step_2.png' does not exist. Sleeping for 1 seconds...
Path '/data/oss_bucket_0/qihang/gui_agent/images/ui_tars_zh_simulator/device1/instruction_40/sample_0/step_2.png' does not exist. Sleeping for 1 seconds...
Path '/data/oss_bucket_0/qihang/gui_agent/images/ui_tars_zh_simulator/device1/instruction_40/sample_0/step_2.png' does not exist. Sleeping for 1 seconds...
Path '/data/oss_bucket_0/qihang/gui_agent/images/ui_tars_zh_simulator/device1/instruction_40/sample_0/step_2.png' does not exist. Sleeping for 1 seconds...
Path '/data/oss_bucket_0/qihang/gui_agent/images/ui_tars_zh_simulator/device1/instruction_40/sample_0/step_2.png' does not exist. Sleeping for 1 seconds...
Path '/data/oss_bucket_0/qihang/gui_agent/images/ui_tars_zh_simulator/device1/instruction_40/sample_0/step_2.png' does not exist. Sleeping for 1 seconds...
Path '/data/oss_bucket_0/qihang/gui_agent/images/ui_tars_zh_simulator/device1/instruction_40/sample_0/step_2.png' exists! Reading the file...
Path '/data/oss_bucket_0/qihang/gui_agent/images/ui_tars_zh_simulator/device1/instruction_40/sample_0/step_1.png' exists! Reading the file...
Model Thought/Action: {'action': 'error', 'thought': 'JSON decode error.'}
--- Step 3 ---
Path '/data/oss_bucket_0/qihang/gui_agent/images/ui_tars_zh_simulator/device1/instruction_40/sample_0/step_3.png' does not exist. Sleeping for 1 seconds...
Path '/data/oss_bucket_0/qihang/gui_agent/images/ui_tars_zh_simulator/device1/instruction_40/sample_0/step_3.png' does not exist. Sleeping for 1 seconds...
Path '/data/oss_bucket_0/qihang/gui_agent/images/ui_tars_zh_simulator/device1/instruction_40/sample_0/step_3.png' does not exist. Sleeping for 1 seconds...
Path '/data/oss_bucket_0/qihang/gui_agent/images/ui_tars_zh_simulator/device1/instruction_40/sample_0/step_3.png' does not exist. Sleeping for 1 seconds...
Path '/data/oss_bucket_0/qihang/gui_agent/images/ui_tars_zh_simulator/device1/instruction_40/sample_0/step_3.png' does not exist. Sleeping for 1 seconds...
Path '/data/oss_bucket_0/qihang/gui_agent/images/ui_tars_zh_simulator/device1/instruction_40/sample_0/step_3.png' does not exist. Sleeping for 1 seconds...
Path '/data/oss_bucket_0/qihang/gui_agent/images/ui_tars_zh_simulator/device1/instruction_40/sample_0/step_3.png' exists! Reading the file...
Path '/data/oss_bucket_0/qihang/gui_agent/images/ui_tars_zh_simulator/device1/instruction_40/sample_0/step_2.png' exists! Reading the file...
Model Thought/Action: {'action': 'error', 'thought': 'JSON decode error.'}
--- Step 4 ---
Path '/data/oss_bucket_0/qihang/gui_agent/images/ui_tars_zh_simulator/device1/instruction_40/sample_0/step_4.png' does not exist. Sleeping for 1 seconds...
Path '/data/oss_bucket_0/qihang/gui_agent/images/ui_tars_zh_simulator/device1/instruction_40/sample_0/step_4.png' does not exist. Sleeping for 1 seconds...
Path '/data/oss_bucket_0/qihang/gui_agent/images/ui_tars_zh_simulator/device1/instruction_40/sample_0/step_4.png' does not exist. Sleeping for 1 seconds...
Path '/data/oss_bucket_0/qihang/gui_agent/images/ui_tars_zh_simulator/device1/instruction_40/sample_0/step_4.png' does not exist. Sleeping for 1 seconds...
Path '/data/oss_bucket_0/qihang/gui_agent/images/ui_tars_zh_simulator/device1/instruction_40/sample_0/step_4.png' does not exist. Sleeping for 1 seconds...
Path '/data/oss_bucket_0/qihang/gui_agent/images/ui_tars_zh_simulator/device1/instruction_40/sample_0/step_4.png' does not exist. Sleeping for 1 seconds...
Path '/data/oss_bucket_0/qihang/gui_agent/images/ui_tars_zh_simulator/device1/instruction_40/sample_0/step_4.png' exists! Reading the file...
Path '/data/oss_bucket_0/qihang/gui_agent/images/ui_tars_zh_simulator/device1/instruction_40/sample_0/step_3.png' exists! Reading the file...
Model Thought/Action: {'action': 'error', 'thought': 'JSON decode error.'}
--- Step 5 ---
Path '/data/oss_bucket_0/qihang/gui_agent/images/ui_tars_zh_simulator/device1/instruction_40/sample_0/step_5.png' does not exist. Sleeping for 1 seconds...
Path '/data/oss_bucket_0/qihang/gui_agent/images/ui_tars_zh_simulator/device1/instruction_40/sample_0/step_5.png' does not exist. Sleeping for 1 seconds...
Path '/data/oss_bucket_0/qihang/gui_agent/images/ui_tars_zh_simulator/device1/instruction_40/sample_0/step_5.png' does not exist. Sleeping for 1 seconds...
Path '/data/oss_bucket_0/qihang/gui_agent/images/ui_tars_zh_simulator/device1/instruction_40/sample_0/step_5.png' does not exist. Sleeping for 1 seconds...
Path '/data/oss_bucket_0/qihang/gui_agent/images/ui_tars_zh_simulator/device1/instruction_40/sample_0/step_5.png' does not exist. Sleeping for 1 seconds...
Path '/data/oss_bucket_0/qihang/gui_agent/images/ui_tars_zh_simulator/device1/instruction_40/sample_0/step_5.png' does not exist. Sleeping for 1 seconds...
Path '/data/oss_bucket_0/qihang/gui_agent/images/ui_tars_zh_simulator/device1/instruction_40/sample_0/step_5.png' exists! Reading the file...
Path '/data/oss_bucket_0/qihang/gui_agent/images/ui_tars_zh_simulator/device1/instruction_40/sample_0/step_4.png' exists! Reading the file...
Model Thought/Action: {'action': 'error', 'thought': 'JSON decode error.'}
--- Step 6 ---
Path '/data/oss_bucket_0/qihang/gui_agent/images/ui_tars_zh_simulator/device1/instruction_40/sample_0/step_6.png' does not exist. Sleeping for 1 seconds...
Path '/data/oss_bucket_0/qihang/gui_agent/images/ui_tars_zh_simulator/device1/instruction_40/sample_0/step_6.png' does not exist. Sleeping for 1 seconds...
Path '/data/oss_bucket_0/qihang/gui_agent/images/ui_tars_zh_simulator/device1/instruction_40/sample_0/step_6.png' does not exist. Sleeping for 1 seconds...
Path '/data/oss_bucket_0/qihang/gui_agent/images/ui_tars_zh_simulator/device1/instruction_40/sample_0/step_6.png' does not exist. Sleeping for 1 seconds...
Path '/data/oss_bucket_0/qihang/gui_agent/images/ui_tars_zh_simulator/device1/instruction_40/sample_0/step_6.png' does not exist. Sleeping for 1 seconds...
Path '/data/oss_bucket_0/qihang/gui_agent/images/ui_tars_zh_simulator/device1/instruction_40/sample_0/step_6.png' does not exist. Sleeping for 1 seconds...
Path '/data/oss_bucket_0/qihang/gui_agent/images/ui_tars_zh_simulator/device1/instruction_40/sample_0/step_6.png' exists! Reading the file...
Path '/data/oss_bucket_0/qihang/gui_agent/images/ui_tars_zh_simulator/device1/instruction_40/sample_0/step_5.png' exists! Reading the file...
Model Thought/Action: {'action': 'error', 'thought': 'JSON decode error.'}
--- Step 7 ---
Path '/data/oss_bucket_0/qihang/gui_agent/images/ui_tars_zh_simulator/device1/instruction_40/sample_0/step_7.png' does not exist. Sleeping for 1 seconds...
Path '/data/oss_bucket_0/qihang/gui_agent/images/ui_tars_zh_simulator/device1/instruction_40/sample_0/step_7.png' does not exist. Sleeping for 1 seconds...
Path '/data/oss_bucket_0/qihang/gui_agent/images/ui_tars_zh_simulator/device1/instruction_40/sample_0/step_7.png' does not exist. Sleeping for 1 seconds...
Path '/data/oss_bucket_0/qihang/gui_agent/images/ui_tars_zh_simulator/device1/instruction_40/sample_0/step_7.png' does not exist. Sleeping for 1 seconds...
Path '/data/oss_bucket_0/qihang/gui_agent/images/ui_tars_zh_simulator/device1/instruction_40/sample_0/step_7.png' does not exist. Sleeping for 1 seconds...
Path '/data/oss_bucket_0/qihang/gui_agent/images/ui_tars_zh_simulator/device1/instruction_40/sample_0/step_7.png' does not exist. Sleeping for 1 seconds...
Path '/data/oss_bucket_0/qihang/gui_agent/images/ui_tars_zh_simulator/device1/instruction_40/sample_0/step_7.png' exists! Reading the file...
Path '/data/oss_bucket_0/qihang/gui_agent/images/ui_tars_zh_simulator/device1/instruction_40/sample_0/step_6.png' exists! Reading the file...
Model Thought/Action: {'action': 'error', 'thought': 'JSON decode error.'}
--- Step 8 ---
Path '/data/oss_bucket_0/qihang/gui_agent/images/ui_tars_zh_simulator/device1/instruction_40/sample_0/step_8.png' does not exist. Sleeping for 1 seconds...
Path '/data/oss_bucket_0/qihang/gui_agent/images/ui_tars_zh_simulator/device1/instruction_40/sample_0/step_8.png' does not exist. Sleeping for 1 seconds...
Path '/data/oss_bucket_0/qihang/gui_agent/images/ui_tars_zh_simulator/device1/instruction_40/sample_0/step_8.png' does not exist. Sleeping for 1 seconds...
Path '/data/oss_bucket_0/qihang/gui_agent/images/ui_tars_zh_simulator/device1/instruction_40/sample_0/step_8.png' does not exist. Sleeping for 1 seconds...
Path '/data/oss_bucket_0/qihang/gui_agent/images/ui_tars_zh_simulator/device1/instruction_40/sample_0/step_8.png' does not exist. Sleeping for 1 seconds...
Path '/data/oss_bucket_0/qihang/gui_agent/images/ui_tars_zh_simulator/device1/instruction_40/sample_0/step_8.png' does not exist. Sleeping for 1 seconds...
Path '/data/oss_bucket_0/qihang/gui_agent/images/ui_tars_zh_simulator/device1/instruction_40/sample_0/step_8.png' exists! Reading the file...
Path '/data/oss_bucket_0/qihang/gui_agent/images/ui_tars_zh_simulator/device1/instruction_40/sample_0/step_7.png' exists! Reading the file...
Model Thought/Action: {'action': 'error', 'thought': 'JSON decode error.'}
--- Step 9 ---
Path '/data/oss_bucket_0/qihang/gui_agent/images/ui_tars_zh_simulator/device1/instruction_40/sample_0/step_9.png' does not exist. Sleeping for 1 seconds...
Path '/data/oss_bucket_0/qihang/gui_agent/images/ui_tars_zh_simulator/device1/instruction_40/sample_0/step_9.png' does not exist. Sleeping for 1 seconds...
Path '/data/oss_bucket_0/qihang/gui_agent/images/ui_tars_zh_simulator/device1/instruction_40/sample_0/step_9.png' does not exist. Sleeping for 1 seconds...
Path '/data/oss_bucket_0/qihang/gui_agent/images/ui_tars_zh_simulator/device1/instruction_40/sample_0/step_9.png' does not exist. Sleeping for 1 seconds...
Path '/data/oss_bucket_0/qihang/gui_agent/images/ui_tars_zh_simulator/device1/instruction_40/sample_0/step_9.png' does not exist. Sleeping for 1 seconds...
Path '/data/oss_bucket_0/qihang/gui_agent/images/ui_tars_zh_simulator/device1/instruction_40/sample_0/step_9.png' does not exist. Sleeping for 1 seconds...
Path '/data/oss_bucket_0/qihang/gui_agent/images/ui_tars_zh_simulator/device1/instruction_40/sample_0/step_9.png' exists! Reading the file...
Path '/data/oss_bucket_0/qihang/gui_agent/images/ui_tars_zh_simulator/device1/instruction_40/sample_0/step_8.png' exists! Reading the file...
Model Thought/Action: {'action': 'error', 'thought': 'JSON decode error.'}
--- Step 10 ---
Path '/data/oss_bucket_0/qihang/gui_agent/images/ui_tars_zh_simulator/device1/instruction_40/sample_0/step_10.png' does not exist. Sleeping for 1 seconds...
Path '/data/oss_bucket_0/qihang/gui_agent/images/ui_tars_zh_simulator/device1/instruction_40/sample_0/step_10.png' does not exist. Sleeping for 1 seconds...
Path '/data/oss_bucket_0/qihang/gui_agent/images/ui_tars_zh_simulator/device1/instruction_40/sample_0/step_10.png' does not exist. Sleeping for 1 seconds...
Path '/data/oss_bucket_0/qihang/gui_agent/images/ui_tars_zh_simulator/device1/instruction_40/sample_0/step_10.png' does not exist. Sleeping for 1 seconds...
Path '/data/oss_bucket_0/qihang/gui_agent/images/ui_tars_zh_simulator/device1/instruction_40/sample_0/step_10.png' does not exist. Sleeping for 1 seconds...
Path '/data/oss_bucket_0/qihang/gui_agent/images/ui_tars_zh_simulator/device1/instruction_40/sample_0/step_10.png' does not exist. Sleeping for 1 seconds...
Path '/data/oss_bucket_0/qihang/gui_agent/images/ui_tars_zh_simulator/device1/instruction_40/sample_0/step_10.png' exists! Reading the file...
Path '/data/oss_bucket_0/qihang/gui_agent/images/ui_tars_zh_simulator/device1/instruction_40/sample_0/step_9.png' exists! Reading the file...
Model Thought/Action: {'action': 'error', 'thought': 'JSON decode error.'}
--- Step 11 ---
Path '/data/oss_bucket_0/qihang/gui_agent/images/ui_tars_zh_simulator/device1/instruction_40/sample_0/step_11.png' does not exist. Sleeping for 1 seconds...
Path '/data/oss_bucket_0/qihang/gui_agent/images/ui_tars_zh_simulator/device1/instruction_40/sample_0/step_11.png' does not exist. Sleeping for 1 seconds...
Path '/data/oss_bucket_0/qihang/gui_agent/images/ui_tars_zh_simulator/device1/instruction_40/sample_0/step_11.png' does not exist. Sleeping for 1 seconds...
Path '/data/oss_bucket_0/qihang/gui_agent/images/ui_tars_zh_simulator/device1/instruction_40/sample_0/step_11.png' does not exist. Sleeping for 1 seconds...
Path '/data/oss_bucket_0/qihang/gui_agent/images/ui_tars_zh_simulator/device1/instruction_40/sample_0/step_11.png' does not exist. Sleeping for 1 seconds...
Path '/data/oss_bucket_0/qihang/gui_agent/images/ui_tars_zh_simulator/device1/instruction_40/sample_0/step_11.png' does not exist. Sleeping for 1 seconds...
Path '/data/oss_bucket_0/qihang/gui_agent/images/ui_tars_zh_simulator/device1/instruction_40/sample_0/step_11.png' exists! Reading the file...
Path '/data/oss_bucket_0/qihang/gui_agent/images/ui_tars_zh_simulator/device1/instruction_40/sample_0/step_10.png' exists! Reading the file...
Model Thought/Action: {'action': 'error', 'thought': 'JSON decode error.'}
--- Step 12 ---
Path '/data/oss_bucket_0/qihang/gui_agent/images/ui_tars_zh_simulator/device1/instruction_40/sample_0/step_12.png' does not exist. Sleeping for 1 seconds...
Path '/data/oss_bucket_0/qihang/gui_agent/images/ui_tars_zh_simulator/device1/instruction_40/sample_0/step_12.png' does not exist. Sleeping for 1 seconds...
Path '/data/oss_bucket_0/qihang/gui_agent/images/ui_tars_zh_simulator/device1/instruction_40/sample_0/step_12.png' does not exist. Sleeping for 1 seconds...
Path '/data/oss_bucket_0/qihang/gui_agent/images/ui_tars_zh_simulator/device1/instruction_40/sample_0/step_12.png' does not exist. Sleeping for 1 seconds...
Path '/data/oss_bucket_0/qihang/gui_agent/images/ui_tars_zh_simulator/device1/instruction_40/sample_0/step_12.png' does not exist. Sleeping for 1 seconds...
Path '/data/oss_bucket_0/qihang/gui_agent/images/ui_tars_zh_simulator/device1/instruction_40/sample_0/step_12.png' does not exist. Sleeping for 1 seconds...
Path '/data/oss_bucket_0/qihang/gui_agent/images/ui_tars_zh_simulator/device1/instruction_40/sample_0/step_12.png' exists! Reading the file...
Path '/data/oss_bucket_0/qihang/gui_agent/images/ui_tars_zh_simulator/device1/instruction_40/sample_0/step_11.png' exists! Reading the file...
Model Thought/Action: {'action': 'error', 'thought': 'JSON decode error.'}
--- Step 13 ---
Path '/data/oss_bucket_0/qihang/gui_agent/images/ui_tars_zh_simulator/device1/instruction_40/sample_0/step_13.png' does not exist. Sleeping for 1 seconds...
Path '/data/oss_bucket_0/qihang/gui_agent/images/ui_tars_zh_simulator/device1/instruction_40/sample_0/step_13.png' does not exist. Sleeping for 1 seconds...
Path '/data/oss_bucket_0/qihang/gui_agent/images/ui_tars_zh_simulator/device1/instruction_40/sample_0/step_13.png' does not exist. Sleeping for 1 seconds...
Path '/data/oss_bucket_0/qihang/gui_agent/images/ui_tars_zh_simulator/device1/instruction_40/sample_0/step_13.png' does not exist. Sleeping for 1 seconds...
Path '/data/oss_bucket_0/qihang/gui_agent/images/ui_tars_zh_simulator/device1/instruction_40/sample_0/step_13.png' does not exist. Sleeping for 1 seconds...
Path '/data/oss_bucket_0/qihang/gui_agent/images/ui_tars_zh_simulator/device1/instruction_40/sample_0/step_13.png' does not exist. Sleeping for 1 seconds...
Path '/data/oss_bucket_0/qihang/gui_agent/images/ui_tars_zh_simulator/device1/instruction_40/sample_0/step_13.png' exists! Reading the file...
Path '/data/oss_bucket_0/qihang/gui_agent/images/ui_tars_zh_simulator/device1/instruction_40/sample_0/step_12.png' exists! Reading the file...
Model Thought/Action: {'action': 'error', 'thought': 'JSON decode error.'}
--- Step 14 ---
Path '/data/oss_bucket_0/qihang/gui_agent/images/ui_tars_zh_simulator/device1/instruction_40/sample_0/step_14.png' does not exist. Sleeping for 1 seconds...
Path '/data/oss_bucket_0/qihang/gui_agent/images/ui_tars_zh_simulator/device1/instruction_40/sample_0/step_14.png' does not exist. Sleeping for 1 seconds...
Path '/data/oss_bucket_0/qihang/gui_agent/images/ui_tars_zh_simulator/device1/instruction_40/sample_0/step_14.png' does not exist. Sleeping for 1 seconds...
Path '/data/oss_bucket_0/qihang/gui_agent/images/ui_tars_zh_simulator/device1/instruction_40/sample_0/step_14.png' does not exist. Sleeping for 1 seconds...
Path '/data/oss_bucket_0/qihang/gui_agent/images/ui_tars_zh_simulator/device1/instruction_40/sample_0/step_14.png' does not exist. Sleeping for 1 seconds...
Path '/data/oss_bucket_0/qihang/gui_agent/images/ui_tars_zh_simulator/device1/instruction_40/sample_0/step_14.png' does not exist. Sleeping for 1 seconds...
Path '/data/oss_bucket_0/qihang/gui_agent/images/ui_tars_zh_simulator/device1/instruction_40/sample_0/step_14.png' exists! Reading the file...
Path '/data/oss_bucket_0/qihang/gui_agent/images/ui_tars_zh_simulator/device1/instruction_40/sample_0/step_13.png' exists! Reading the file...
Model Thought/Action: {'action': 'error', 'thought': 'JSON decode error.'}
--- Judging with GPT-4o ---
GPT-4o Evaluation Response: {'reason': 'The agent repeatedly attempted to find and click on the contacts app but failed to make any progress. The actions were redundant and did not bring the agent closer to completing the task. The task was not completed as the agent did not manage to open the contacts app, find the contact, or make a call. There was no user interaction initiated to resolve the issue.', 'reward': 0, 'status': 'failure', 'inquiry': 'failure'}
Evaluating Instructions:  98%|█████████▊| 40/41 [1:57:44<03:22, 202.38s/it]
===== Evaluating Instruction 41/41 =====
Instruction: 帮我续费bilibili的超级大会员，使用连续包月。
--- Step 0 ---
Path '/data/oss_bucket_0/qihang/gui_agent/images/ui_tars_zh_simulator/device1/instruction_41/sample_0/step_0.png' exists! Reading the file...
Model Thought/Action: {'action': 'error', 'thought': 'JSON decode error.'}
--- Step 1 ---
Path '/data/oss_bucket_0/qihang/gui_agent/images/ui_tars_zh_simulator/device1/instruction_41/sample_0/step_1.png' does not exist. Sleeping for 1 seconds...
Path '/data/oss_bucket_0/qihang/gui_agent/images/ui_tars_zh_simulator/device1/instruction_41/sample_0/step_1.png' does not exist. Sleeping for 1 seconds...
Path '/data/oss_bucket_0/qihang/gui_agent/images/ui_tars_zh_simulator/device1/instruction_41/sample_0/step_1.png' does not exist. Sleeping for 1 seconds...
Path '/data/oss_bucket_0/qihang/gui_agent/images/ui_tars_zh_simulator/device1/instruction_41/sample_0/step_1.png' does not exist. Sleeping for 1 seconds...
Path '/data/oss_bucket_0/qihang/gui_agent/images/ui_tars_zh_simulator/device1/instruction_41/sample_0/step_1.png' does not exist. Sleeping for 1 seconds...
Path '/data/oss_bucket_0/qihang/gui_agent/images/ui_tars_zh_simulator/device1/instruction_41/sample_0/step_1.png' does not exist. Sleeping for 1 seconds...
Path '/data/oss_bucket_0/qihang/gui_agent/images/ui_tars_zh_simulator/device1/instruction_41/sample_0/step_1.png' does not exist. Sleeping for 1 seconds...
Path '/data/oss_bucket_0/qihang/gui_agent/images/ui_tars_zh_simulator/device1/instruction_41/sample_0/step_1.png' does not exist. Sleeping for 1 seconds...
Path '/data/oss_bucket_0/qihang/gui_agent/images/ui_tars_zh_simulator/device1/instruction_41/sample_0/step_1.png' does not exist. Sleeping for 1 seconds...
Path '/data/oss_bucket_0/qihang/gui_agent/images/ui_tars_zh_simulator/device1/instruction_41/sample_0/step_1.png' does not exist. Sleeping for 1 seconds...
Path '/data/oss_bucket_0/qihang/gui_agent/images/ui_tars_zh_simulator/device1/instruction_41/sample_0/step_1.png' does not exist. Sleeping for 1 seconds...
Path '/data/oss_bucket_0/qihang/gui_agent/images/ui_tars_zh_simulator/device1/instruction_41/sample_0/step_1.png' does not exist. Sleeping for 1 seconds...
Path '/data/oss_bucket_0/qihang/gui_agent/images/ui_tars_zh_simulator/device1/instruction_41/sample_0/step_1.png' exists! Reading the file...
Path '/data/oss_bucket_0/qihang/gui_agent/images/ui_tars_zh_simulator/device1/instruction_41/sample_0/step_0.png' exists! Reading the file...
Model Thought/Action: {'action': 'error', 'thought': 'JSON decode error.'}
--- Step 2 ---
Path '/data/oss_bucket_0/qihang/gui_agent/images/ui_tars_zh_simulator/device1/instruction_41/sample_0/step_2.png' does not exist. Sleeping for 1 seconds...
Path '/data/oss_bucket_0/qihang/gui_agent/images/ui_tars_zh_simulator/device1/instruction_41/sample_0/step_2.png' does not exist. Sleeping for 1 seconds...
Path '/data/oss_bucket_0/qihang/gui_agent/images/ui_tars_zh_simulator/device1/instruction_41/sample_0/step_2.png' does not exist. Sleeping for 1 seconds...
Path '/data/oss_bucket_0/qihang/gui_agent/images/ui_tars_zh_simulator/device1/instruction_41/sample_0/step_2.png' does not exist. Sleeping for 1 seconds...
Path '/data/oss_bucket_0/qihang/gui_agent/images/ui_tars_zh_simulator/device1/instruction_41/sample_0/step_2.png' does not exist. Sleeping for 1 seconds...
Path '/data/oss_bucket_0/qihang/gui_agent/images/ui_tars_zh_simulator/device1/instruction_41/sample_0/step_2.png' does not exist. Sleeping for 1 seconds...
Path '/data/oss_bucket_0/qihang/gui_agent/images/ui_tars_zh_simulator/device1/instruction_41/sample_0/step_2.png' exists! Reading the file...
Path '/data/oss_bucket_0/qihang/gui_agent/images/ui_tars_zh_simulator/device1/instruction_41/sample_0/step_1.png' exists! Reading the file...
Model Thought/Action: {'action': 'error', 'thought': 'JSON decode error.'}
--- Step 3 ---
Path '/data/oss_bucket_0/qihang/gui_agent/images/ui_tars_zh_simulator/device1/instruction_41/sample_0/step_3.png' does not exist. Sleeping for 1 seconds...
Path '/data/oss_bucket_0/qihang/gui_agent/images/ui_tars_zh_simulator/device1/instruction_41/sample_0/step_3.png' does not exist. Sleeping for 1 seconds...
Path '/data/oss_bucket_0/qihang/gui_agent/images/ui_tars_zh_simulator/device1/instruction_41/sample_0/step_3.png' does not exist. Sleeping for 1 seconds...
Path '/data/oss_bucket_0/qihang/gui_agent/images/ui_tars_zh_simulator/device1/instruction_41/sample_0/step_3.png' does not exist. Sleeping for 1 seconds...
Path '/data/oss_bucket_0/qihang/gui_agent/images/ui_tars_zh_simulator/device1/instruction_41/sample_0/step_3.png' does not exist. Sleeping for 1 seconds...
Path '/data/oss_bucket_0/qihang/gui_agent/images/ui_tars_zh_simulator/device1/instruction_41/sample_0/step_3.png' does not exist. Sleeping for 1 seconds...
Path '/data/oss_bucket_0/qihang/gui_agent/images/ui_tars_zh_simulator/device1/instruction_41/sample_0/step_3.png' exists! Reading the file...
Path '/data/oss_bucket_0/qihang/gui_agent/images/ui_tars_zh_simulator/device1/instruction_41/sample_0/step_2.png' exists! Reading the file...
Model Thought/Action: {'action': 'error', 'thought': 'JSON decode error.'}
--- Step 4 ---
Path '/data/oss_bucket_0/qihang/gui_agent/images/ui_tars_zh_simulator/device1/instruction_41/sample_0/step_4.png' does not exist. Sleeping for 1 seconds...
Path '/data/oss_bucket_0/qihang/gui_agent/images/ui_tars_zh_simulator/device1/instruction_41/sample_0/step_4.png' does not exist. Sleeping for 1 seconds...
Path '/data/oss_bucket_0/qihang/gui_agent/images/ui_tars_zh_simulator/device1/instruction_41/sample_0/step_4.png' does not exist. Sleeping for 1 seconds...
Path '/data/oss_bucket_0/qihang/gui_agent/images/ui_tars_zh_simulator/device1/instruction_41/sample_0/step_4.png' does not exist. Sleeping for 1 seconds...
Path '/data/oss_bucket_0/qihang/gui_agent/images/ui_tars_zh_simulator/device1/instruction_41/sample_0/step_4.png' does not exist. Sleeping for 1 seconds...
Path '/data/oss_bucket_0/qihang/gui_agent/images/ui_tars_zh_simulator/device1/instruction_41/sample_0/step_4.png' does not exist. Sleeping for 1 seconds...
Path '/data/oss_bucket_0/qihang/gui_agent/images/ui_tars_zh_simulator/device1/instruction_41/sample_0/step_4.png' exists! Reading the file...
Path '/data/oss_bucket_0/qihang/gui_agent/images/ui_tars_zh_simulator/device1/instruction_41/sample_0/step_3.png' exists! Reading the file...
Model Thought/Action: {'action': 'error', 'thought': 'JSON decode error.'}
--- Step 5 ---
Path '/data/oss_bucket_0/qihang/gui_agent/images/ui_tars_zh_simulator/device1/instruction_41/sample_0/step_5.png' does not exist. Sleeping for 1 seconds...
Path '/data/oss_bucket_0/qihang/gui_agent/images/ui_tars_zh_simulator/device1/instruction_41/sample_0/step_5.png' does not exist. Sleeping for 1 seconds...
Path '/data/oss_bucket_0/qihang/gui_agent/images/ui_tars_zh_simulator/device1/instruction_41/sample_0/step_5.png' does not exist. Sleeping for 1 seconds...
Path '/data/oss_bucket_0/qihang/gui_agent/images/ui_tars_zh_simulator/device1/instruction_41/sample_0/step_5.png' does not exist. Sleeping for 1 seconds...
Path '/data/oss_bucket_0/qihang/gui_agent/images/ui_tars_zh_simulator/device1/instruction_41/sample_0/step_5.png' does not exist. Sleeping for 1 seconds...
Path '/data/oss_bucket_0/qihang/gui_agent/images/ui_tars_zh_simulator/device1/instruction_41/sample_0/step_5.png' does not exist. Sleeping for 1 seconds...
Path '/data/oss_bucket_0/qihang/gui_agent/images/ui_tars_zh_simulator/device1/instruction_41/sample_0/step_5.png' exists! Reading the file...
Path '/data/oss_bucket_0/qihang/gui_agent/images/ui_tars_zh_simulator/device1/instruction_41/sample_0/step_4.png' exists! Reading the file...
Model Thought/Action: {'action': 'error', 'thought': 'JSON decode error.'}
--- Step 6 ---
Path '/data/oss_bucket_0/qihang/gui_agent/images/ui_tars_zh_simulator/device1/instruction_41/sample_0/step_6.png' does not exist. Sleeping for 1 seconds...
Path '/data/oss_bucket_0/qihang/gui_agent/images/ui_tars_zh_simulator/device1/instruction_41/sample_0/step_6.png' does not exist. Sleeping for 1 seconds...
Path '/data/oss_bucket_0/qihang/gui_agent/images/ui_tars_zh_simulator/device1/instruction_41/sample_0/step_6.png' does not exist. Sleeping for 1 seconds...
Path '/data/oss_bucket_0/qihang/gui_agent/images/ui_tars_zh_simulator/device1/instruction_41/sample_0/step_6.png' does not exist. Sleeping for 1 seconds...
Path '/data/oss_bucket_0/qihang/gui_agent/images/ui_tars_zh_simulator/device1/instruction_41/sample_0/step_6.png' does not exist. Sleeping for 1 seconds...
Path '/data/oss_bucket_0/qihang/gui_agent/images/ui_tars_zh_simulator/device1/instruction_41/sample_0/step_6.png' does not exist. Sleeping for 1 seconds...
Path '/data/oss_bucket_0/qihang/gui_agent/images/ui_tars_zh_simulator/device1/instruction_41/sample_0/step_6.png' exists! Reading the file...
Path '/data/oss_bucket_0/qihang/gui_agent/images/ui_tars_zh_simulator/device1/instruction_41/sample_0/step_5.png' exists! Reading the file...
Model Thought/Action: {'action': 'error', 'thought': 'JSON decode error.'}
--- Step 7 ---
Path '/data/oss_bucket_0/qihang/gui_agent/images/ui_tars_zh_simulator/device1/instruction_41/sample_0/step_7.png' does not exist. Sleeping for 1 seconds...
Path '/data/oss_bucket_0/qihang/gui_agent/images/ui_tars_zh_simulator/device1/instruction_41/sample_0/step_7.png' does not exist. Sleeping for 1 seconds...
Path '/data/oss_bucket_0/qihang/gui_agent/images/ui_tars_zh_simulator/device1/instruction_41/sample_0/step_7.png' does not exist. Sleeping for 1 seconds...
Path '/data/oss_bucket_0/qihang/gui_agent/images/ui_tars_zh_simulator/device1/instruction_41/sample_0/step_7.png' does not exist. Sleeping for 1 seconds...
Path '/data/oss_bucket_0/qihang/gui_agent/images/ui_tars_zh_simulator/device1/instruction_41/sample_0/step_7.png' does not exist. Sleeping for 1 seconds...
Path '/data/oss_bucket_0/qihang/gui_agent/images/ui_tars_zh_simulator/device1/instruction_41/sample_0/step_7.png' does not exist. Sleeping for 1 seconds...
Path '/data/oss_bucket_0/qihang/gui_agent/images/ui_tars_zh_simulator/device1/instruction_41/sample_0/step_7.png' exists! Reading the file...
Path '/data/oss_bucket_0/qihang/gui_agent/images/ui_tars_zh_simulator/device1/instruction_41/sample_0/step_6.png' exists! Reading the file...
Model Thought/Action: {'action': 'error', 'thought': 'JSON decode error.'}
--- Step 8 ---
Path '/data/oss_bucket_0/qihang/gui_agent/images/ui_tars_zh_simulator/device1/instruction_41/sample_0/step_8.png' does not exist. Sleeping for 1 seconds...
Path '/data/oss_bucket_0/qihang/gui_agent/images/ui_tars_zh_simulator/device1/instruction_41/sample_0/step_8.png' does not exist. Sleeping for 1 seconds...
Path '/data/oss_bucket_0/qihang/gui_agent/images/ui_tars_zh_simulator/device1/instruction_41/sample_0/step_8.png' does not exist. Sleeping for 1 seconds...
Path '/data/oss_bucket_0/qihang/gui_agent/images/ui_tars_zh_simulator/device1/instruction_41/sample_0/step_8.png' does not exist. Sleeping for 1 seconds...
Path '/data/oss_bucket_0/qihang/gui_agent/images/ui_tars_zh_simulator/device1/instruction_41/sample_0/step_8.png' does not exist. Sleeping for 1 seconds...
Path '/data/oss_bucket_0/qihang/gui_agent/images/ui_tars_zh_simulator/device1/instruction_41/sample_0/step_8.png' does not exist. Sleeping for 1 seconds...
Path '/data/oss_bucket_0/qihang/gui_agent/images/ui_tars_zh_simulator/device1/instruction_41/sample_0/step_8.png' exists! Reading the file...
Path '/data/oss_bucket_0/qihang/gui_agent/images/ui_tars_zh_simulator/device1/instruction_41/sample_0/step_7.png' exists! Reading the file...
Model Thought/Action: {'action': 'error', 'thought': 'JSON decode error.'}
--- Step 9 ---
Path '/data/oss_bucket_0/qihang/gui_agent/images/ui_tars_zh_simulator/device1/instruction_41/sample_0/step_9.png' does not exist. Sleeping for 1 seconds...
Path '/data/oss_bucket_0/qihang/gui_agent/images/ui_tars_zh_simulator/device1/instruction_41/sample_0/step_9.png' does not exist. Sleeping for 1 seconds...
Path '/data/oss_bucket_0/qihang/gui_agent/images/ui_tars_zh_simulator/device1/instruction_41/sample_0/step_9.png' does not exist. Sleeping for 1 seconds...
Path '/data/oss_bucket_0/qihang/gui_agent/images/ui_tars_zh_simulator/device1/instruction_41/sample_0/step_9.png' does not exist. Sleeping for 1 seconds...
Path '/data/oss_bucket_0/qihang/gui_agent/images/ui_tars_zh_simulator/device1/instruction_41/sample_0/step_9.png' does not exist. Sleeping for 1 seconds...
Path '/data/oss_bucket_0/qihang/gui_agent/images/ui_tars_zh_simulator/device1/instruction_41/sample_0/step_9.png' does not exist. Sleeping for 1 seconds...
Path '/data/oss_bucket_0/qihang/gui_agent/images/ui_tars_zh_simulator/device1/instruction_41/sample_0/step_9.png' exists! Reading the file...
Path '/data/oss_bucket_0/qihang/gui_agent/images/ui_tars_zh_simulator/device1/instruction_41/sample_0/step_8.png' exists! Reading the file...
Model Thought/Action: {'action': 'error', 'thought': 'JSON decode error.'}
--- Step 10 ---
Path '/data/oss_bucket_0/qihang/gui_agent/images/ui_tars_zh_simulator/device1/instruction_41/sample_0/step_10.png' does not exist. Sleeping for 1 seconds...
Path '/data/oss_bucket_0/qihang/gui_agent/images/ui_tars_zh_simulator/device1/instruction_41/sample_0/step_10.png' does not exist. Sleeping for 1 seconds...
Path '/data/oss_bucket_0/qihang/gui_agent/images/ui_tars_zh_simulator/device1/instruction_41/sample_0/step_10.png' does not exist. Sleeping for 1 seconds...
Path '/data/oss_bucket_0/qihang/gui_agent/images/ui_tars_zh_simulator/device1/instruction_41/sample_0/step_10.png' does not exist. Sleeping for 1 seconds...
Path '/data/oss_bucket_0/qihang/gui_agent/images/ui_tars_zh_simulator/device1/instruction_41/sample_0/step_10.png' does not exist. Sleeping for 1 seconds...
Path '/data/oss_bucket_0/qihang/gui_agent/images/ui_tars_zh_simulator/device1/instruction_41/sample_0/step_10.png' does not exist. Sleeping for 1 seconds...
Path '/data/oss_bucket_0/qihang/gui_agent/images/ui_tars_zh_simulator/device1/instruction_41/sample_0/step_10.png' exists! Reading the file...
Path '/data/oss_bucket_0/qihang/gui_agent/images/ui_tars_zh_simulator/device1/instruction_41/sample_0/step_9.png' exists! Reading the file...
Model Thought/Action: {'action': 'error', 'thought': 'JSON decode error.'}
--- Step 11 ---
Path '/data/oss_bucket_0/qihang/gui_agent/images/ui_tars_zh_simulator/device1/instruction_41/sample_0/step_11.png' does not exist. Sleeping for 1 seconds...
Path '/data/oss_bucket_0/qihang/gui_agent/images/ui_tars_zh_simulator/device1/instruction_41/sample_0/step_11.png' does not exist. Sleeping for 1 seconds...
Path '/data/oss_bucket_0/qihang/gui_agent/images/ui_tars_zh_simulator/device1/instruction_41/sample_0/step_11.png' does not exist. Sleeping for 1 seconds...
Path '/data/oss_bucket_0/qihang/gui_agent/images/ui_tars_zh_simulator/device1/instruction_41/sample_0/step_11.png' does not exist. Sleeping for 1 seconds...
Path '/data/oss_bucket_0/qihang/gui_agent/images/ui_tars_zh_simulator/device1/instruction_41/sample_0/step_11.png' does not exist. Sleeping for 1 seconds...
Path '/data/oss_bucket_0/qihang/gui_agent/images/ui_tars_zh_simulator/device1/instruction_41/sample_0/step_11.png' does not exist. Sleeping for 1 seconds...
Path '/data/oss_bucket_0/qihang/gui_agent/images/ui_tars_zh_simulator/device1/instruction_41/sample_0/step_11.png' exists! Reading the file...
Path '/data/oss_bucket_0/qihang/gui_agent/images/ui_tars_zh_simulator/device1/instruction_41/sample_0/step_10.png' exists! Reading the file...
Model Thought/Action: {'action': 'error', 'thought': 'JSON decode error.'}
--- Step 12 ---
Path '/data/oss_bucket_0/qihang/gui_agent/images/ui_tars_zh_simulator/device1/instruction_41/sample_0/step_12.png' does not exist. Sleeping for 1 seconds...
Path '/data/oss_bucket_0/qihang/gui_agent/images/ui_tars_zh_simulator/device1/instruction_41/sample_0/step_12.png' does not exist. Sleeping for 1 seconds...
Path '/data/oss_bucket_0/qihang/gui_agent/images/ui_tars_zh_simulator/device1/instruction_41/sample_0/step_12.png' does not exist. Sleeping for 1 seconds...
Path '/data/oss_bucket_0/qihang/gui_agent/images/ui_tars_zh_simulator/device1/instruction_41/sample_0/step_12.png' does not exist. Sleeping for 1 seconds...
Path '/data/oss_bucket_0/qihang/gui_agent/images/ui_tars_zh_simulator/device1/instruction_41/sample_0/step_12.png' does not exist. Sleeping for 1 seconds...
Path '/data/oss_bucket_0/qihang/gui_agent/images/ui_tars_zh_simulator/device1/instruction_41/sample_0/step_12.png' does not exist. Sleeping for 1 seconds...
Path '/data/oss_bucket_0/qihang/gui_agent/images/ui_tars_zh_simulator/device1/instruction_41/sample_0/step_12.png' exists! Reading the file...
Path '/data/oss_bucket_0/qihang/gui_agent/images/ui_tars_zh_simulator/device1/instruction_41/sample_0/step_11.png' exists! Reading the file...
Model Thought/Action: {'action': 'error', 'thought': 'JSON decode error.'}
--- Step 13 ---
Path '/data/oss_bucket_0/qihang/gui_agent/images/ui_tars_zh_simulator/device1/instruction_41/sample_0/step_13.png' does not exist. Sleeping for 1 seconds...
Path '/data/oss_bucket_0/qihang/gui_agent/images/ui_tars_zh_simulator/device1/instruction_41/sample_0/step_13.png' does not exist. Sleeping for 1 seconds...
Path '/data/oss_bucket_0/qihang/gui_agent/images/ui_tars_zh_simulator/device1/instruction_41/sample_0/step_13.png' does not exist. Sleeping for 1 seconds...
Path '/data/oss_bucket_0/qihang/gui_agent/images/ui_tars_zh_simulator/device1/instruction_41/sample_0/step_13.png' does not exist. Sleeping for 1 seconds...
Path '/data/oss_bucket_0/qihang/gui_agent/images/ui_tars_zh_simulator/device1/instruction_41/sample_0/step_13.png' does not exist. Sleeping for 1 seconds...
Path '/data/oss_bucket_0/qihang/gui_agent/images/ui_tars_zh_simulator/device1/instruction_41/sample_0/step_13.png' does not exist. Sleeping for 1 seconds...
Path '/data/oss_bucket_0/qihang/gui_agent/images/ui_tars_zh_simulator/device1/instruction_41/sample_0/step_13.png' exists! Reading the file...
Path '/data/oss_bucket_0/qihang/gui_agent/images/ui_tars_zh_simulator/device1/instruction_41/sample_0/step_12.png' exists! Reading the file...
Model Thought/Action: {'action': 'error', 'thought': 'JSON decode error.'}
--- Step 14 ---
Path '/data/oss_bucket_0/qihang/gui_agent/images/ui_tars_zh_simulator/device1/instruction_41/sample_0/step_14.png' does not exist. Sleeping for 1 seconds...
Path '/data/oss_bucket_0/qihang/gui_agent/images/ui_tars_zh_simulator/device1/instruction_41/sample_0/step_14.png' does not exist. Sleeping for 1 seconds...
Path '/data/oss_bucket_0/qihang/gui_agent/images/ui_tars_zh_simulator/device1/instruction_41/sample_0/step_14.png' does not exist. Sleeping for 1 seconds...
Path '/data/oss_bucket_0/qihang/gui_agent/images/ui_tars_zh_simulator/device1/instruction_41/sample_0/step_14.png' does not exist. Sleeping for 1 seconds...
Path '/data/oss_bucket_0/qihang/gui_agent/images/ui_tars_zh_simulator/device1/instruction_41/sample_0/step_14.png' does not exist. Sleeping for 1 seconds...
Path '/data/oss_bucket_0/qihang/gui_agent/images/ui_tars_zh_simulator/device1/instruction_41/sample_0/step_14.png' does not exist. Sleeping for 1 seconds...
Path '/data/oss_bucket_0/qihang/gui_agent/images/ui_tars_zh_simulator/device1/instruction_41/sample_0/step_14.png' exists! Reading the file...
Path '/data/oss_bucket_0/qihang/gui_agent/images/ui_tars_zh_simulator/device1/instruction_41/sample_0/step_13.png' exists! Reading the file...
Model Thought/Action: {'action': 'error', 'thought': 'JSON decode error.'}
--- Judging with GPT-4o ---
GPT-4o Evaluation Response: {'reason': 'The agent repeatedly attempts to click on the same location without any progress or change in the GUI, indicating a failure to open the Bilibili application. The task of renewing the Bilibili membership is not approached, let alone completed. There is no evidence of any meaningful interaction or progress towards the task goal. Additionally, there is no user interaction initiated for any necessary steps like login or payment.', 'reward': 0, 'status': 'failure', 'inquiry': 'failure'}
Evaluating Instructions: 100%|██████████| 41/41 [2:00:20<00:00, 188.52s/it]Evaluating Instructions: 100%|██████████| 41/41 [2:00:20<00:00, 176.11s/it]

===== Evaluation Finished =====
